id,text,category,urgency,locality,lat,lng,family,split,is_synthetic
SYN-00001,Garbage has not been collected near Hazratganj; minor inconvenience with no immediate danger.,Garbage,Low,Hazratganj,26.847258,80.9443,Garbage-0,train,True
SYN-00002,Garbage has not been collected near Gomti Nagar; minor inconvenience with no immediate danger.,Garbage,Low,Gomti Nagar,26.8571,81.002893,Garbage-0,train,True
SYN-00003,Garbage has not been collected near Aliganj; minor inconvenience with no immediate danger.,Garbage,Low,Aliganj,26.898946,80.945707,Garbage-0,train,True
SYN-00004,Garbage has not been collected near Alambagh; minor inconvenience with no immediate danger.,Garbage,Low,Alambagh,26.813569,80.900348,Garbage-0,train,True
SYN-00005,Garbage has not been collected near Indira Nagar; minor inconvenience with no immediate danger.,Garbage,Low,Indira Nagar,26.882688,80.993119,Garbage-0,train,True
SYN-00006,Garbage has not been collected near Chowk; minor inconvenience with no immediate danger.,Garbage,Low,Chowk,26.858875,80.913021,Garbage-0,train,True
SYN-00007,Garbage has not been collected near Hazratganj; routine maintenance requested.,Garbage,Low,Hazratganj,26.844806,80.944995,Garbage-0,train,True
SYN-00008,Garbage has not been collected near Gomti Nagar; routine maintenance requested.,Garbage,Low,Gomti Nagar,26.8586,81.00418,Garbage-0,train,True
SYN-00009,Garbage has not been collected near Aliganj; routine maintenance requested.,Garbage,Low,Aliganj,26.896882,80.945357,Garbage-0,train,True
SYN-00010,Garbage has not been collected near Alambagh; routine maintenance requested.,Garbage,Low,Alambagh,26.813238,80.900026,Garbage-0,train,True
SYN-00011,Garbage has not been collected near Indira Nagar; routine maintenance requested.,Garbage,Low,Indira Nagar,26.884223,80.995793,Garbage-0,train,True
SYN-00012,Garbage has not been collected near Chowk; routine maintenance requested.,Garbage,Low,Chowk,26.859361,80.911622,Garbage-0,train,True
SYN-00013,Garbage has not been collected near Hazratganj; small issue and access remains open.,Garbage,Low,Hazratganj,26.848529,80.945546,Garbage-0,train,True
SYN-00014,Garbage has not been collected near Gomti Nagar; small issue and access remains open.,Garbage,Low,Gomti Nagar,26.856371,81.002387,Garbage-0,train,True
SYN-00015,Garbage has not been collected near Aliganj; small issue and access remains open.,Garbage,Low,Aliganj,26.89939,80.945415,Garbage-0,train,True
SYN-00016,Garbage has not been collected near Alambagh; small issue and access remains open.,Garbage,Low,Alambagh,26.813229,80.902919,Garbage-0,train,True
SYN-00017,Garbage has not been collected near Indira Nagar; small issue and access remains open.,Garbage,Low,Indira Nagar,26.883145,80.996892,Garbage-0,train,True
SYN-00018,Garbage has not been collected near Chowk; small issue and access remains open.,Garbage,Low,Chowk,26.859514,80.913208,Garbage-0,train,True
SYN-00019,Garbage has not been collected near Hazratganj; halki dikkat hai.,Garbage,Low,Hazratganj,26.848018,80.946674,Garbage-0,train,True
SYN-00020,Garbage has not been collected near Gomti Nagar; halki dikkat hai.,Garbage,Low,Gomti Nagar,26.859447,81.004309,Garbage-0,train,True
SYN-00021,Garbage has not been collected near Aliganj; halki dikkat hai.,Garbage,Low,Aliganj,26.898818,80.943183,Garbage-0,train,True
SYN-00022,Garbage has not been collected near Alambagh; halki dikkat hai.,Garbage,Low,Alambagh,26.810912,80.901158,Garbage-0,train,True
SYN-00023,Garbage has not been collected near Indira Nagar; halki dikkat hai.,Garbage,Low,Indira Nagar,26.881319,80.993931,Garbage-0,train,True
SYN-00024,Garbage has not been collected near Chowk; halki dikkat hai.,Garbage,Low,Chowk,26.858404,80.912112,Garbage-0,train,True
SYN-00025,Garbage has not been collected near Hazratganj; affecting several households for two days.,Garbage,Medium,Hazratganj,26.847243,80.945659,Garbage-0,train,True
SYN-00026,Garbage has not been collected near Gomti Nagar; affecting several households for two days.,Garbage,Medium,Gomti Nagar,26.857481,81.002838,Garbage-0,train,True
SYN-00027,Garbage has not been collected near Aliganj; affecting several households for two days.,Garbage,Medium,Aliganj,26.897068,80.946747,Garbage-0,train,True
SYN-00028,Garbage has not been collected near Alambagh; affecting several households for two days.,Garbage,Medium,Alambagh,26.812592,80.902437,Garbage-0,train,True
SYN-00029,Garbage has not been collected near Indira Nagar; affecting several households for two days.,Garbage,Medium,Indira Nagar,26.881685,80.995917,Garbage-0,train,True
SYN-00030,Garbage has not been collected near Chowk; affecting several households for two days.,Garbage,Medium,Chowk,26.858654,80.912518,Garbage-0,train,True
SYN-00031,Garbage has not been collected near Hazratganj; repeated problem disrupting daily use.,Garbage,Medium,Hazratganj,26.848658,80.94676,Garbage-0,train,True
SYN-00032,Garbage has not been collected near Gomti Nagar; repeated problem disrupting daily use.,Garbage,Medium,Gomti Nagar,26.858228,81.004738,Garbage-0,train,True
SYN-00033,Garbage has not been collected near Aliganj; repeated problem disrupting daily use.,Garbage,Medium,Aliganj,26.899371,80.946104,Garbage-0,train,True
SYN-00034,Garbage has not been collected near Alambagh; repeated problem disrupting daily use.,Garbage,Medium,Alambagh,26.810916,80.900128,Garbage-0,train,True
SYN-00035,Garbage has not been collected near Indira Nagar; repeated problem disrupting daily use.,Garbage,Medium,Indira Nagar,26.882262,80.994071,Garbage-0,train,True
SYN-00036,Garbage has not been collected near Chowk; repeated problem disrupting daily use.,Garbage,Medium,Chowk,26.858844,80.914772,Garbage-0,train,True
SYN-00037,Garbage has not been collected near Hazratganj; residents have difficulty using this lane.,Garbage,Medium,Hazratganj,26.848205,80.945459,Garbage-0,train,True
SYN-00038,Garbage has not been collected near Gomti Nagar; residents have difficulty using this lane.,Garbage,Medium,Gomti Nagar,26.858622,81.003583,Garbage-0,train,True
SYN-00039,Garbage has not been collected near Aliganj; residents have difficulty using this lane.,Garbage,Medium,Aliganj,26.899658,80.944835,Garbage-0,train,True
SYN-00040,Garbage has not been collected near Alambagh; residents have difficulty using this lane.,Garbage,Medium,Alambagh,26.81106,80.900987,Garbage-0,train,True
SYN-00041,Garbage has not been collected near Indira Nagar; residents have difficulty using this lane.,Garbage,Medium,Indira Nagar,26.883245,80.994051,Garbage-0,train,True
SYN-00042,Garbage has not been collected near Chowk; residents have difficulty using this lane.,Garbage,Medium,Chowk,26.860338,80.914591,Garbage-0,train,True
SYN-00043,Garbage has not been collected near Hazratganj; do din se pareshani hai.,Garbage,Medium,Hazratganj,26.846298,80.945077,Garbage-0,train,True
SYN-00044,Garbage has not been collected near Gomti Nagar; do din se pareshani hai.,Garbage,Medium,Gomti Nagar,26.85999,81.004038,Garbage-0,train,True
SYN-00045,Garbage has not been collected near Aliganj; do din se pareshani hai.,Garbage,Medium,Aliganj,26.896364,80.943188,Garbage-0,train,True
SYN-00046,Garbage has not been collected near Alambagh; do din se pareshani hai.,Garbage,Medium,Alambagh,26.810439,80.90251,Garbage-0,train,True
SYN-00047,Garbage has not been collected near Indira Nagar; do din se pareshani hai.,Garbage,Medium,Indira Nagar,26.884168,80.994689,Garbage-0,train,True
SYN-00048,Garbage has not been collected near Chowk; do din se pareshani hai.,Garbage,Medium,Chowk,26.858254,80.912526,Garbage-0,train,True
SYN-00049,Garbage has not been collected near Hazratganj; someone is injured and needs urgent help.,Garbage,High,Hazratganj,26.848684,80.946316,Garbage-0,train,True
SYN-00050,Garbage has not been collected near Gomti Nagar; someone is injured and needs urgent help.,Garbage,High,Gomti Nagar,26.859884,81.005443,Garbage-0,train,True
SYN-00051,Garbage has not been collected near Aliganj; someone is injured and needs urgent help.,Garbage,High,Aliganj,26.896046,80.945883,Garbage-0,train,True
SYN-00052,Garbage has not been collected near Alambagh; someone is injured and needs urgent help.,Garbage,High,Alambagh,26.812727,80.902148,Garbage-0,train,True
SYN-00053,Garbage has not been collected near Indira Nagar; someone is injured and needs urgent help.,Garbage,High,Indira Nagar,26.882067,80.995564,Garbage-0,train,True
SYN-00054,Garbage has not been collected near Chowk; someone is injured and needs urgent help.,Garbage,High,Chowk,26.858446,80.912739,Garbage-0,train,True
SYN-00055,Garbage has not been collected near Hazratganj; exposed live wire creates an electrocution risk.,Garbage,High,Hazratganj,26.846515,80.948015,Garbage-0,train,True
SYN-00056,Garbage has not been collected near Gomti Nagar; exposed live wire creates an electrocution risk.,Garbage,High,Gomti Nagar,26.859503,81.003054,Garbage-0,train,True
SYN-00057,Garbage has not been collected near Aliganj; exposed live wire creates an electrocution risk.,Garbage,High,Aliganj,26.898002,80.943715,Garbage-0,train,True
SYN-00058,Garbage has not been collected near Alambagh; exposed live wire creates an electrocution risk.,Garbage,High,Alambagh,26.813651,80.903482,Garbage-0,train,True
SYN-00059,Garbage has not been collected near Indira Nagar; exposed live wire creates an electrocution risk.,Garbage,High,Indira Nagar,26.882194,80.995556,Garbage-0,train,True
SYN-00060,Garbage has not been collected near Chowk; exposed live wire creates an electrocution risk.,Garbage,High,Chowk,26.860436,80.911611,Garbage-0,train,True
SYN-00061,Garbage has not been collected near Hazratganj; contamination is making children sick.,Garbage,High,Hazratganj,26.84775,80.946358,Garbage-0,train,True
SYN-00062,Garbage has not been collected near Gomti Nagar; contamination is making children sick.,Garbage,High,Gomti Nagar,26.859115,81.004121,Garbage-0,train,True
SYN-00063,Garbage has not been collected near Aliganj; contamination is making children sick.,Garbage,High,Aliganj,26.896002,80.944297,Garbage-0,train,True
SYN-00064,Garbage has not been collected near Alambagh; contamination is making children sick.,Garbage,High,Alambagh,26.810078,80.903716,Garbage-0,train,True
SYN-00065,Garbage has not been collected near Indira Nagar; contamination is making children sick.,Garbage,High,Indira Nagar,26.884515,80.996327,Garbage-0,train,True
SYN-00066,Garbage has not been collected near Chowk; contamination is making children sick.,Garbage,High,Chowk,26.85923,80.911232,Garbage-0,train,True
SYN-00067,Garbage has not been collected near Hazratganj; ambulance access is blocked.,Garbage,High,Hazratganj,26.848212,80.947988,Garbage-0,train,True
SYN-00068,Garbage has not been collected near Gomti Nagar; ambulance access is blocked.,Garbage,High,Gomti Nagar,26.856343,81.003944,Garbage-0,train,True
SYN-00069,Garbage has not been collected near Aliganj; ambulance access is blocked.,Garbage,High,Aliganj,26.896277,80.946042,Garbage-0,train,True
SYN-00070,Garbage has not been collected near Alambagh; ambulance access is blocked.,Garbage,High,Alambagh,26.813063,80.900514,Garbage-0,train,True
SYN-00071,Garbage has not been collected near Indira Nagar; ambulance access is blocked.,Garbage,High,Indira Nagar,26.882901,80.995199,Garbage-0,train,True
SYN-00072,Garbage has not been collected near Chowk; ambulance access is blocked.,Garbage,High,Chowk,26.85906,80.91449,Garbage-0,train,True
SYN-00073,Rubbish is piled beside the road near Hazratganj; minor inconvenience with no immediate danger.,Garbage,Low,Hazratganj,26.846393,80.945047,Garbage-1,train,True
SYN-00074,Rubbish is piled beside the road near Gomti Nagar; minor inconvenience with no immediate danger.,Garbage,Low,Gomti Nagar,26.858157,81.00492,Garbage-1,train,True
SYN-00075,Rubbish is piled beside the road near Aliganj; minor inconvenience with no immediate danger.,Garbage,Low,Aliganj,26.896805,80.944247,Garbage-1,train,True
SYN-00076,Rubbish is piled beside the road near Alambagh; minor inconvenience with no immediate danger.,Garbage,Low,Alambagh,26.813981,80.9026,Garbage-1,train,True
SYN-00077,Rubbish is piled beside the road near Indira Nagar; minor inconvenience with no immediate danger.,Garbage,Low,Indira Nagar,26.882752,80.99507,Garbage-1,train,True
SYN-00078,Rubbish is piled beside the road near Chowk; minor inconvenience with no immediate danger.,Garbage,Low,Chowk,26.858484,80.911899,Garbage-1,train,True
SYN-00079,Rubbish is piled beside the road near Hazratganj; routine maintenance requested.,Garbage,Low,Hazratganj,26.846052,80.946553,Garbage-1,train,True
SYN-00080,Rubbish is piled beside the road near Gomti Nagar; routine maintenance requested.,Garbage,Low,Gomti Nagar,26.85692,81.002881,Garbage-1,train,True
SYN-00081,Rubbish is piled beside the road near Aliganj; routine maintenance requested.,Garbage,Low,Aliganj,26.896284,80.945524,Garbage-1,train,True
SYN-00082,Rubbish is piled beside the road near Alambagh; routine maintenance requested.,Garbage,Low,Alambagh,26.810916,80.903622,Garbage-1,train,True
SYN-00083,Rubbish is piled beside the road near Indira Nagar; routine maintenance requested.,Garbage,Low,Indira Nagar,26.884439,80.993283,Garbage-1,train,True
SYN-00084,Rubbish is piled beside the road near Chowk; routine maintenance requested.,Garbage,Low,Chowk,26.858952,80.913676,Garbage-1,train,True
SYN-00085,Rubbish is piled beside the road near Hazratganj; small issue and access remains open.,Garbage,Low,Hazratganj,26.845557,80.944729,Garbage-1,train,True
SYN-00086,Rubbish is piled beside the road near Gomti Nagar; small issue and access remains open.,Garbage,Low,Gomti Nagar,26.859742,81.004284,Garbage-1,train,True
SYN-00087,Rubbish is piled beside the road near Aliganj; small issue and access remains open.,Garbage,Low,Aliganj,26.897891,80.946138,Garbage-1,train,True
SYN-00088,Rubbish is piled beside the road near Alambagh; small issue and access remains open.,Garbage,Low,Alambagh,26.81323,80.900762,Garbage-1,train,True
SYN-00089,Rubbish is piled beside the road near Indira Nagar; small issue and access remains open.,Garbage,Low,Indira Nagar,26.881388,80.994724,Garbage-1,train,True
SYN-00090,Rubbish is piled beside the road near Chowk; small issue and access remains open.,Garbage,Low,Chowk,26.859694,80.912868,Garbage-1,train,True
SYN-00091,Rubbish is piled beside the road near Hazratganj; halki dikkat hai.,Garbage,Low,Hazratganj,26.847616,80.946893,Garbage-1,train,True
SYN-00092,Rubbish is piled beside the road near Gomti Nagar; halki dikkat hai.,Garbage,Low,Gomti Nagar,26.859937,81.002394,Garbage-1,train,True
SYN-00093,Rubbish is piled beside the road near Aliganj; halki dikkat hai.,Garbage,Low,Aliganj,26.89761,80.944357,Garbage-1,train,True
SYN-00094,Rubbish is piled beside the road near Alambagh; halki dikkat hai.,Garbage,Low,Alambagh,26.813447,80.900995,Garbage-1,train,True
SYN-00095,Rubbish is piled beside the road near Indira Nagar; halki dikkat hai.,Garbage,Low,Indira Nagar,26.881761,80.994794,Garbage-1,train,True
SYN-00096,Rubbish is piled beside the road near Chowk; halki dikkat hai.,Garbage,Low,Chowk,26.859688,80.912114,Garbage-1,train,True
SYN-00097,Rubbish is piled beside the road near Hazratganj; affecting several households for two days.,Garbage,Medium,Hazratganj,26.845699,80.947893,Garbage-1,train,True
SYN-00098,Rubbish is piled beside the road near Gomti Nagar; affecting several households for two days.,Garbage,Medium,Gomti Nagar,26.857773,81.005445,Garbage-1,train,True
SYN-00099,Rubbish is piled beside the road near Aliganj; affecting several households for two days.,Garbage,Medium,Aliganj,26.898201,80.943202,Garbage-1,train,True
SYN-00100,Rubbish is piled beside the road near Alambagh; affecting several households for two days.,Garbage,Medium,Alambagh,26.813997,80.903344,Garbage-1,train,True
SYN-00101,Rubbish is piled beside the road near Indira Nagar; affecting several households for two days.,Garbage,Medium,Indira Nagar,26.884876,80.996705,Garbage-1,train,True
SYN-00102,Rubbish is piled beside the road near Chowk; affecting several households for two days.,Garbage,Medium,Chowk,26.861395,80.911665,Garbage-1,train,True
SYN-00103,Rubbish is piled beside the road near Hazratganj; repeated problem disrupting daily use.,Garbage,Medium,Hazratganj,26.846643,80.945055,Garbage-1,train,True
SYN-00104,Rubbish is piled beside the road near Gomti Nagar; repeated problem disrupting daily use.,Garbage,Medium,Gomti Nagar,26.857604,81.002235,Garbage-1,train,True
SYN-00105,Rubbish is piled beside the road near Aliganj; repeated problem disrupting daily use.,Garbage,Medium,Aliganj,26.897516,80.946941,Garbage-1,train,True
SYN-00106,Rubbish is piled beside the road near Alambagh; repeated problem disrupting daily use.,Garbage,Medium,Alambagh,26.811061,80.903136,Garbage-1,train,True
SYN-00107,Rubbish is piled beside the road near Indira Nagar; repeated problem disrupting daily use.,Garbage,Medium,Indira Nagar,26.88282,80.994692,Garbage-1,train,True
SYN-00108,Rubbish is piled beside the road near Chowk; repeated problem disrupting daily use.,Garbage,Medium,Chowk,26.861829,80.914982,Garbage-1,train,True
SYN-00109,Rubbish is piled beside the road near Hazratganj; residents have difficulty using this lane.,Garbage,Medium,Hazratganj,26.846923,80.947074,Garbage-1,train,True
SYN-00110,Rubbish is piled beside the road near Gomti Nagar; residents have difficulty using this lane.,Garbage,Medium,Gomti Nagar,26.856619,81.003187,Garbage-1,train,True
SYN-00111,Rubbish is piled beside the road near Aliganj; residents have difficulty using this lane.,Garbage,Medium,Aliganj,26.899875,80.945317,Garbage-1,train,True
SYN-00112,Rubbish is piled beside the road near Alambagh; residents have difficulty using this lane.,Garbage,Medium,Alambagh,26.812169,80.902992,Garbage-1,train,True
SYN-00113,Rubbish is piled beside the road near Indira Nagar; residents have difficulty using this lane.,Garbage,Medium,Indira Nagar,26.881229,80.995337,Garbage-1,train,True
SYN-00114,Rubbish is piled beside the road near Chowk; residents have difficulty using this lane.,Garbage,Medium,Chowk,26.860011,80.914411,Garbage-1,train,True
SYN-00115,Rubbish is piled beside the road near Hazratganj; do din se pareshani hai.,Garbage,Medium,Hazratganj,26.84533,80.948043,Garbage-1,train,True
SYN-00116,Rubbish is piled beside the road near Gomti Nagar; do din se pareshani hai.,Garbage,Medium,Gomti Nagar,26.85632,81.002743,Garbage-1,train,True
SYN-00117,Rubbish is piled beside the road near Aliganj; do din se pareshani hai.,Garbage,Medium,Aliganj,26.89838,80.945701,Garbage-1,train,True
SYN-00118,Rubbish is piled beside the road near Alambagh; do din se pareshani hai.,Garbage,Medium,Alambagh,26.810941,80.90048,Garbage-1,train,True
SYN-00119,Rubbish is piled beside the road near Indira Nagar; do din se pareshani hai.,Garbage,Medium,Indira Nagar,26.884561,80.993985,Garbage-1,train,True
SYN-00120,Rubbish is piled beside the road near Chowk; do din se pareshani hai.,Garbage,Medium,Chowk,26.860378,80.913478,Garbage-1,train,True
SYN-00121,Rubbish is piled beside the road near Hazratganj; someone is injured and needs urgent help.,Garbage,High,Hazratganj,26.846377,80.946535,Garbage-1,train,True
SYN-00122,Rubbish is piled beside the road near Gomti Nagar; someone is injured and needs urgent help.,Garbage,High,Gomti Nagar,26.858091,81.005739,Garbage-1,train,True
SYN-00123,Rubbish is piled beside the road near Aliganj; someone is injured and needs urgent help.,Garbage,High,Aliganj,26.896817,80.945865,Garbage-1,train,True
SYN-00124,Rubbish is piled beside the road near Alambagh; someone is injured and needs urgent help.,Garbage,High,Alambagh,26.810955,80.901583,Garbage-1,train,True
SYN-00125,Rubbish is piled beside the road near Indira Nagar; someone is injured and needs urgent help.,Garbage,High,Indira Nagar,26.883687,80.9942,Garbage-1,train,True
SYN-00126,Rubbish is piled beside the road near Chowk; someone is injured and needs urgent help.,Garbage,High,Chowk,26.859265,80.914007,Garbage-1,train,True
SYN-00127,Rubbish is piled beside the road near Hazratganj; exposed live wire creates an electrocution risk.,Garbage,High,Hazratganj,26.84499,80.946033,Garbage-1,train,True
SYN-00128,Rubbish is piled beside the road near Gomti Nagar; exposed live wire creates an electrocution risk.,Garbage,High,Gomti Nagar,26.859994,81.005984,Garbage-1,train,True
SYN-00129,Rubbish is piled beside the road near Aliganj; exposed live wire creates an electrocution risk.,Garbage,High,Aliganj,26.896293,80.943853,Garbage-1,train,True
SYN-00130,Rubbish is piled beside the road near Alambagh; exposed live wire creates an electrocution risk.,Garbage,High,Alambagh,26.811061,80.903733,Garbage-1,train,True
SYN-00131,Rubbish is piled beside the road near Indira Nagar; exposed live wire creates an electrocution risk.,Garbage,High,Indira Nagar,26.884523,80.996517,Garbage-1,train,True
SYN-00132,Rubbish is piled beside the road near Chowk; exposed live wire creates an electrocution risk.,Garbage,High,Chowk,26.859478,80.911631,Garbage-1,train,True
SYN-00133,Rubbish is piled beside the road near Hazratganj; contamination is making children sick.,Garbage,High,Hazratganj,26.848035,80.947014,Garbage-1,train,True
SYN-00134,Rubbish is piled beside the road near Gomti Nagar; contamination is making children sick.,Garbage,High,Gomti Nagar,26.858447,81.005949,Garbage-1,train,True
SYN-00135,Rubbish is piled beside the road near Aliganj; contamination is making children sick.,Garbage,High,Aliganj,26.898616,80.943031,Garbage-1,train,True
SYN-00136,Rubbish is piled beside the road near Alambagh; contamination is making children sick.,Garbage,High,Alambagh,26.813268,80.901198,Garbage-1,train,True
SYN-00137,Rubbish is piled beside the road near Indira Nagar; contamination is making children sick.,Garbage,High,Indira Nagar,26.883654,80.996756,Garbage-1,train,True
SYN-00138,Rubbish is piled beside the road near Chowk; contamination is making children sick.,Garbage,High,Chowk,26.858537,80.911462,Garbage-1,train,True
SYN-00139,Rubbish is piled beside the road near Hazratganj; ambulance access is blocked.,Garbage,High,Hazratganj,26.845128,80.946413,Garbage-1,train,True
SYN-00140,Rubbish is piled beside the road near Gomti Nagar; ambulance access is blocked.,Garbage,High,Gomti Nagar,26.857089,81.004419,Garbage-1,train,True
SYN-00141,Rubbish is piled beside the road near Aliganj; ambulance access is blocked.,Garbage,High,Aliganj,26.89887,80.943814,Garbage-1,train,True
SYN-00142,Rubbish is piled beside the road near Alambagh; ambulance access is blocked.,Garbage,High,Alambagh,26.812537,80.901056,Garbage-1,train,True
SYN-00143,Rubbish is piled beside the road near Indira Nagar; ambulance access is blocked.,Garbage,High,Indira Nagar,26.882954,80.996621,Garbage-1,train,True
SYN-00144,Rubbish is piled beside the road near Chowk; ambulance access is blocked.,Garbage,High,Chowk,26.861384,80.911369,Garbage-1,train,True
SYN-00145,Waste collection truck has not arrived near Hazratganj; minor inconvenience with no immediate danger.,Garbage,Low,Hazratganj,26.846394,80.945307,Garbage-2,train,True
SYN-00146,Waste collection truck has not arrived near Gomti Nagar; minor inconvenience with no immediate danger.,Garbage,Low,Gomti Nagar,26.856014,81.005084,Garbage-2,train,True
SYN-00147,Waste collection truck has not arrived near Aliganj; minor inconvenience with no immediate danger.,Garbage,Low,Aliganj,26.898548,80.944048,Garbage-2,train,True
SYN-00148,Waste collection truck has not arrived near Alambagh; minor inconvenience with no immediate danger.,Garbage,Low,Alambagh,26.812965,80.902207,Garbage-2,train,True
SYN-00149,Waste collection truck has not arrived near Indira Nagar; minor inconvenience with no immediate danger.,Garbage,Low,Indira Nagar,26.882711,80.993039,Garbage-2,train,True
SYN-00150,Waste collection truck has not arrived near Chowk; minor inconvenience with no immediate danger.,Garbage,Low,Chowk,26.858301,80.914532,Garbage-2,train,True
SYN-00151,Waste collection truck has not arrived near Hazratganj; routine maintenance requested.,Garbage,Low,Hazratganj,26.848316,80.946382,Garbage-2,train,True
SYN-00152,Waste collection truck has not arrived near Gomti Nagar; routine maintenance requested.,Garbage,Low,Gomti Nagar,26.859338,81.00433,Garbage-2,train,True
SYN-00153,Waste collection truck has not arrived near Aliganj; routine maintenance requested.,Garbage,Low,Aliganj,26.896592,80.94351,Garbage-2,train,True
SYN-00154,Waste collection truck has not arrived near Alambagh; routine maintenance requested.,Garbage,Low,Alambagh,26.811233,80.903596,Garbage-2,train,True
SYN-00155,Waste collection truck has not arrived near Indira Nagar; routine maintenance requested.,Garbage,Low,Indira Nagar,26.884184,80.996443,Garbage-2,train,True
SYN-00156,Waste collection truck has not arrived near Chowk; routine maintenance requested.,Garbage,Low,Chowk,26.861596,80.91184,Garbage-2,train,True
SYN-00157,Waste collection truck has not arrived near Hazratganj; small issue and access remains open.,Garbage,Low,Hazratganj,26.845698,80.944611,Garbage-2,train,True
SYN-00158,Waste collection truck has not arrived near Gomti Nagar; small issue and access remains open.,Garbage,Low,Gomti Nagar,26.85912,81.005537,Garbage-2,train,True
SYN-00159,Waste collection truck has not arrived near Aliganj; small issue and access remains open.,Garbage,Low,Aliganj,26.897626,80.945483,Garbage-2,train,True
SYN-00160,Waste collection truck has not arrived near Alambagh; small issue and access remains open.,Garbage,Low,Alambagh,26.810618,80.90372,Garbage-2,train,True
SYN-00161,Waste collection truck has not arrived near Indira Nagar; small issue and access remains open.,Garbage,Low,Indira Nagar,26.884458,80.996905,Garbage-2,train,True
SYN-00162,Waste collection truck has not arrived near Chowk; small issue and access remains open.,Garbage,Low,Chowk,26.861243,80.914526,Garbage-2,train,True
SYN-00163,Waste collection truck has not arrived near Hazratganj; halki dikkat hai.,Garbage,Low,Hazratganj,26.844799,80.947146,Garbage-2,train,True
SYN-00164,Waste collection truck has not arrived near Gomti Nagar; halki dikkat hai.,Garbage,Low,Gomti Nagar,26.857329,81.005723,Garbage-2,train,True
SYN-00165,Waste collection truck has not arrived near Aliganj; halki dikkat hai.,Garbage,Low,Aliganj,26.899209,80.946456,Garbage-2,train,True
SYN-00166,Waste collection truck has not arrived near Alambagh; halki dikkat hai.,Garbage,Low,Alambagh,26.813243,80.901067,Garbage-2,train,True
SYN-00167,Waste collection truck has not arrived near Indira Nagar; halki dikkat hai.,Garbage,Low,Indira Nagar,26.884149,80.993432,Garbage-2,train,True
SYN-00168,Waste collection truck has not arrived near Chowk; halki dikkat hai.,Garbage,Low,Chowk,26.861489,80.914434,Garbage-2,train,True
SYN-00169,Waste collection truck has not arrived near Hazratganj; affecting several households for two days.,Garbage,Medium,Hazratganj,26.84559,80.947466,Garbage-2,train,True
SYN-00170,Waste collection truck has not arrived near Gomti Nagar; affecting several households for two days.,Garbage,Medium,Gomti Nagar,26.857841,81.003221,Garbage-2,train,True
SYN-00171,Waste collection truck has not arrived near Aliganj; affecting several households for two days.,Garbage,Medium,Aliganj,26.899181,80.94391,Garbage-2,train,True
SYN-00172,Waste collection truck has not arrived near Alambagh; affecting several households for two days.,Garbage,Medium,Alambagh,26.810095,80.900773,Garbage-2,train,True
SYN-00173,Waste collection truck has not arrived near Indira Nagar; affecting several households for two days.,Garbage,Medium,Indira Nagar,26.882313,80.996457,Garbage-2,train,True
SYN-00174,Waste collection truck has not arrived near Chowk; affecting several households for two days.,Garbage,Medium,Chowk,26.861868,80.912116,Garbage-2,train,True
SYN-00175,Waste collection truck has not arrived near Hazratganj; repeated problem disrupting daily use.,Garbage,Medium,Hazratganj,26.847266,80.945799,Garbage-2,train,True
SYN-00176,Waste collection truck has not arrived near Gomti Nagar; repeated problem disrupting daily use.,Garbage,Medium,Gomti Nagar,26.859925,81.004145,Garbage-2,train,True
SYN-00177,Waste collection truck has not arrived near Aliganj; repeated problem disrupting daily use.,Garbage,Medium,Aliganj,26.899757,80.943461,Garbage-2,train,True
SYN-00178,Waste collection truck has not arrived near Alambagh; repeated problem disrupting daily use.,Garbage,Medium,Alambagh,26.813882,80.900714,Garbage-2,train,True
SYN-00179,Waste collection truck has not arrived near Indira Nagar; repeated problem disrupting daily use.,Garbage,Medium,Indira Nagar,26.88485,80.994062,Garbage-2,train,True
SYN-00180,Waste collection truck has not arrived near Chowk; repeated problem disrupting daily use.,Garbage,Medium,Chowk,26.858434,80.912738,Garbage-2,train,True
SYN-00181,Waste collection truck has not arrived near Hazratganj; residents have difficulty using this lane.,Garbage,Medium,Hazratganj,26.847614,80.945455,Garbage-2,train,True
SYN-00182,Waste collection truck has not arrived near Gomti Nagar; residents have difficulty using this lane.,Garbage,Medium,Gomti Nagar,26.858425,81.004046,Garbage-2,train,True
SYN-00183,Waste collection truck has not arrived near Aliganj; residents have difficulty using this lane.,Garbage,Medium,Aliganj,26.897541,80.945306,Garbage-2,train,True
SYN-00184,Waste collection truck has not arrived near Alambagh; residents have difficulty using this lane.,Garbage,Medium,Alambagh,26.811019,80.902835,Garbage-2,train,True
SYN-00185,Waste collection truck has not arrived near Indira Nagar; residents have difficulty using this lane.,Garbage,Medium,Indira Nagar,26.881007,80.996702,Garbage-2,train,True
SYN-00186,Waste collection truck has not arrived near Chowk; residents have difficulty using this lane.,Garbage,Medium,Chowk,26.860154,80.913878,Garbage-2,train,True
SYN-00187,Waste collection truck has not arrived near Hazratganj; do din se pareshani hai.,Garbage,Medium,Hazratganj,26.847668,80.946883,Garbage-2,train,True
SYN-00188,Waste collection truck has not arrived near Gomti Nagar; do din se pareshani hai.,Garbage,Medium,Gomti Nagar,26.857457,81.00228,Garbage-2,train,True
SYN-00189,Waste collection truck has not arrived near Aliganj; do din se pareshani hai.,Garbage,Medium,Aliganj,26.898657,80.944321,Garbage-2,train,True
SYN-00190,Waste collection truck has not arrived near Alambagh; do din se pareshani hai.,Garbage,Medium,Alambagh,26.811256,80.903392,Garbage-2,train,True
SYN-00191,Waste collection truck has not arrived near Indira Nagar; do din se pareshani hai.,Garbage,Medium,Indira Nagar,26.883879,80.994201,Garbage-2,train,True
SYN-00192,Waste collection truck has not arrived near Chowk; do din se pareshani hai.,Garbage,Medium,Chowk,26.859237,80.912634,Garbage-2,train,True
SYN-00193,Waste collection truck has not arrived near Hazratganj; someone is injured and needs urgent help.,Garbage,High,Hazratganj,26.84631,80.945383,Garbage-2,train,True
SYN-00194,Waste collection truck has not arrived near Gomti Nagar; someone is injured and needs urgent help.,Garbage,High,Gomti Nagar,26.856509,81.003682,Garbage-2,train,True
SYN-00195,Waste collection truck has not arrived near Aliganj; someone is injured and needs urgent help.,Garbage,High,Aliganj,26.899761,80.945709,Garbage-2,train,True
SYN-00196,Waste collection truck has not arrived near Alambagh; someone is injured and needs urgent help.,Garbage,High,Alambagh,26.813611,80.902462,Garbage-2,train,True
SYN-00197,Waste collection truck has not arrived near Indira Nagar; someone is injured and needs urgent help.,Garbage,High,Indira Nagar,26.882204,80.995192,Garbage-2,train,True
SYN-00198,Waste collection truck has not arrived near Chowk; someone is injured and needs urgent help.,Garbage,High,Chowk,26.858002,80.912148,Garbage-2,train,True
SYN-00199,Waste collection truck has not arrived near Hazratganj; exposed live wire creates an electrocution risk.,Garbage,High,Hazratganj,26.84642,80.94652,Garbage-2,train,True
SYN-00200,Waste collection truck has not arrived near Gomti Nagar; exposed live wire creates an electrocution risk.,Garbage,High,Gomti Nagar,26.858619,81.00386,Garbage-2,train,True
SYN-00201,Waste collection truck has not arrived near Aliganj; exposed live wire creates an electrocution risk.,Garbage,High,Aliganj,26.897769,80.943855,Garbage-2,train,True
SYN-00202,Waste collection truck has not arrived near Alambagh; exposed live wire creates an electrocution risk.,Garbage,High,Alambagh,26.811893,80.903605,Garbage-2,train,True
SYN-00203,Waste collection truck has not arrived near Indira Nagar; exposed live wire creates an electrocution risk.,Garbage,High,Indira Nagar,26.884184,80.993679,Garbage-2,train,True
SYN-00204,Waste collection truck has not arrived near Chowk; exposed live wire creates an electrocution risk.,Garbage,High,Chowk,26.858339,80.913062,Garbage-2,train,True
SYN-00205,Waste collection truck has not arrived near Hazratganj; contamination is making children sick.,Garbage,High,Hazratganj,26.847232,80.945541,Garbage-2,train,True
SYN-00206,Waste collection truck has not arrived near Gomti Nagar; contamination is making children sick.,Garbage,High,Gomti Nagar,26.859274,81.005005,Garbage-2,train,True
SYN-00207,Waste collection truck has not arrived near Aliganj; contamination is making children sick.,Garbage,High,Aliganj,26.898691,80.943899,Garbage-2,train,True
SYN-00208,Waste collection truck has not arrived near Alambagh; contamination is making children sick.,Garbage,High,Alambagh,26.810797,80.900098,Garbage-2,train,True
SYN-00209,Waste collection truck has not arrived near Indira Nagar; contamination is making children sick.,Garbage,High,Indira Nagar,26.881979,80.994901,Garbage-2,train,True
SYN-00210,Waste collection truck has not arrived near Chowk; contamination is making children sick.,Garbage,High,Chowk,26.861399,80.911291,Garbage-2,train,True
SYN-00211,Waste collection truck has not arrived near Hazratganj; ambulance access is blocked.,Garbage,High,Hazratganj,26.846358,80.946719,Garbage-2,train,True
SYN-00212,Waste collection truck has not arrived near Gomti Nagar; ambulance access is blocked.,Garbage,High,Gomti Nagar,26.856778,81.004785,Garbage-2,train,True
SYN-00213,Waste collection truck has not arrived near Aliganj; ambulance access is blocked.,Garbage,High,Aliganj,26.897978,80.943976,Garbage-2,train,True
SYN-00214,Waste collection truck has not arrived near Alambagh; ambulance access is blocked.,Garbage,High,Alambagh,26.812624,80.900022,Garbage-2,train,True
SYN-00215,Waste collection truck has not arrived near Indira Nagar; ambulance access is blocked.,Garbage,High,Indira Nagar,26.884004,80.99608,Garbage-2,train,True
SYN-00216,Waste collection truck has not arrived near Chowk; ambulance access is blocked.,Garbage,High,Chowk,26.858426,80.912701,Garbage-2,train,True
SYN-00217,Dustbin is overflowing with refuse near Hazratganj; minor inconvenience with no immediate danger.,Garbage,Low,Hazratganj,26.845404,80.948032,Garbage-3,train,True
SYN-00218,Dustbin is overflowing with refuse near Gomti Nagar; minor inconvenience with no immediate danger.,Garbage,Low,Gomti Nagar,26.858072,81.002201,Garbage-3,train,True
SYN-00219,Dustbin is overflowing with refuse near Aliganj; minor inconvenience with no immediate danger.,Garbage,Low,Aliganj,26.896997,80.946393,Garbage-3,train,True
SYN-00220,Dustbin is overflowing with refuse near Alambagh; minor inconvenience with no immediate danger.,Garbage,Low,Alambagh,26.811826,80.903206,Garbage-3,train,True
SYN-00221,Dustbin is overflowing with refuse near Indira Nagar; minor inconvenience with no immediate danger.,Garbage,Low,Indira Nagar,26.88367,80.996952,Garbage-3,train,True
SYN-00222,Dustbin is overflowing with refuse near Chowk; minor inconvenience with no immediate danger.,Garbage,Low,Chowk,26.860382,80.9148,Garbage-3,train,True
SYN-00223,Dustbin is overflowing with refuse near Hazratganj; routine maintenance requested.,Garbage,Low,Hazratganj,26.848266,80.946651,Garbage-3,train,True
SYN-00224,Dustbin is overflowing with refuse near Gomti Nagar; routine maintenance requested.,Garbage,Low,Gomti Nagar,26.858877,81.004019,Garbage-3,train,True
SYN-00225,Dustbin is overflowing with refuse near Aliganj; routine maintenance requested.,Garbage,Low,Aliganj,26.899322,80.945191,Garbage-3,train,True
SYN-00226,Dustbin is overflowing with refuse near Alambagh; routine maintenance requested.,Garbage,Low,Alambagh,26.813589,80.902975,Garbage-3,train,True
SYN-00227,Dustbin is overflowing with refuse near Indira Nagar; routine maintenance requested.,Garbage,Low,Indira Nagar,26.882899,80.994037,Garbage-3,train,True
SYN-00228,Dustbin is overflowing with refuse near Chowk; routine maintenance requested.,Garbage,Low,Chowk,26.858989,80.913551,Garbage-3,train,True
SYN-00229,Dustbin is overflowing with refuse near Hazratganj; small issue and access remains open.,Garbage,Low,Hazratganj,26.847763,80.946285,Garbage-3,train,True
SYN-00230,Dustbin is overflowing with refuse near Gomti Nagar; small issue and access remains open.,Garbage,Low,Gomti Nagar,26.858507,81.003098,Garbage-3,train,True
SYN-00231,Dustbin is overflowing with refuse near Aliganj; small issue and access remains open.,Garbage,Low,Aliganj,26.89631,80.944143,Garbage-3,train,True
SYN-00232,Dustbin is overflowing with refuse near Alambagh; small issue and access remains open.,Garbage,Low,Alambagh,26.811087,80.901279,Garbage-3,train,True
SYN-00233,Dustbin is overflowing with refuse near Indira Nagar; small issue and access remains open.,Garbage,Low,Indira Nagar,26.883161,80.993553,Garbage-3,train,True
SYN-00234,Dustbin is overflowing with refuse near Chowk; small issue and access remains open.,Garbage,Low,Chowk,26.858925,80.913776,Garbage-3,train,True
SYN-00235,Dustbin is overflowing with refuse near Hazratganj; halki dikkat hai.,Garbage,Low,Hazratganj,26.847526,80.944457,Garbage-3,train,True
SYN-00236,Dustbin is overflowing with refuse near Gomti Nagar; halki dikkat hai.,Garbage,Low,Gomti Nagar,26.85763,81.00417,Garbage-3,train,True
SYN-00237,Dustbin is overflowing with refuse near Aliganj; halki dikkat hai.,Garbage,Low,Aliganj,26.897663,80.943827,Garbage-3,train,True
SYN-00238,Dustbin is overflowing with refuse near Alambagh; halki dikkat hai.,Garbage,Low,Alambagh,26.811681,80.903619,Garbage-3,train,True
SYN-00239,Dustbin is overflowing with refuse near Indira Nagar; halki dikkat hai.,Garbage,Low,Indira Nagar,26.883336,80.995782,Garbage-3,train,True
SYN-00240,Dustbin is overflowing with refuse near Chowk; halki dikkat hai.,Garbage,Low,Chowk,26.861427,80.914062,Garbage-3,train,True
SYN-00241,Dustbin is overflowing with refuse near Hazratganj; affecting several households for two days.,Garbage,Medium,Hazratganj,26.846222,80.944224,Garbage-3,train,True
SYN-00242,Dustbin is overflowing with refuse near Gomti Nagar; affecting several households for two days.,Garbage,Medium,Gomti Nagar,26.857407,81.005014,Garbage-3,train,True
SYN-00243,Dustbin is overflowing with refuse near Aliganj; affecting several households for two days.,Garbage,Medium,Aliganj,26.899414,80.946814,Garbage-3,train,True
SYN-00244,Dustbin is overflowing with refuse near Alambagh; affecting several households for two days.,Garbage,Medium,Alambagh,26.811676,80.90299,Garbage-3,train,True
SYN-00245,Dustbin is overflowing with refuse near Indira Nagar; affecting several households for two days.,Garbage,Medium,Indira Nagar,26.883185,80.995413,Garbage-3,train,True
SYN-00246,Dustbin is overflowing with refuse near Chowk; affecting several households for two days.,Garbage,Medium,Chowk,26.858882,80.911878,Garbage-3,train,True
SYN-00247,Dustbin is overflowing with refuse near Hazratganj; repeated problem disrupting daily use.,Garbage,Medium,Hazratganj,26.846443,80.944316,Garbage-3,train,True
SYN-00248,Dustbin is overflowing with refuse near Gomti Nagar; repeated problem disrupting daily use.,Garbage,Medium,Gomti Nagar,26.857345,81.004717,Garbage-3,train,True
SYN-00249,Dustbin is overflowing with refuse near Aliganj; repeated problem disrupting daily use.,Garbage,Medium,Aliganj,26.897617,80.94366,Garbage-3,train,True
SYN-00250,Dustbin is overflowing with refuse near Alambagh; repeated problem disrupting daily use.,Garbage,Medium,Alambagh,26.81187,80.900511,Garbage-3,train,True
SYN-00251,Dustbin is overflowing with refuse near Indira Nagar; repeated problem disrupting daily use.,Garbage,Medium,Indira Nagar,26.883489,80.993108,Garbage-3,train,True
SYN-00252,Dustbin is overflowing with refuse near Chowk; repeated problem disrupting daily use.,Garbage,Medium,Chowk,26.859576,80.913258,Garbage-3,train,True
SYN-00253,Dustbin is overflowing with refuse near Hazratganj; residents have difficulty using this lane.,Garbage,Medium,Hazratganj,26.844808,80.946771,Garbage-3,train,True
SYN-00254,Dustbin is overflowing with refuse near Gomti Nagar; residents have difficulty using this lane.,Garbage,Medium,Gomti Nagar,26.856543,81.003847,Garbage-3,train,True
SYN-00255,Dustbin is overflowing with refuse near Aliganj; residents have difficulty using this lane.,Garbage,Medium,Aliganj,26.896201,80.944516,Garbage-3,train,True
SYN-00256,Dustbin is overflowing with refuse near Alambagh; residents have difficulty using this lane.,Garbage,Medium,Alambagh,26.810847,80.901307,Garbage-3,train,True
SYN-00257,Dustbin is overflowing with refuse near Indira Nagar; residents have difficulty using this lane.,Garbage,Medium,Indira Nagar,26.884045,80.994517,Garbage-3,train,True
SYN-00258,Dustbin is overflowing with refuse near Chowk; residents have difficulty using this lane.,Garbage,Medium,Chowk,26.861008,80.914328,Garbage-3,train,True
SYN-00259,Dustbin is overflowing with refuse near Hazratganj; do din se pareshani hai.,Garbage,Medium,Hazratganj,26.845709,80.944528,Garbage-3,train,True
SYN-00260,Dustbin is overflowing with refuse near Gomti Nagar; do din se pareshani hai.,Garbage,Medium,Gomti Nagar,26.856078,81.004158,Garbage-3,train,True
SYN-00261,Dustbin is overflowing with refuse near Aliganj; do din se pareshani hai.,Garbage,Medium,Aliganj,26.9,80.9444,Garbage-3,train,True
SYN-00262,Dustbin is overflowing with refuse near Alambagh; do din se pareshani hai.,Garbage,Medium,Alambagh,26.812601,80.903125,Garbage-3,train,True
SYN-00263,Dustbin is overflowing with refuse near Indira Nagar; do din se pareshani hai.,Garbage,Medium,Indira Nagar,26.883607,80.996017,Garbage-3,train,True
SYN-00264,Dustbin is overflowing with refuse near Chowk; do din se pareshani hai.,Garbage,Medium,Chowk,26.861798,80.911797,Garbage-3,train,True
SYN-00265,Dustbin is overflowing with refuse near Hazratganj; someone is injured and needs urgent help.,Garbage,High,Hazratganj,26.844782,80.94481,Garbage-3,train,True
SYN-00266,Dustbin is overflowing with refuse near Gomti Nagar; someone is injured and needs urgent help.,Garbage,High,Gomti Nagar,26.856505,81.004678,Garbage-3,train,True
SYN-00267,Dustbin is overflowing with refuse near Aliganj; someone is injured and needs urgent help.,Garbage,High,Aliganj,26.898256,80.943872,Garbage-3,train,True
SYN-00268,Dustbin is overflowing with refuse near Alambagh; someone is injured and needs urgent help.,Garbage,High,Alambagh,26.812798,80.903068,Garbage-3,train,True
SYN-00269,Dustbin is overflowing with refuse near Indira Nagar; someone is injured and needs urgent help.,Garbage,High,Indira Nagar,26.881671,80.995429,Garbage-3,train,True
SYN-00270,Dustbin is overflowing with refuse near Chowk; someone is injured and needs urgent help.,Garbage,High,Chowk,26.860992,80.911458,Garbage-3,train,True
SYN-00271,Dustbin is overflowing with refuse near Hazratganj; exposed live wire creates an electrocution risk.,Garbage,High,Hazratganj,26.847977,80.948059,Garbage-3,train,True
SYN-00272,Dustbin is overflowing with refuse near Gomti Nagar; exposed live wire creates an electrocution risk.,Garbage,High,Gomti Nagar,26.856432,81.002103,Garbage-3,train,True
SYN-00273,Dustbin is overflowing with refuse near Aliganj; exposed live wire creates an electrocution risk.,Garbage,High,Aliganj,26.897248,80.945709,Garbage-3,train,True
SYN-00274,Dustbin is overflowing with refuse near Alambagh; exposed live wire creates an electrocution risk.,Garbage,High,Alambagh,26.813833,80.901587,Garbage-3,train,True
SYN-00275,Dustbin is overflowing with refuse near Indira Nagar; exposed live wire creates an electrocution risk.,Garbage,High,Indira Nagar,26.88386,80.993304,Garbage-3,train,True
SYN-00276,Dustbin is overflowing with refuse near Chowk; exposed live wire creates an electrocution risk.,Garbage,High,Chowk,26.860762,80.913509,Garbage-3,train,True
SYN-00277,Dustbin is overflowing with refuse near Hazratganj; contamination is making children sick.,Garbage,High,Hazratganj,26.845108,80.94729,Garbage-3,train,True
SYN-00278,Dustbin is overflowing with refuse near Gomti Nagar; contamination is making children sick.,Garbage,High,Gomti Nagar,26.859401,81.004402,Garbage-3,train,True
SYN-00279,Dustbin is overflowing with refuse near Aliganj; contamination is making children sick.,Garbage,High,Aliganj,26.896484,80.946935,Garbage-3,train,True
SYN-00280,Dustbin is overflowing with refuse near Alambagh; contamination is making children sick.,Garbage,High,Alambagh,26.813131,80.901389,Garbage-3,train,True
SYN-00281,Dustbin is overflowing with refuse near Indira Nagar; contamination is making children sick.,Garbage,High,Indira Nagar,26.882714,80.994482,Garbage-3,train,True
SYN-00282,Dustbin is overflowing with refuse near Chowk; contamination is making children sick.,Garbage,High,Chowk,26.860024,80.912365,Garbage-3,train,True
SYN-00283,Dustbin is overflowing with refuse near Hazratganj; ambulance access is blocked.,Garbage,High,Hazratganj,26.848098,80.947489,Garbage-3,train,True
SYN-00284,Dustbin is overflowing with refuse near Gomti Nagar; ambulance access is blocked.,Garbage,High,Gomti Nagar,26.856422,81.005843,Garbage-3,train,True
SYN-00285,Dustbin is overflowing with refuse near Aliganj; ambulance access is blocked.,Garbage,High,Aliganj,26.898542,80.946315,Garbage-3,train,True
SYN-00286,Dustbin is overflowing with refuse near Alambagh; ambulance access is blocked.,Garbage,High,Alambagh,26.812829,80.901742,Garbage-3,train,True
SYN-00287,Dustbin is overflowing with refuse near Indira Nagar; ambulance access is blocked.,Garbage,High,Indira Nagar,26.883935,80.996862,Garbage-3,train,True
SYN-00288,Dustbin is overflowing with refuse near Chowk; ambulance access is blocked.,Garbage,High,Chowk,26.85908,80.914233,Garbage-3,train,True
SYN-00289,Street sweeping has been missed near Hazratganj; minor inconvenience with no immediate danger.,Garbage,Low,Hazratganj,26.846853,80.946134,Garbage-4,train,True
SYN-00290,Street sweeping has been missed near Gomti Nagar; minor inconvenience with no immediate danger.,Garbage,Low,Gomti Nagar,26.857742,81.004924,Garbage-4,train,True
SYN-00291,Street sweeping has been missed near Aliganj; minor inconvenience with no immediate danger.,Garbage,Low,Aliganj,26.897074,80.946407,Garbage-4,train,True
SYN-00292,Street sweeping has been missed near Alambagh; minor inconvenience with no immediate danger.,Garbage,Low,Alambagh,26.813323,80.900347,Garbage-4,train,True
SYN-00293,Street sweeping has been missed near Indira Nagar; minor inconvenience with no immediate danger.,Garbage,Low,Indira Nagar,26.884527,80.993975,Garbage-4,train,True
SYN-00294,Street sweeping has been missed near Chowk; minor inconvenience with no immediate danger.,Garbage,Low,Chowk,26.859859,80.913441,Garbage-4,train,True
SYN-00295,Street sweeping has been missed near Hazratganj; routine maintenance requested.,Garbage,Low,Hazratganj,26.846216,80.944315,Garbage-4,train,True
SYN-00296,Street sweeping has been missed near Gomti Nagar; routine maintenance requested.,Garbage,Low,Gomti Nagar,26.859404,81.002727,Garbage-4,train,True
SYN-00297,Street sweeping has been missed near Aliganj; routine maintenance requested.,Garbage,Low,Aliganj,26.896848,80.946191,Garbage-4,train,True
SYN-00298,Street sweeping has been missed near Alambagh; routine maintenance requested.,Garbage,Low,Alambagh,26.811361,80.903521,Garbage-4,train,True
SYN-00299,Street sweeping has been missed near Indira Nagar; routine maintenance requested.,Garbage,Low,Indira Nagar,26.883805,80.994105,Garbage-4,train,True
SYN-00300,Street sweeping has been missed near Chowk; routine maintenance requested.,Garbage,Low,Chowk,26.858041,80.914792,Garbage-4,train,True
SYN-00301,Street sweeping has been missed near Hazratganj; small issue and access remains open.,Garbage,Low,Hazratganj,26.845042,80.94708,Garbage-4,train,True
SYN-00302,Street sweeping has been missed near Gomti Nagar; small issue and access remains open.,Garbage,Low,Gomti Nagar,26.857954,81.005033,Garbage-4,train,True
SYN-00303,Street sweeping has been missed near Aliganj; small issue and access remains open.,Garbage,Low,Aliganj,26.898762,80.945584,Garbage-4,train,True
SYN-00304,Street sweeping has been missed near Alambagh; small issue and access remains open.,Garbage,Low,Alambagh,26.811963,80.903172,Garbage-4,train,True
SYN-00305,Street sweeping has been missed near Indira Nagar; small issue and access remains open.,Garbage,Low,Indira Nagar,26.881372,80.993886,Garbage-4,train,True
SYN-00306,Street sweeping has been missed near Chowk; small issue and access remains open.,Garbage,Low,Chowk,26.860767,80.912225,Garbage-4,train,True
SYN-00307,Street sweeping has been missed near Hazratganj; halki dikkat hai.,Garbage,Low,Hazratganj,26.847026,80.946093,Garbage-4,train,True
SYN-00308,Street sweeping has been missed near Gomti Nagar; halki dikkat hai.,Garbage,Low,Gomti Nagar,26.858124,81.003702,Garbage-4,train,True
SYN-00309,Street sweeping has been missed near Aliganj; halki dikkat hai.,Garbage,Low,Aliganj,26.898984,80.944323,Garbage-4,train,True
SYN-00310,Street sweeping has been missed near Alambagh; halki dikkat hai.,Garbage,Low,Alambagh,26.812811,80.901084,Garbage-4,train,True
SYN-00311,Street sweeping has been missed near Indira Nagar; halki dikkat hai.,Garbage,Low,Indira Nagar,26.882006,80.993483,Garbage-4,train,True
SYN-00312,Street sweeping has been missed near Chowk; halki dikkat hai.,Garbage,Low,Chowk,26.85877,80.911478,Garbage-4,train,True
SYN-00313,Street sweeping has been missed near Hazratganj; affecting several households for two days.,Garbage,Medium,Hazratganj,26.846843,80.947249,Garbage-4,train,True
SYN-00314,Street sweeping has been missed near Gomti Nagar; affecting several households for two days.,Garbage,Medium,Gomti Nagar,26.856741,81.002866,Garbage-4,train,True
SYN-00315,Street sweeping has been missed near Aliganj; affecting several households for two days.,Garbage,Medium,Aliganj,26.897937,80.945898,Garbage-4,train,True
SYN-00316,Street sweeping has been missed near Alambagh; affecting several households for two days.,Garbage,Medium,Alambagh,26.813906,80.902099,Garbage-4,train,True
SYN-00317,Street sweeping has been missed near Indira Nagar; affecting several households for two days.,Garbage,Medium,Indira Nagar,26.882132,80.993402,Garbage-4,train,True
SYN-00318,Street sweeping has been missed near Chowk; affecting several households for two days.,Garbage,Medium,Chowk,26.858776,80.91191,Garbage-4,train,True
SYN-00319,Street sweeping has been missed near Hazratganj; repeated problem disrupting daily use.,Garbage,Medium,Hazratganj,26.845418,80.944257,Garbage-4,train,True
SYN-00320,Street sweeping has been missed near Gomti Nagar; repeated problem disrupting daily use.,Garbage,Medium,Gomti Nagar,26.858137,81.003097,Garbage-4,train,True
SYN-00321,Street sweeping has been missed near Aliganj; repeated problem disrupting daily use.,Garbage,Medium,Aliganj,26.899897,80.945213,Garbage-4,train,True
SYN-00322,Street sweeping has been missed near Alambagh; repeated problem disrupting daily use.,Garbage,Medium,Alambagh,26.81279,80.900505,Garbage-4,train,True
SYN-00323,Street sweeping has been missed near Indira Nagar; repeated problem disrupting daily use.,Garbage,Medium,Indira Nagar,26.884474,80.994964,Garbage-4,train,True
SYN-00324,Street sweeping has been missed near Chowk; repeated problem disrupting daily use.,Garbage,Medium,Chowk,26.861491,80.913296,Garbage-4,train,True
SYN-00325,Street sweeping has been missed near Hazratganj; residents have difficulty using this lane.,Garbage,Medium,Hazratganj,26.846578,80.945962,Garbage-4,train,True
SYN-00326,Street sweeping has been missed near Gomti Nagar; residents have difficulty using this lane.,Garbage,Medium,Gomti Nagar,26.856737,81.002206,Garbage-4,train,True
SYN-00327,Street sweeping has been missed near Aliganj; residents have difficulty using this lane.,Garbage,Medium,Aliganj,26.899764,80.944911,Garbage-4,train,True
SYN-00328,Street sweeping has been missed near Alambagh; residents have difficulty using this lane.,Garbage,Medium,Alambagh,26.813288,80.901603,Garbage-4,train,True
SYN-00329,Street sweeping has been missed near Indira Nagar; residents have difficulty using this lane.,Garbage,Medium,Indira Nagar,26.881296,80.995518,Garbage-4,train,True
SYN-00330,Street sweeping has been missed near Chowk; residents have difficulty using this lane.,Garbage,Medium,Chowk,26.858214,80.911597,Garbage-4,train,True
SYN-00331,Street sweeping has been missed near Hazratganj; do din se pareshani hai.,Garbage,Medium,Hazratganj,26.846951,80.945415,Garbage-4,train,True
SYN-00332,Street sweeping has been missed near Gomti Nagar; do din se pareshani hai.,Garbage,Medium,Gomti Nagar,26.859976,81.002474,Garbage-4,train,True
SYN-00333,Street sweeping has been missed near Aliganj; do din se pareshani hai.,Garbage,Medium,Aliganj,26.899058,80.945425,Garbage-4,train,True
SYN-00334,Street sweeping has been missed near Alambagh; do din se pareshani hai.,Garbage,Medium,Alambagh,26.813163,80.900903,Garbage-4,train,True
SYN-00335,Street sweeping has been missed near Indira Nagar; do din se pareshani hai.,Garbage,Medium,Indira Nagar,26.88309,80.994802,Garbage-4,train,True
SYN-00336,Street sweeping has been missed near Chowk; do din se pareshani hai.,Garbage,Medium,Chowk,26.859771,80.914441,Garbage-4,train,True
SYN-00337,Street sweeping has been missed near Hazratganj; someone is injured and needs urgent help.,Garbage,High,Hazratganj,26.84866,80.945422,Garbage-4,train,True
SYN-00338,Street sweeping has been missed near Gomti Nagar; someone is injured and needs urgent help.,Garbage,High,Gomti Nagar,26.858484,81.004439,Garbage-4,train,True
SYN-00339,Street sweeping has been missed near Aliganj; someone is injured and needs urgent help.,Garbage,High,Aliganj,26.89896,80.94679,Garbage-4,train,True
SYN-00340,Street sweeping has been missed near Alambagh; someone is injured and needs urgent help.,Garbage,High,Alambagh,26.810831,80.900844,Garbage-4,train,True
SYN-00341,Street sweeping has been missed near Indira Nagar; someone is injured and needs urgent help.,Garbage,High,Indira Nagar,26.883642,80.993628,Garbage-4,train,True
SYN-00342,Street sweeping has been missed near Chowk; someone is injured and needs urgent help.,Garbage,High,Chowk,26.858695,80.9113,Garbage-4,train,True
SYN-00343,Street sweeping has been missed near Hazratganj; exposed live wire creates an electrocution risk.,Garbage,High,Hazratganj,26.844711,80.946002,Garbage-4,train,True
SYN-00344,Street sweeping has been missed near Gomti Nagar; exposed live wire creates an electrocution risk.,Garbage,High,Gomti Nagar,26.858375,81.003165,Garbage-4,train,True
SYN-00345,Street sweeping has been missed near Aliganj; exposed live wire creates an electrocution risk.,Garbage,High,Aliganj,26.896926,80.945828,Garbage-4,train,True
SYN-00346,Street sweeping has been missed near Alambagh; exposed live wire creates an electrocution risk.,Garbage,High,Alambagh,26.812812,80.901816,Garbage-4,train,True
SYN-00347,Street sweeping has been missed near Indira Nagar; exposed live wire creates an electrocution risk.,Garbage,High,Indira Nagar,26.88375,80.996696,Garbage-4,train,True
SYN-00348,Street sweeping has been missed near Chowk; exposed live wire creates an electrocution risk.,Garbage,High,Chowk,26.861151,80.9135,Garbage-4,train,True
SYN-00349,Street sweeping has been missed near Hazratganj; contamination is making children sick.,Garbage,High,Hazratganj,26.847345,80.947935,Garbage-4,train,True
SYN-00350,Street sweeping has been missed near Gomti Nagar; contamination is making children sick.,Garbage,High,Gomti Nagar,26.857701,81.004178,Garbage-4,train,True
SYN-00351,Street sweeping has been missed near Aliganj; contamination is making children sick.,Garbage,High,Aliganj,26.898591,80.946634,Garbage-4,train,True
SYN-00352,Street sweeping has been missed near Alambagh; contamination is making children sick.,Garbage,High,Alambagh,26.813307,80.900286,Garbage-4,train,True
SYN-00353,Street sweeping has been missed near Indira Nagar; contamination is making children sick.,Garbage,High,Indira Nagar,26.881664,80.99423,Garbage-4,train,True
SYN-00354,Street sweeping has been missed near Chowk; contamination is making children sick.,Garbage,High,Chowk,26.860996,80.913277,Garbage-4,train,True
SYN-00355,Street sweeping has been missed near Hazratganj; ambulance access is blocked.,Garbage,High,Hazratganj,26.845854,80.944697,Garbage-4,train,True
SYN-00356,Street sweeping has been missed near Gomti Nagar; ambulance access is blocked.,Garbage,High,Gomti Nagar,26.858755,81.004799,Garbage-4,train,True
SYN-00357,Street sweeping has been missed near Aliganj; ambulance access is blocked.,Garbage,High,Aliganj,26.899771,80.945002,Garbage-4,train,True
SYN-00358,Street sweeping has been missed near Alambagh; ambulance access is blocked.,Garbage,High,Alambagh,26.811975,80.900322,Garbage-4,train,True
SYN-00359,Street sweeping has been missed near Indira Nagar; ambulance access is blocked.,Garbage,High,Indira Nagar,26.881159,80.994728,Garbage-4,train,True
SYN-00360,Street sweeping has been missed near Chowk; ambulance access is blocked.,Garbage,High,Chowk,26.859289,80.912001,Garbage-4,train,True
SYN-00361,Kachra nahi uthaya gaya hai near Hazratganj; minor inconvenience with no immediate danger.,Garbage,Low,Hazratganj,26.845065,80.948048,Garbage-5,train,True
SYN-00362,Kachra nahi uthaya gaya hai near Gomti Nagar; minor inconvenience with no immediate danger.,Garbage,Low,Gomti Nagar,26.859344,81.004301,Garbage-5,train,True
SYN-00363,Kachra nahi uthaya gaya hai near Aliganj; minor inconvenience with no immediate danger.,Garbage,Low,Aliganj,26.899803,80.946998,Garbage-5,train,True
SYN-00364,Kachra nahi uthaya gaya hai near Alambagh; minor inconvenience with no immediate danger.,Garbage,Low,Alambagh,26.812689,80.901078,Garbage-5,train,True
SYN-00365,Kachra nahi uthaya gaya hai near Indira Nagar; minor inconvenience with no immediate danger.,Garbage,Low,Indira Nagar,26.881161,80.996025,Garbage-5,train,True
SYN-00366,Kachra nahi uthaya gaya hai near Chowk; minor inconvenience with no immediate danger.,Garbage,Low,Chowk,26.859882,80.913606,Garbage-5,train,True
SYN-00367,Kachra nahi uthaya gaya hai near Hazratganj; routine maintenance requested.,Garbage,Low,Hazratganj,26.848364,80.944926,Garbage-5,train,True
SYN-00368,Kachra nahi uthaya gaya hai near Gomti Nagar; routine maintenance requested.,Garbage,Low,Gomti Nagar,26.858341,81.004539,Garbage-5,train,True
SYN-00369,Kachra nahi uthaya gaya hai near Aliganj; routine maintenance requested.,Garbage,Low,Aliganj,26.897967,80.943365,Garbage-5,train,True
SYN-00370,Kachra nahi uthaya gaya hai near Alambagh; routine maintenance requested.,Garbage,Low,Alambagh,26.811392,80.901333,Garbage-5,train,True
SYN-00371,Kachra nahi uthaya gaya hai near Indira Nagar; routine maintenance requested.,Garbage,Low,Indira Nagar,26.883681,80.996431,Garbage-5,train,True
SYN-00372,Kachra nahi uthaya gaya hai near Chowk; routine maintenance requested.,Garbage,Low,Chowk,26.859319,80.913775,Garbage-5,train,True
SYN-00373,Kachra nahi uthaya gaya hai near Hazratganj; small issue and access remains open.,Garbage,Low,Hazratganj,26.845853,80.947981,Garbage-5,train,True
SYN-00374,Kachra nahi uthaya gaya hai near Gomti Nagar; small issue and access remains open.,Garbage,Low,Gomti Nagar,26.859254,81.0042,Garbage-5,train,True
SYN-00375,Kachra nahi uthaya gaya hai near Aliganj; small issue and access remains open.,Garbage,Low,Aliganj,26.897819,80.944258,Garbage-5,train,True
SYN-00376,Kachra nahi uthaya gaya hai near Alambagh; small issue and access remains open.,Garbage,Low,Alambagh,26.811293,80.903881,Garbage-5,train,True
SYN-00377,Kachra nahi uthaya gaya hai near Indira Nagar; small issue and access remains open.,Garbage,Low,Indira Nagar,26.882617,80.995058,Garbage-5,train,True
SYN-00378,Kachra nahi uthaya gaya hai near Chowk; small issue and access remains open.,Garbage,Low,Chowk,26.861952,80.913631,Garbage-5,train,True
SYN-00379,Kachra nahi uthaya gaya hai near Hazratganj; halki dikkat hai.,Garbage,Low,Hazratganj,26.84687,80.945853,Garbage-5,train,True
SYN-00380,Kachra nahi uthaya gaya hai near Gomti Nagar; halki dikkat hai.,Garbage,Low,Gomti Nagar,26.85675,81.003447,Garbage-5,train,True
SYN-00381,Kachra nahi uthaya gaya hai near Aliganj; halki dikkat hai.,Garbage,Low,Aliganj,26.899026,80.945502,Garbage-5,train,True
SYN-00382,Kachra nahi uthaya gaya hai near Alambagh; halki dikkat hai.,Garbage,Low,Alambagh,26.81304,80.900814,Garbage-5,train,True
SYN-00383,Kachra nahi uthaya gaya hai near Indira Nagar; halki dikkat hai.,Garbage,Low,Indira Nagar,26.883197,80.996711,Garbage-5,train,True
SYN-00384,Kachra nahi uthaya gaya hai near Chowk; halki dikkat hai.,Garbage,Low,Chowk,26.859752,80.913793,Garbage-5,train,True
SYN-00385,Kachra nahi uthaya gaya hai near Hazratganj; affecting several households for two days.,Garbage,Medium,Hazratganj,26.845186,80.948093,Garbage-5,train,True
SYN-00386,Kachra nahi uthaya gaya hai near Gomti Nagar; affecting several households for two days.,Garbage,Medium,Gomti Nagar,26.858435,81.002957,Garbage-5,train,True
SYN-00387,Kachra nahi uthaya gaya hai near Aliganj; affecting several households for two days.,Garbage,Medium,Aliganj,26.896634,80.945203,Garbage-5,train,True
SYN-00388,Kachra nahi uthaya gaya hai near Alambagh; affecting several households for two days.,Garbage,Medium,Alambagh,26.812209,80.900373,Garbage-5,train,True
SYN-00389,Kachra nahi uthaya gaya hai near Indira Nagar; affecting several households for two days.,Garbage,Medium,Indira Nagar,26.884969,80.996652,Garbage-5,train,True
SYN-00390,Kachra nahi uthaya gaya hai near Chowk; affecting several households for two days.,Garbage,Medium,Chowk,26.859846,80.91147,Garbage-5,train,True
SYN-00391,Kachra nahi uthaya gaya hai near Hazratganj; repeated problem disrupting daily use.,Garbage,Medium,Hazratganj,26.848029,80.946194,Garbage-5,train,True
SYN-00392,Kachra nahi uthaya gaya hai near Gomti Nagar; repeated problem disrupting daily use.,Garbage,Medium,Gomti Nagar,26.858866,81.004035,Garbage-5,train,True
SYN-00393,Kachra nahi uthaya gaya hai near Aliganj; repeated problem disrupting daily use.,Garbage,Medium,Aliganj,26.897094,80.946339,Garbage-5,train,True
SYN-00394,Kachra nahi uthaya gaya hai near Alambagh; repeated problem disrupting daily use.,Garbage,Medium,Alambagh,26.813921,80.900975,Garbage-5,train,True
SYN-00395,Kachra nahi uthaya gaya hai near Indira Nagar; repeated problem disrupting daily use.,Garbage,Medium,Indira Nagar,26.883205,80.994534,Garbage-5,train,True
SYN-00396,Kachra nahi uthaya gaya hai near Chowk; repeated problem disrupting daily use.,Garbage,Medium,Chowk,26.861687,80.913033,Garbage-5,train,True
SYN-00397,Kachra nahi uthaya gaya hai near Hazratganj; residents have difficulty using this lane.,Garbage,Medium,Hazratganj,26.848217,80.947656,Garbage-5,train,True
SYN-00398,Kachra nahi uthaya gaya hai near Gomti Nagar; residents have difficulty using this lane.,Garbage,Medium,Gomti Nagar,26.857105,81.00516,Garbage-5,train,True
SYN-00399,Kachra nahi uthaya gaya hai near Aliganj; residents have difficulty using this lane.,Garbage,Medium,Aliganj,26.89766,80.946737,Garbage-5,train,True
SYN-00400,Kachra nahi uthaya gaya hai near Alambagh; residents have difficulty using this lane.,Garbage,Medium,Alambagh,26.812031,80.903282,Garbage-5,train,True
SYN-00401,Kachra nahi uthaya gaya hai near Indira Nagar; residents have difficulty using this lane.,Garbage,Medium,Indira Nagar,26.882131,80.994194,Garbage-5,train,True
SYN-00402,Kachra nahi uthaya gaya hai near Chowk; residents have difficulty using this lane.,Garbage,Medium,Chowk,26.860348,80.914996,Garbage-5,train,True
SYN-00403,Kachra nahi uthaya gaya hai near Hazratganj; do din se pareshani hai.,Garbage,Medium,Hazratganj,26.846659,80.944794,Garbage-5,train,True
SYN-00404,Kachra nahi uthaya gaya hai near Gomti Nagar; do din se pareshani hai.,Garbage,Medium,Gomti Nagar,26.858154,81.00338,Garbage-5,train,True
SYN-00405,Kachra nahi uthaya gaya hai near Aliganj; do din se pareshani hai.,Garbage,Medium,Aliganj,26.898208,80.945174,Garbage-5,train,True
SYN-00406,Kachra nahi uthaya gaya hai near Alambagh; do din se pareshani hai.,Garbage,Medium,Alambagh,26.811821,80.901287,Garbage-5,train,True
SYN-00407,Kachra nahi uthaya gaya hai near Indira Nagar; do din se pareshani hai.,Garbage,Medium,Indira Nagar,26.881755,80.99579,Garbage-5,train,True
SYN-00408,Kachra nahi uthaya gaya hai near Chowk; do din se pareshani hai.,Garbage,Medium,Chowk,26.860287,80.911934,Garbage-5,train,True
SYN-00409,Kachra nahi uthaya gaya hai near Hazratganj; someone is injured and needs urgent help.,Garbage,High,Hazratganj,26.847802,80.944375,Garbage-5,train,True
SYN-00410,Kachra nahi uthaya gaya hai near Gomti Nagar; someone is injured and needs urgent help.,Garbage,High,Gomti Nagar,26.858979,81.004821,Garbage-5,train,True
SYN-00411,Kachra nahi uthaya gaya hai near Aliganj; someone is injured and needs urgent help.,Garbage,High,Aliganj,26.899246,80.944544,Garbage-5,train,True
SYN-00412,Kachra nahi uthaya gaya hai near Alambagh; someone is injured and needs urgent help.,Garbage,High,Alambagh,26.812655,80.903283,Garbage-5,train,True
SYN-00413,Kachra nahi uthaya gaya hai near Indira Nagar; someone is injured and needs urgent help.,Garbage,High,Indira Nagar,26.884923,80.994981,Garbage-5,train,True
SYN-00414,Kachra nahi uthaya gaya hai near Chowk; someone is injured and needs urgent help.,Garbage,High,Chowk,26.858148,80.913009,Garbage-5,train,True
SYN-00415,Kachra nahi uthaya gaya hai near Hazratganj; exposed live wire creates an electrocution risk.,Garbage,High,Hazratganj,26.847061,80.947679,Garbage-5,train,True
SYN-00416,Kachra nahi uthaya gaya hai near Gomti Nagar; exposed live wire creates an electrocution risk.,Garbage,High,Gomti Nagar,26.859497,81.003761,Garbage-5,train,True
SYN-00417,Kachra nahi uthaya gaya hai near Aliganj; exposed live wire creates an electrocution risk.,Garbage,High,Aliganj,26.898104,80.944828,Garbage-5,train,True
SYN-00418,Kachra nahi uthaya gaya hai near Alambagh; exposed live wire creates an electrocution risk.,Garbage,High,Alambagh,26.81289,80.90164,Garbage-5,train,True
SYN-00419,Kachra nahi uthaya gaya hai near Indira Nagar; exposed live wire creates an electrocution risk.,Garbage,High,Indira Nagar,26.883619,80.993617,Garbage-5,train,True
SYN-00420,Kachra nahi uthaya gaya hai near Chowk; exposed live wire creates an electrocution risk.,Garbage,High,Chowk,26.859878,80.914877,Garbage-5,train,True
SYN-00421,Kachra nahi uthaya gaya hai near Hazratganj; contamination is making children sick.,Garbage,High,Hazratganj,26.846054,80.946971,Garbage-5,train,True
SYN-00422,Kachra nahi uthaya gaya hai near Gomti Nagar; contamination is making children sick.,Garbage,High,Gomti Nagar,26.858599,81.005407,Garbage-5,train,True
SYN-00423,Kachra nahi uthaya gaya hai near Aliganj; contamination is making children sick.,Garbage,High,Aliganj,26.899409,80.946437,Garbage-5,train,True
SYN-00424,Kachra nahi uthaya gaya hai near Alambagh; contamination is making children sick.,Garbage,High,Alambagh,26.81152,80.901267,Garbage-5,train,True
SYN-00425,Kachra nahi uthaya gaya hai near Indira Nagar; contamination is making children sick.,Garbage,High,Indira Nagar,26.883875,80.996038,Garbage-5,train,True
SYN-00426,Kachra nahi uthaya gaya hai near Chowk; contamination is making children sick.,Garbage,High,Chowk,26.86149,80.911144,Garbage-5,train,True
SYN-00427,Kachra nahi uthaya gaya hai near Hazratganj; ambulance access is blocked.,Garbage,High,Hazratganj,26.844974,80.946725,Garbage-5,train,True
SYN-00428,Kachra nahi uthaya gaya hai near Gomti Nagar; ambulance access is blocked.,Garbage,High,Gomti Nagar,26.859684,81.00599,Garbage-5,train,True
SYN-00429,Kachra nahi uthaya gaya hai near Aliganj; ambulance access is blocked.,Garbage,High,Aliganj,26.898987,80.944736,Garbage-5,train,True
SYN-00430,Kachra nahi uthaya gaya hai near Alambagh; ambulance access is blocked.,Garbage,High,Alambagh,26.810394,80.902535,Garbage-5,train,True
SYN-00431,Kachra nahi uthaya gaya hai near Indira Nagar; ambulance access is blocked.,Garbage,High,Indira Nagar,26.88449,80.994775,Garbage-5,train,True
SYN-00432,Kachra nahi uthaya gaya hai near Chowk; ambulance access is blocked.,Garbage,High,Chowk,26.860776,80.914614,Garbage-5,train,True
SYN-00433,कूड़ा नहीं उठाया गया है near Hazratganj; minor inconvenience with no immediate danger.,Garbage,Low,Hazratganj,26.844884,80.947385,Garbage-6,train,True
SYN-00434,कूड़ा नहीं उठाया गया है near Gomti Nagar; minor inconvenience with no immediate danger.,Garbage,Low,Gomti Nagar,26.857173,81.003499,Garbage-6,train,True
SYN-00435,कूड़ा नहीं उठाया गया है near Aliganj; minor inconvenience with no immediate danger.,Garbage,Low,Aliganj,26.896582,80.945125,Garbage-6,train,True
SYN-00436,कूड़ा नहीं उठाया गया है near Alambagh; minor inconvenience with no immediate danger.,Garbage,Low,Alambagh,26.812264,80.90317,Garbage-6,train,True
SYN-00437,कूड़ा नहीं उठाया गया है near Indira Nagar; minor inconvenience with no immediate danger.,Garbage,Low,Indira Nagar,26.88168,80.993316,Garbage-6,train,True
SYN-00438,कूड़ा नहीं उठाया गया है near Chowk; minor inconvenience with no immediate danger.,Garbage,Low,Chowk,26.861483,80.913479,Garbage-6,train,True
SYN-00439,कूड़ा नहीं उठाया गया है near Hazratganj; routine maintenance requested.,Garbage,Low,Hazratganj,26.845663,80.947851,Garbage-6,train,True
SYN-00440,कूड़ा नहीं उठाया गया है near Gomti Nagar; routine maintenance requested.,Garbage,Low,Gomti Nagar,26.856572,81.003845,Garbage-6,train,True
SYN-00441,कूड़ा नहीं उठाया गया है near Aliganj; routine maintenance requested.,Garbage,Low,Aliganj,26.897016,80.944021,Garbage-6,train,True
SYN-00442,कूड़ा नहीं उठाया गया है near Alambagh; routine maintenance requested.,Garbage,Low,Alambagh,26.810038,80.903219,Garbage-6,train,True
SYN-00443,कूड़ा नहीं उठाया गया है near Indira Nagar; routine maintenance requested.,Garbage,Low,Indira Nagar,26.884605,80.99571,Garbage-6,train,True
SYN-00444,कूड़ा नहीं उठाया गया है near Chowk; routine maintenance requested.,Garbage,Low,Chowk,26.858632,80.912767,Garbage-6,train,True
SYN-00445,कूड़ा नहीं उठाया गया है near Hazratganj; small issue and access remains open.,Garbage,Low,Hazratganj,26.846082,80.94655,Garbage-6,train,True
SYN-00446,कूड़ा नहीं उठाया गया है near Gomti Nagar; small issue and access remains open.,Garbage,Low,Gomti Nagar,26.858556,81.003697,Garbage-6,train,True
SYN-00447,कूड़ा नहीं उठाया गया है near Aliganj; small issue and access remains open.,Garbage,Low,Aliganj,26.897,80.946381,Garbage-6,train,True
SYN-00448,कूड़ा नहीं उठाया गया है near Alambagh; small issue and access remains open.,Garbage,Low,Alambagh,26.810797,80.901539,Garbage-6,train,True
SYN-00449,कूड़ा नहीं उठाया गया है near Indira Nagar; small issue and access remains open.,Garbage,Low,Indira Nagar,26.882933,80.993949,Garbage-6,train,True
SYN-00450,कूड़ा नहीं उठाया गया है near Chowk; small issue and access remains open.,Garbage,Low,Chowk,26.860288,80.913299,Garbage-6,train,True
SYN-00451,कूड़ा नहीं उठाया गया है near Hazratganj; halki dikkat hai.,Garbage,Low,Hazratganj,26.848671,80.945381,Garbage-6,train,True
SYN-00452,कूड़ा नहीं उठाया गया है near Gomti Nagar; halki dikkat hai.,Garbage,Low,Gomti Nagar,26.859912,81.004633,Garbage-6,train,True
SYN-00453,कूड़ा नहीं उठाया गया है near Aliganj; halki dikkat hai.,Garbage,Low,Aliganj,26.897098,80.945264,Garbage-6,train,True
SYN-00454,कूड़ा नहीं उठाया गया है near Alambagh; halki dikkat hai.,Garbage,Low,Alambagh,26.812743,80.902979,Garbage-6,train,True
SYN-00455,कूड़ा नहीं उठाया गया है near Indira Nagar; halki dikkat hai.,Garbage,Low,Indira Nagar,26.881196,80.995426,Garbage-6,train,True
SYN-00456,कूड़ा नहीं उठाया गया है near Chowk; halki dikkat hai.,Garbage,Low,Chowk,26.859987,80.914617,Garbage-6,train,True
SYN-00457,कूड़ा नहीं उठाया गया है near Hazratganj; affecting several households for two days.,Garbage,Medium,Hazratganj,26.845845,80.947395,Garbage-6,train,True
SYN-00458,कूड़ा नहीं उठाया गया है near Gomti Nagar; affecting several households for two days.,Garbage,Medium,Gomti Nagar,26.858428,81.003409,Garbage-6,train,True
SYN-00459,कूड़ा नहीं उठाया गया है near Aliganj; affecting several households for two days.,Garbage,Medium,Aliganj,26.898546,80.945484,Garbage-6,train,True
SYN-00460,कूड़ा नहीं उठाया गया है near Alambagh; affecting several households for two days.,Garbage,Medium,Alambagh,26.812711,80.902884,Garbage-6,train,True
SYN-00461,कूड़ा नहीं उठाया गया है near Indira Nagar; affecting several households for two days.,Garbage,Medium,Indira Nagar,26.883637,80.996353,Garbage-6,train,True
SYN-00462,कूड़ा नहीं उठाया गया है near Chowk; affecting several households for two days.,Garbage,Medium,Chowk,26.860513,80.914614,Garbage-6,train,True
SYN-00463,कूड़ा नहीं उठाया गया है near Hazratganj; repeated problem disrupting daily use.,Garbage,Medium,Hazratganj,26.847285,80.945436,Garbage-6,train,True
SYN-00464,कूड़ा नहीं उठाया गया है near Gomti Nagar; repeated problem disrupting daily use.,Garbage,Medium,Gomti Nagar,26.857763,81.004318,Garbage-6,train,True
SYN-00465,कूड़ा नहीं उठाया गया है near Aliganj; repeated problem disrupting daily use.,Garbage,Medium,Aliganj,26.898929,80.943361,Garbage-6,train,True
SYN-00466,कूड़ा नहीं उठाया गया है near Alambagh; repeated problem disrupting daily use.,Garbage,Medium,Alambagh,26.81118,80.90299,Garbage-6,train,True
SYN-00467,कूड़ा नहीं उठाया गया है near Indira Nagar; repeated problem disrupting daily use.,Garbage,Medium,Indira Nagar,26.881703,80.993529,Garbage-6,train,True
SYN-00468,कूड़ा नहीं उठाया गया है near Chowk; repeated problem disrupting daily use.,Garbage,Medium,Chowk,26.860158,80.914886,Garbage-6,train,True
SYN-00469,कूड़ा नहीं उठाया गया है near Hazratganj; residents have difficulty using this lane.,Garbage,Medium,Hazratganj,26.846823,80.947854,Garbage-6,train,True
SYN-00470,कूड़ा नहीं उठाया गया है near Gomti Nagar; residents have difficulty using this lane.,Garbage,Medium,Gomti Nagar,26.859322,81.003028,Garbage-6,train,True
SYN-00471,कूड़ा नहीं उठाया गया है near Aliganj; residents have difficulty using this lane.,Garbage,Medium,Aliganj,26.899299,80.944927,Garbage-6,train,True
SYN-00472,कूड़ा नहीं उठाया गया है near Alambagh; residents have difficulty using this lane.,Garbage,Medium,Alambagh,26.813226,80.902986,Garbage-6,train,True
SYN-00473,कूड़ा नहीं उठाया गया है near Indira Nagar; residents have difficulty using this lane.,Garbage,Medium,Indira Nagar,26.882355,80.993461,Garbage-6,train,True
SYN-00474,कूड़ा नहीं उठाया गया है near Chowk; residents have difficulty using this lane.,Garbage,Medium,Chowk,26.861852,80.911563,Garbage-6,train,True
SYN-00475,कूड़ा नहीं उठाया गया है near Hazratganj; do din se pareshani hai.,Garbage,Medium,Hazratganj,26.848566,80.947641,Garbage-6,train,True
SYN-00476,कूड़ा नहीं उठाया गया है near Gomti Nagar; do din se pareshani hai.,Garbage,Medium,Gomti Nagar,26.858897,81.00592,Garbage-6,train,True
SYN-00477,कूड़ा नहीं उठाया गया है near Aliganj; do din se pareshani hai.,Garbage,Medium,Aliganj,26.899869,80.946218,Garbage-6,train,True
SYN-00478,कूड़ा नहीं उठाया गया है near Alambagh; do din se pareshani hai.,Garbage,Medium,Alambagh,26.811463,80.903163,Garbage-6,train,True
SYN-00479,कूड़ा नहीं उठाया गया है near Indira Nagar; do din se pareshani hai.,Garbage,Medium,Indira Nagar,26.881056,80.995146,Garbage-6,train,True
SYN-00480,कूड़ा नहीं उठाया गया है near Chowk; do din se pareshani hai.,Garbage,Medium,Chowk,26.859819,80.913691,Garbage-6,train,True
SYN-00481,कूड़ा नहीं उठाया गया है near Hazratganj; someone is injured and needs urgent help.,Garbage,High,Hazratganj,26.847389,80.946538,Garbage-6,train,True
SYN-00482,कूड़ा नहीं उठाया गया है near Gomti Nagar; someone is injured and needs urgent help.,Garbage,High,Gomti Nagar,26.85929,81.005761,Garbage-6,train,True
SYN-00483,कूड़ा नहीं उठाया गया है near Aliganj; someone is injured and needs urgent help.,Garbage,High,Aliganj,26.896433,80.943935,Garbage-6,train,True
SYN-00484,कूड़ा नहीं उठाया गया है near Alambagh; someone is injured and needs urgent help.,Garbage,High,Alambagh,26.8101,80.903537,Garbage-6,train,True
SYN-00485,कूड़ा नहीं उठाया गया है near Indira Nagar; someone is injured and needs urgent help.,Garbage,High,Indira Nagar,26.883246,80.996661,Garbage-6,train,True
SYN-00486,कूड़ा नहीं उठाया गया है near Chowk; someone is injured and needs urgent help.,Garbage,High,Chowk,26.858885,80.911253,Garbage-6,train,True
SYN-00487,कूड़ा नहीं उठाया गया है near Hazratganj; exposed live wire creates an electrocution risk.,Garbage,High,Hazratganj,26.847995,80.947838,Garbage-6,train,True
SYN-00488,कूड़ा नहीं उठाया गया है near Gomti Nagar; exposed live wire creates an electrocution risk.,Garbage,High,Gomti Nagar,26.857209,81.003633,Garbage-6,train,True
SYN-00489,कूड़ा नहीं उठाया गया है near Aliganj; exposed live wire creates an electrocution risk.,Garbage,High,Aliganj,26.896559,80.946785,Garbage-6,train,True
SYN-00490,कूड़ा नहीं उठाया गया है near Alambagh; exposed live wire creates an electrocution risk.,Garbage,High,Alambagh,26.811217,80.90197,Garbage-6,train,True
SYN-00491,कूड़ा नहीं उठाया गया है near Indira Nagar; exposed live wire creates an electrocution risk.,Garbage,High,Indira Nagar,26.881389,80.996549,Garbage-6,train,True
SYN-00492,कूड़ा नहीं उठाया गया है near Chowk; exposed live wire creates an electrocution risk.,Garbage,High,Chowk,26.858543,80.912815,Garbage-6,train,True
SYN-00493,कूड़ा नहीं उठाया गया है near Hazratganj; contamination is making children sick.,Garbage,High,Hazratganj,26.847382,80.947173,Garbage-6,train,True
SYN-00494,कूड़ा नहीं उठाया गया है near Gomti Nagar; contamination is making children sick.,Garbage,High,Gomti Nagar,26.859784,81.003677,Garbage-6,train,True
SYN-00495,कूड़ा नहीं उठाया गया है near Aliganj; contamination is making children sick.,Garbage,High,Aliganj,26.898969,80.943618,Garbage-6,train,True
SYN-00496,कूड़ा नहीं उठाया गया है near Alambagh; contamination is making children sick.,Garbage,High,Alambagh,26.81166,80.900396,Garbage-6,train,True
SYN-00497,कूड़ा नहीं उठाया गया है near Indira Nagar; contamination is making children sick.,Garbage,High,Indira Nagar,26.882957,80.994632,Garbage-6,train,True
SYN-00498,कूड़ा नहीं उठाया गया है near Chowk; contamination is making children sick.,Garbage,High,Chowk,26.861806,80.911131,Garbage-6,train,True
SYN-00499,कूड़ा नहीं उठाया गया है near Hazratganj; ambulance access is blocked.,Garbage,High,Hazratganj,26.846182,80.945974,Garbage-6,train,True
SYN-00500,कूड़ा नहीं उठाया गया है near Gomti Nagar; ambulance access is blocked.,Garbage,High,Gomti Nagar,26.859802,81.005422,Garbage-6,train,True
SYN-00501,कूड़ा नहीं उठाया गया है near Aliganj; ambulance access is blocked.,Garbage,High,Aliganj,26.896397,80.945743,Garbage-6,train,True
SYN-00502,कूड़ा नहीं उठाया गया है near Alambagh; ambulance access is blocked.,Garbage,High,Alambagh,26.812178,80.903911,Garbage-6,train,True
SYN-00503,कूड़ा नहीं उठाया गया है near Indira Nagar; ambulance access is blocked.,Garbage,High,Indira Nagar,26.882435,80.994593,Garbage-6,train,True
SYN-00504,कूड़ा नहीं उठाया गया है near Chowk; ambulance access is blocked.,Garbage,High,Chowk,26.858759,80.911489,Garbage-6,train,True
SYN-00505,Household trash is lying outside near Hazratganj; minor inconvenience with no immediate danger.,Garbage,Low,Hazratganj,26.848092,80.946019,Garbage-7,train,True
SYN-00506,Household trash is lying outside near Gomti Nagar; minor inconvenience with no immediate danger.,Garbage,Low,Gomti Nagar,26.858651,81.004567,Garbage-7,train,True
SYN-00507,Household trash is lying outside near Aliganj; minor inconvenience with no immediate danger.,Garbage,Low,Aliganj,26.898389,80.943085,Garbage-7,train,True
SYN-00508,Household trash is lying outside near Alambagh; minor inconvenience with no immediate danger.,Garbage,Low,Alambagh,26.813147,80.900974,Garbage-7,train,True
SYN-00509,Household trash is lying outside near Indira Nagar; minor inconvenience with no immediate danger.,Garbage,Low,Indira Nagar,26.881504,80.995258,Garbage-7,train,True
SYN-00510,Household trash is lying outside near Chowk; minor inconvenience with no immediate danger.,Garbage,Low,Chowk,26.858274,80.914061,Garbage-7,train,True
SYN-00511,Household trash is lying outside near Hazratganj; routine maintenance requested.,Garbage,Low,Hazratganj,26.845529,80.945064,Garbage-7,train,True
SYN-00512,Household trash is lying outside near Gomti Nagar; routine maintenance requested.,Garbage,Low,Gomti Nagar,26.859479,81.003314,Garbage-7,train,True
SYN-00513,Household trash is lying outside near Aliganj; routine maintenance requested.,Garbage,Low,Aliganj,26.89659,80.946602,Garbage-7,train,True
SYN-00514,Household trash is lying outside near Alambagh; routine maintenance requested.,Garbage,Low,Alambagh,26.810011,80.903434,Garbage-7,train,True
SYN-00515,Household trash is lying outside near Indira Nagar; routine maintenance requested.,Garbage,Low,Indira Nagar,26.881579,80.99352,Garbage-7,train,True
SYN-00516,Household trash is lying outside near Chowk; routine maintenance requested.,Garbage,Low,Chowk,26.859003,80.911698,Garbage-7,train,True
SYN-00517,Household trash is lying outside near Hazratganj; small issue and access remains open.,Garbage,Low,Hazratganj,26.847344,80.944303,Garbage-7,train,True
SYN-00518,Household trash is lying outside near Gomti Nagar; small issue and access remains open.,Garbage,Low,Gomti Nagar,26.856059,81.00516,Garbage-7,train,True
SYN-00519,Household trash is lying outside near Aliganj; small issue and access remains open.,Garbage,Low,Aliganj,26.896952,80.944295,Garbage-7,train,True
SYN-00520,Household trash is lying outside near Alambagh; small issue and access remains open.,Garbage,Low,Alambagh,26.810697,80.90021,Garbage-7,train,True
SYN-00521,Household trash is lying outside near Indira Nagar; small issue and access remains open.,Garbage,Low,Indira Nagar,26.883967,80.995104,Garbage-7,train,True
SYN-00522,Household trash is lying outside near Chowk; small issue and access remains open.,Garbage,Low,Chowk,26.860983,80.912905,Garbage-7,train,True
SYN-00523,Household trash is lying outside near Hazratganj; halki dikkat hai.,Garbage,Low,Hazratganj,26.847812,80.946253,Garbage-7,train,True
SYN-00524,Household trash is lying outside near Gomti Nagar; halki dikkat hai.,Garbage,Low,Gomti Nagar,26.856436,81.004015,Garbage-7,train,True
SYN-00525,Household trash is lying outside near Aliganj; halki dikkat hai.,Garbage,Low,Aliganj,26.899782,80.943173,Garbage-7,train,True
SYN-00526,Household trash is lying outside near Alambagh; halki dikkat hai.,Garbage,Low,Alambagh,26.813133,80.903468,Garbage-7,train,True
SYN-00527,Household trash is lying outside near Indira Nagar; halki dikkat hai.,Garbage,Low,Indira Nagar,26.883086,80.994832,Garbage-7,train,True
SYN-00528,Household trash is lying outside near Chowk; halki dikkat hai.,Garbage,Low,Chowk,26.861856,80.911243,Garbage-7,train,True
SYN-00529,Household trash is lying outside near Hazratganj; affecting several households for two days.,Garbage,Medium,Hazratganj,26.846616,80.945806,Garbage-7,train,True
SYN-00530,Household trash is lying outside near Gomti Nagar; affecting several households for two days.,Garbage,Medium,Gomti Nagar,26.858744,81.003961,Garbage-7,train,True
SYN-00531,Household trash is lying outside near Aliganj; affecting several households for two days.,Garbage,Medium,Aliganj,26.899639,80.943294,Garbage-7,train,True
SYN-00532,Household trash is lying outside near Alambagh; affecting several households for two days.,Garbage,Medium,Alambagh,26.810323,80.902433,Garbage-7,train,True
SYN-00533,Household trash is lying outside near Indira Nagar; affecting several households for two days.,Garbage,Medium,Indira Nagar,26.881263,80.9941,Garbage-7,train,True
SYN-00534,Household trash is lying outside near Chowk; affecting several households for two days.,Garbage,Medium,Chowk,26.860532,80.913193,Garbage-7,train,True
SYN-00535,Household trash is lying outside near Hazratganj; repeated problem disrupting daily use.,Garbage,Medium,Hazratganj,26.846001,80.948179,Garbage-7,train,True
SYN-00536,Household trash is lying outside near Gomti Nagar; repeated problem disrupting daily use.,Garbage,Medium,Gomti Nagar,26.858122,81.003815,Garbage-7,train,True
SYN-00537,Household trash is lying outside near Aliganj; repeated problem disrupting daily use.,Garbage,Medium,Aliganj,26.898422,80.943397,Garbage-7,train,True
SYN-00538,Household trash is lying outside near Alambagh; repeated problem disrupting daily use.,Garbage,Medium,Alambagh,26.812807,80.903411,Garbage-7,train,True
SYN-00539,Household trash is lying outside near Indira Nagar; repeated problem disrupting daily use.,Garbage,Medium,Indira Nagar,26.883604,80.996076,Garbage-7,train,True
SYN-00540,Household trash is lying outside near Chowk; repeated problem disrupting daily use.,Garbage,Medium,Chowk,26.860883,80.91186,Garbage-7,train,True
SYN-00541,Household trash is lying outside near Hazratganj; residents have difficulty using this lane.,Garbage,Medium,Hazratganj,26.846506,80.945114,Garbage-7,train,True
SYN-00542,Household trash is lying outside near Gomti Nagar; residents have difficulty using this lane.,Garbage,Medium,Gomti Nagar,26.857356,81.003814,Garbage-7,train,True
SYN-00543,Household trash is lying outside near Aliganj; residents have difficulty using this lane.,Garbage,Medium,Aliganj,26.897664,80.94338,Garbage-7,train,True
SYN-00544,Household trash is lying outside near Alambagh; residents have difficulty using this lane.,Garbage,Medium,Alambagh,26.811707,80.90266,Garbage-7,train,True
SYN-00545,Household trash is lying outside near Indira Nagar; residents have difficulty using this lane.,Garbage,Medium,Indira Nagar,26.882497,80.993611,Garbage-7,train,True
SYN-00546,Household trash is lying outside near Chowk; residents have difficulty using this lane.,Garbage,Medium,Chowk,26.861692,80.911269,Garbage-7,train,True
SYN-00547,Household trash is lying outside near Hazratganj; do din se pareshani hai.,Garbage,Medium,Hazratganj,26.848027,80.944573,Garbage-7,train,True
SYN-00548,Household trash is lying outside near Gomti Nagar; do din se pareshani hai.,Garbage,Medium,Gomti Nagar,26.856386,81.004955,Garbage-7,train,True
SYN-00549,Household trash is lying outside near Aliganj; do din se pareshani hai.,Garbage,Medium,Aliganj,26.899247,80.945225,Garbage-7,train,True
SYN-00550,Household trash is lying outside near Alambagh; do din se pareshani hai.,Garbage,Medium,Alambagh,26.812346,80.902246,Garbage-7,train,True
SYN-00551,Household trash is lying outside near Indira Nagar; do din se pareshani hai.,Garbage,Medium,Indira Nagar,26.882319,80.993489,Garbage-7,train,True
SYN-00552,Household trash is lying outside near Chowk; do din se pareshani hai.,Garbage,Medium,Chowk,26.859414,80.913661,Garbage-7,train,True
SYN-00553,Household trash is lying outside near Hazratganj; someone is injured and needs urgent help.,Garbage,High,Hazratganj,26.847701,80.947672,Garbage-7,train,True
SYN-00554,Household trash is lying outside near Gomti Nagar; someone is injured and needs urgent help.,Garbage,High,Gomti Nagar,26.858884,81.005874,Garbage-7,train,True
SYN-00555,Household trash is lying outside near Aliganj; someone is injured and needs urgent help.,Garbage,High,Aliganj,26.898402,80.944407,Garbage-7,train,True
SYN-00556,Household trash is lying outside near Alambagh; someone is injured and needs urgent help.,Garbage,High,Alambagh,26.812312,80.900851,Garbage-7,train,True
SYN-00557,Household trash is lying outside near Indira Nagar; someone is injured and needs urgent help.,Garbage,High,Indira Nagar,26.883627,80.993897,Garbage-7,train,True
SYN-00558,Household trash is lying outside near Chowk; someone is injured and needs urgent help.,Garbage,High,Chowk,26.858433,80.914381,Garbage-7,train,True
SYN-00559,Household trash is lying outside near Hazratganj; exposed live wire creates an electrocution risk.,Garbage,High,Hazratganj,26.84617,80.94725,Garbage-7,train,True
SYN-00560,Household trash is lying outside near Gomti Nagar; exposed live wire creates an electrocution risk.,Garbage,High,Gomti Nagar,26.858296,81.005229,Garbage-7,train,True
SYN-00561,Household trash is lying outside near Aliganj; exposed live wire creates an electrocution risk.,Garbage,High,Aliganj,26.899381,80.946898,Garbage-7,train,True
SYN-00562,Household trash is lying outside near Alambagh; exposed live wire creates an electrocution risk.,Garbage,High,Alambagh,26.813274,80.902454,Garbage-7,train,True
SYN-00563,Household trash is lying outside near Indira Nagar; exposed live wire creates an electrocution risk.,Garbage,High,Indira Nagar,26.883571,80.993105,Garbage-7,train,True
SYN-00564,Household trash is lying outside near Chowk; exposed live wire creates an electrocution risk.,Garbage,High,Chowk,26.861716,80.914318,Garbage-7,train,True
SYN-00565,Household trash is lying outside near Hazratganj; contamination is making children sick.,Garbage,High,Hazratganj,26.84577,80.944922,Garbage-7,train,True
SYN-00566,Household trash is lying outside near Gomti Nagar; contamination is making children sick.,Garbage,High,Gomti Nagar,26.858811,81.003236,Garbage-7,train,True
SYN-00567,Household trash is lying outside near Aliganj; contamination is making children sick.,Garbage,High,Aliganj,26.897359,80.943024,Garbage-7,train,True
SYN-00568,Household trash is lying outside near Alambagh; contamination is making children sick.,Garbage,High,Alambagh,26.813479,80.902265,Garbage-7,train,True
SYN-00569,Household trash is lying outside near Indira Nagar; contamination is making children sick.,Garbage,High,Indira Nagar,26.882603,80.993567,Garbage-7,train,True
SYN-00570,Household trash is lying outside near Chowk; contamination is making children sick.,Garbage,High,Chowk,26.860533,80.911123,Garbage-7,train,True
SYN-00571,Household trash is lying outside near Hazratganj; ambulance access is blocked.,Garbage,High,Hazratganj,26.847684,80.945061,Garbage-7,train,True
SYN-00572,Household trash is lying outside near Gomti Nagar; ambulance access is blocked.,Garbage,High,Gomti Nagar,26.857679,81.003364,Garbage-7,train,True
SYN-00573,Household trash is lying outside near Aliganj; ambulance access is blocked.,Garbage,High,Aliganj,26.89748,80.945886,Garbage-7,train,True
SYN-00574,Household trash is lying outside near Alambagh; ambulance access is blocked.,Garbage,High,Alambagh,26.813107,80.90227,Garbage-7,train,True
SYN-00575,Household trash is lying outside near Indira Nagar; ambulance access is blocked.,Garbage,High,Indira Nagar,26.88134,80.99321,Garbage-7,train,True
SYN-00576,Household trash is lying outside near Chowk; ambulance access is blocked.,Garbage,High,Chowk,26.85863,80.913471,Garbage-7,train,True
SYN-00577,Garbage bags cover the pavement near Hazratganj; सामान्य रखरखाव चाहिए.,Garbage,Low,Hazratganj,26.847396,80.945288,Garbage-8,validation,True
SYN-00578,Garbage bags cover the pavement near Gomti Nagar; सामान्य रखरखाव चाहिए.,Garbage,Low,Gomti Nagar,26.858648,81.003943,Garbage-8,validation,True
SYN-00579,Garbage bags cover the pavement near Aliganj; सामान्य रखरखाव चाहिए.,Garbage,Low,Aliganj,26.897768,80.944093,Garbage-8,validation,True
SYN-00580,Garbage bags cover the pavement near Alambagh; सामान्य रखरखाव चाहिए.,Garbage,Low,Alambagh,26.81302,80.900455,Garbage-8,validation,True
SYN-00581,Garbage bags cover the pavement near Indira Nagar; सामान्य रखरखाव चाहिए.,Garbage,Low,Indira Nagar,26.88272,80.994133,Garbage-8,validation,True
SYN-00582,Garbage bags cover the pavement near Chowk; सामान्य रखरखाव चाहिए.,Garbage,Low,Chowk,26.860714,80.912947,Garbage-8,validation,True
SYN-00583,Garbage bags cover the pavement near Hazratganj; दो दिन से परेशानी है.,Garbage,Medium,Hazratganj,26.847369,80.944382,Garbage-8,validation,True
SYN-00584,Garbage bags cover the pavement near Gomti Nagar; दो दिन से परेशानी है.,Garbage,Medium,Gomti Nagar,26.857581,81.004397,Garbage-8,validation,True
SYN-00585,Garbage bags cover the pavement near Aliganj; दो दिन से परेशानी है.,Garbage,Medium,Aliganj,26.896031,80.944206,Garbage-8,validation,True
SYN-00586,Garbage bags cover the pavement near Alambagh; दो दिन से परेशानी है.,Garbage,Medium,Alambagh,26.810845,80.900549,Garbage-8,validation,True
SYN-00587,Garbage bags cover the pavement near Indira Nagar; दो दिन से परेशानी है.,Garbage,Medium,Indira Nagar,26.882022,80.994312,Garbage-8,validation,True
SYN-00588,Garbage bags cover the pavement near Chowk; दो दिन से परेशानी है.,Garbage,Medium,Chowk,26.858031,80.913988,Garbage-8,validation,True
SYN-00589,Garbage bags cover the pavement near Hazratganj; तुरंत खतरा है लोग घायल हैं.,Garbage,High,Hazratganj,26.845403,80.945721,Garbage-8,validation,True
SYN-00590,Garbage bags cover the pavement near Gomti Nagar; तुरंत खतरा है लोग घायल हैं.,Garbage,High,Gomti Nagar,26.858815,81.004001,Garbage-8,validation,True
SYN-00591,Garbage bags cover the pavement near Aliganj; तुरंत खतरा है लोग घायल हैं.,Garbage,High,Aliganj,26.899333,80.946225,Garbage-8,validation,True
SYN-00592,Garbage bags cover the pavement near Alambagh; तुरंत खतरा है लोग घायल हैं.,Garbage,High,Alambagh,26.810288,80.903447,Garbage-8,validation,True
SYN-00593,Garbage bags cover the pavement near Indira Nagar; तुरंत खतरा है लोग घायल हैं.,Garbage,High,Indira Nagar,26.881169,80.993075,Garbage-8,validation,True
SYN-00594,Garbage bags cover the pavement near Chowk; तुरंत खतरा है लोग घायल हैं.,Garbage,High,Chowk,26.861685,80.914448,Garbage-8,validation,True
SYN-00595,Sanitation workers have missed waste pickup near Hazratganj; सामान्य रखरखाव चाहिए.,Garbage,Low,Hazratganj,26.847003,80.946494,Garbage-9,validation,True
SYN-00596,Sanitation workers have missed waste pickup near Gomti Nagar; सामान्य रखरखाव चाहिए.,Garbage,Low,Gomti Nagar,26.858838,81.003671,Garbage-9,validation,True
SYN-00597,Sanitation workers have missed waste pickup near Aliganj; सामान्य रखरखाव चाहिए.,Garbage,Low,Aliganj,26.896461,80.943083,Garbage-9,validation,True
SYN-00598,Sanitation workers have missed waste pickup near Alambagh; सामान्य रखरखाव चाहिए.,Garbage,Low,Alambagh,26.811299,80.903205,Garbage-9,validation,True
SYN-00599,Sanitation workers have missed waste pickup near Indira Nagar; सामान्य रखरखाव चाहिए.,Garbage,Low,Indira Nagar,26.883473,80.996328,Garbage-9,validation,True
SYN-00600,Sanitation workers have missed waste pickup near Chowk; सामान्य रखरखाव चाहिए.,Garbage,Low,Chowk,26.861679,80.911353,Garbage-9,validation,True
SYN-00601,Sanitation workers have missed waste pickup near Hazratganj; दो दिन से परेशानी है.,Garbage,Medium,Hazratganj,26.848078,80.945173,Garbage-9,validation,True
SYN-00602,Sanitation workers have missed waste pickup near Gomti Nagar; दो दिन से परेशानी है.,Garbage,Medium,Gomti Nagar,26.858355,81.004096,Garbage-9,validation,True
SYN-00603,Sanitation workers have missed waste pickup near Aliganj; दो दिन से परेशानी है.,Garbage,Medium,Aliganj,26.897583,80.944241,Garbage-9,validation,True
SYN-00604,Sanitation workers have missed waste pickup near Alambagh; दो दिन से परेशानी है.,Garbage,Medium,Alambagh,26.811358,80.901332,Garbage-9,validation,True
SYN-00605,Sanitation workers have missed waste pickup near Indira Nagar; दो दिन से परेशानी है.,Garbage,Medium,Indira Nagar,26.881673,80.995042,Garbage-9,validation,True
SYN-00606,Sanitation workers have missed waste pickup near Chowk; दो दिन से परेशानी है.,Garbage,Medium,Chowk,26.858456,80.91304,Garbage-9,validation,True
SYN-00607,Sanitation workers have missed waste pickup near Hazratganj; तुरंत खतरा है लोग घायल हैं.,Garbage,High,Hazratganj,26.848324,80.945598,Garbage-9,validation,True
SYN-00608,Sanitation workers have missed waste pickup near Gomti Nagar; तुरंत खतरा है लोग घायल हैं.,Garbage,High,Gomti Nagar,26.85891,81.005276,Garbage-9,validation,True
SYN-00609,Sanitation workers have missed waste pickup near Aliganj; तुरंत खतरा है लोग घायल हैं.,Garbage,High,Aliganj,26.89926,80.943945,Garbage-9,validation,True
SYN-00610,Sanitation workers have missed waste pickup near Alambagh; तुरंत खतरा है लोग घायल हैं.,Garbage,High,Alambagh,26.810586,80.900789,Garbage-9,validation,True
SYN-00611,Sanitation workers have missed waste pickup near Indira Nagar; तुरंत खतरा है लोग घायल हैं.,Garbage,High,Indira Nagar,26.88341,80.996041,Garbage-9,validation,True
SYN-00612,Sanitation workers have missed waste pickup near Chowk; तुरंत खतरा है लोग घायल हैं.,Garbage,High,Chowk,26.860622,80.911709,Garbage-9,validation,True
SYN-00613,Kachre ka dher laga hai near Hazratganj; please schedule a routine inspection.,Garbage,Low,Hazratganj,26.847791,80.946176,Garbage-10,test,True
SYN-00614,Kachre ka dher laga hai near Gomti Nagar; please schedule a routine inspection.,Garbage,Low,Gomti Nagar,26.859018,81.00504,Garbage-10,test,True
SYN-00615,Kachre ka dher laga hai near Aliganj; please schedule a routine inspection.,Garbage,Low,Aliganj,26.897796,80.946697,Garbage-10,test,True
SYN-00616,Kachre ka dher laga hai near Alambagh; please schedule a routine inspection.,Garbage,Low,Alambagh,26.812258,80.902541,Garbage-10,test,True
SYN-00617,Kachre ka dher laga hai near Indira Nagar; please schedule a routine inspection.,Garbage,Low,Indira Nagar,26.883498,80.996457,Garbage-10,test,True
SYN-00618,Kachre ka dher laga hai near Chowk; please schedule a routine inspection.,Garbage,Low,Chowk,26.860509,80.911604,Garbage-10,test,True
SYN-00619,Kachre ka dher laga hai near Hazratganj; daily activities are being disrupted.,Garbage,Medium,Hazratganj,26.844973,80.945969,Garbage-10,test,True
SYN-00620,Kachre ka dher laga hai near Gomti Nagar; daily activities are being disrupted.,Garbage,Medium,Gomti Nagar,26.857211,81.003099,Garbage-10,test,True
SYN-00621,Kachre ka dher laga hai near Aliganj; daily activities are being disrupted.,Garbage,Medium,Aliganj,26.896225,80.945029,Garbage-10,test,True
SYN-00622,Kachre ka dher laga hai near Alambagh; daily activities are being disrupted.,Garbage,Medium,Alambagh,26.811242,80.901808,Garbage-10,test,True
SYN-00623,Kachre ka dher laga hai near Indira Nagar; daily activities are being disrupted.,Garbage,Medium,Indira Nagar,26.881228,80.996327,Garbage-10,test,True
SYN-00624,Kachre ka dher laga hai near Chowk; daily activities are being disrupted.,Garbage,Medium,Chowk,26.858307,80.914457,Garbage-10,test,True
SYN-00625,Kachre ka dher laga hai near Hazratganj; immediate danger to residents.,Garbage,High,Hazratganj,26.848121,80.94666,Garbage-10,test,True
SYN-00626,Kachre ka dher laga hai near Gomti Nagar; immediate danger to residents.,Garbage,High,Gomti Nagar,26.858028,81.003851,Garbage-10,test,True
SYN-00627,Kachre ka dher laga hai near Aliganj; immediate danger to residents.,Garbage,High,Aliganj,26.898217,80.946167,Garbage-10,test,True
SYN-00628,Kachre ka dher laga hai near Alambagh; immediate danger to residents.,Garbage,High,Alambagh,26.813584,80.901799,Garbage-10,test,True
SYN-00629,Kachre ka dher laga hai near Indira Nagar; immediate danger to residents.,Garbage,High,Indira Nagar,26.884239,80.995607,Garbage-10,test,True
SYN-00630,Kachre ka dher laga hai near Chowk; immediate danger to residents.,Garbage,High,Chowk,26.859286,80.912903,Garbage-10,test,True
SYN-00631,कचरा सड़क पर पड़ा है near Hazratganj; please schedule a routine inspection.,Garbage,Low,Hazratganj,26.845303,80.944447,Garbage-11,test,True
SYN-00632,कचरा सड़क पर पड़ा है near Gomti Nagar; please schedule a routine inspection.,Garbage,Low,Gomti Nagar,26.856414,81.005597,Garbage-11,test,True
SYN-00633,कचरा सड़क पर पड़ा है near Aliganj; please schedule a routine inspection.,Garbage,Low,Aliganj,26.897374,80.945857,Garbage-11,test,True
SYN-00634,कचरा सड़क पर पड़ा है near Alambagh; please schedule a routine inspection.,Garbage,Low,Alambagh,26.812018,80.90069,Garbage-11,test,True
SYN-00635,कचरा सड़क पर पड़ा है near Indira Nagar; please schedule a routine inspection.,Garbage,Low,Indira Nagar,26.881991,80.994751,Garbage-11,test,True
SYN-00636,कचरा सड़क पर पड़ा है near Chowk; please schedule a routine inspection.,Garbage,Low,Chowk,26.859758,80.913091,Garbage-11,test,True
SYN-00637,कचरा सड़क पर पड़ा है near Hazratganj; daily activities are being disrupted.,Garbage,Medium,Hazratganj,26.845335,80.945691,Garbage-11,test,True
SYN-00638,कचरा सड़क पर पड़ा है near Gomti Nagar; daily activities are being disrupted.,Garbage,Medium,Gomti Nagar,26.857132,81.003635,Garbage-11,test,True
SYN-00639,कचरा सड़क पर पड़ा है near Aliganj; daily activities are being disrupted.,Garbage,Medium,Aliganj,26.897353,80.945392,Garbage-11,test,True
SYN-00640,कचरा सड़क पर पड़ा है near Alambagh; daily activities are being disrupted.,Garbage,Medium,Alambagh,26.813157,80.902589,Garbage-11,test,True
SYN-00641,कचरा सड़क पर पड़ा है near Indira Nagar; daily activities are being disrupted.,Garbage,Medium,Indira Nagar,26.881264,80.993378,Garbage-11,test,True
SYN-00642,कचरा सड़क पर पड़ा है near Chowk; daily activities are being disrupted.,Garbage,Medium,Chowk,26.860714,80.912137,Garbage-11,test,True
SYN-00643,कचरा सड़क पर पड़ा है near Hazratganj; immediate danger to residents.,Garbage,High,Hazratganj,26.847595,80.946826,Garbage-11,test,True
SYN-00644,कचरा सड़क पर पड़ा है near Gomti Nagar; immediate danger to residents.,Garbage,High,Gomti Nagar,26.859625,81.005493,Garbage-11,test,True
SYN-00645,कचरा सड़क पर पड़ा है near Aliganj; immediate danger to residents.,Garbage,High,Aliganj,26.897333,80.945331,Garbage-11,test,True
SYN-00646,कचरा सड़क पर पड़ा है near Alambagh; immediate danger to residents.,Garbage,High,Alambagh,26.810566,80.901399,Garbage-11,test,True
SYN-00647,कचरा सड़क पर पड़ा है near Indira Nagar; immediate danger to residents.,Garbage,High,Indira Nagar,26.884871,80.995794,Garbage-11,test,True
SYN-00648,कचरा सड़क पर पड़ा है near Chowk; immediate danger to residents.,Garbage,High,Chowk,26.859568,80.91338,Garbage-11,test,True
SYN-00649,Pothole on the municipal road near Hazratganj; minor inconvenience with no immediate danger.,Road Damage,Low,Hazratganj,26.848452,80.945438,Road Damage-0,train,True
SYN-00650,Pothole on the municipal road near Gomti Nagar; minor inconvenience with no immediate danger.,Road Damage,Low,Gomti Nagar,26.857507,81.005167,Road Damage-0,train,True
SYN-00651,Pothole on the municipal road near Aliganj; minor inconvenience with no immediate danger.,Road Damage,Low,Aliganj,26.899253,80.94568,Road Damage-0,train,True
SYN-00652,Pothole on the municipal road near Alambagh; minor inconvenience with no immediate danger.,Road Damage,Low,Alambagh,26.813316,80.902955,Road Damage-0,train,True
SYN-00653,Pothole on the municipal road near Indira Nagar; minor inconvenience with no immediate danger.,Road Damage,Low,Indira Nagar,26.883742,80.995106,Road Damage-0,train,True
SYN-00654,Pothole on the municipal road near Chowk; minor inconvenience with no immediate danger.,Road Damage,Low,Chowk,26.860584,80.912694,Road Damage-0,train,True
SYN-00655,Pothole on the municipal road near Hazratganj; routine maintenance requested.,Road Damage,Low,Hazratganj,26.846147,80.94565,Road Damage-0,train,True
SYN-00656,Pothole on the municipal road near Gomti Nagar; routine maintenance requested.,Road Damage,Low,Gomti Nagar,26.856721,81.002857,Road Damage-0,train,True
SYN-00657,Pothole on the municipal road near Aliganj; routine maintenance requested.,Road Damage,Low,Aliganj,26.899791,80.944945,Road Damage-0,train,True
SYN-00658,Pothole on the municipal road near Alambagh; routine maintenance requested.,Road Damage,Low,Alambagh,26.810906,80.90055,Road Damage-0,train,True
SYN-00659,Pothole on the municipal road near Indira Nagar; routine maintenance requested.,Road Damage,Low,Indira Nagar,26.881309,80.996378,Road Damage-0,train,True
SYN-00660,Pothole on the municipal road near Chowk; routine maintenance requested.,Road Damage,Low,Chowk,26.858405,80.914083,Road Damage-0,train,True
SYN-00661,Pothole on the municipal road near Hazratganj; small issue and access remains open.,Road Damage,Low,Hazratganj,26.84804,80.947735,Road Damage-0,train,True
SYN-00662,Pothole on the municipal road near Gomti Nagar; small issue and access remains open.,Road Damage,Low,Gomti Nagar,26.856151,81.003347,Road Damage-0,train,True
SYN-00663,Pothole on the municipal road near Aliganj; small issue and access remains open.,Road Damage,Low,Aliganj,26.899065,80.943524,Road Damage-0,train,True
SYN-00664,Pothole on the municipal road near Alambagh; small issue and access remains open.,Road Damage,Low,Alambagh,26.811507,80.900649,Road Damage-0,train,True
SYN-00665,Pothole on the municipal road near Indira Nagar; small issue and access remains open.,Road Damage,Low,Indira Nagar,26.884325,80.996084,Road Damage-0,train,True
SYN-00666,Pothole on the municipal road near Chowk; small issue and access remains open.,Road Damage,Low,Chowk,26.861236,80.911662,Road Damage-0,train,True
SYN-00667,Pothole on the municipal road near Hazratganj; halki dikkat hai.,Road Damage,Low,Hazratganj,26.846451,80.945843,Road Damage-0,train,True
SYN-00668,Pothole on the municipal road near Gomti Nagar; halki dikkat hai.,Road Damage,Low,Gomti Nagar,26.858705,81.00295,Road Damage-0,train,True
SYN-00669,Pothole on the municipal road near Aliganj; halki dikkat hai.,Road Damage,Low,Aliganj,26.897777,80.94414,Road Damage-0,train,True
SYN-00670,Pothole on the municipal road near Alambagh; halki dikkat hai.,Road Damage,Low,Alambagh,26.812994,80.901796,Road Damage-0,train,True
SYN-00671,Pothole on the municipal road near Indira Nagar; halki dikkat hai.,Road Damage,Low,Indira Nagar,26.883136,80.994238,Road Damage-0,train,True
SYN-00672,Pothole on the municipal road near Chowk; halki dikkat hai.,Road Damage,Low,Chowk,26.861234,80.912876,Road Damage-0,train,True
SYN-00673,Pothole on the municipal road near Hazratganj; affecting several households for two days.,Road Damage,Medium,Hazratganj,26.84804,80.945671,Road Damage-0,train,True
SYN-00674,Pothole on the municipal road near Gomti Nagar; affecting several households for two days.,Road Damage,Medium,Gomti Nagar,26.859789,81.005938,Road Damage-0,train,True
SYN-00675,Pothole on the municipal road near Aliganj; affecting several households for two days.,Road Damage,Medium,Aliganj,26.897847,80.944127,Road Damage-0,train,True
SYN-00676,Pothole on the municipal road near Alambagh; affecting several households for two days.,Road Damage,Medium,Alambagh,26.811527,80.90211,Road Damage-0,train,True
SYN-00677,Pothole on the municipal road near Indira Nagar; affecting several households for two days.,Road Damage,Medium,Indira Nagar,26.884865,80.996268,Road Damage-0,train,True
SYN-00678,Pothole on the municipal road near Chowk; affecting several households for two days.,Road Damage,Medium,Chowk,26.861205,80.911554,Road Damage-0,train,True
SYN-00679,Pothole on the municipal road near Hazratganj; repeated problem disrupting daily use.,Road Damage,Medium,Hazratganj,26.8457,80.946765,Road Damage-0,train,True
SYN-00680,Pothole on the municipal road near Gomti Nagar; repeated problem disrupting daily use.,Road Damage,Medium,Gomti Nagar,26.859496,81.004218,Road Damage-0,train,True
SYN-00681,Pothole on the municipal road near Aliganj; repeated problem disrupting daily use.,Road Damage,Medium,Aliganj,26.89641,80.946384,Road Damage-0,train,True
SYN-00682,Pothole on the municipal road near Alambagh; repeated problem disrupting daily use.,Road Damage,Medium,Alambagh,26.813405,80.90114,Road Damage-0,train,True
SYN-00683,Pothole on the municipal road near Indira Nagar; repeated problem disrupting daily use.,Road Damage,Medium,Indira Nagar,26.884052,80.994091,Road Damage-0,train,True
SYN-00684,Pothole on the municipal road near Chowk; repeated problem disrupting daily use.,Road Damage,Medium,Chowk,26.861621,80.911589,Road Damage-0,train,True
SYN-00685,Pothole on the municipal road near Hazratganj; residents have difficulty using this lane.,Road Damage,Medium,Hazratganj,26.84645,80.947986,Road Damage-0,train,True
SYN-00686,Pothole on the municipal road near Gomti Nagar; residents have difficulty using this lane.,Road Damage,Medium,Gomti Nagar,26.856888,81.003805,Road Damage-0,train,True
SYN-00687,Pothole on the municipal road near Aliganj; residents have difficulty using this lane.,Road Damage,Medium,Aliganj,26.897398,80.943107,Road Damage-0,train,True
SYN-00688,Pothole on the municipal road near Alambagh; residents have difficulty using this lane.,Road Damage,Medium,Alambagh,26.810213,80.902008,Road Damage-0,train,True
SYN-00689,Pothole on the municipal road near Indira Nagar; residents have difficulty using this lane.,Road Damage,Medium,Indira Nagar,26.881943,80.996978,Road Damage-0,train,True
SYN-00690,Pothole on the municipal road near Chowk; residents have difficulty using this lane.,Road Damage,Medium,Chowk,26.8595,80.911113,Road Damage-0,train,True
SYN-00691,Pothole on the municipal road near Hazratganj; do din se pareshani hai.,Road Damage,Medium,Hazratganj,26.848423,80.947557,Road Damage-0,train,True
SYN-00692,Pothole on the municipal road near Gomti Nagar; do din se pareshani hai.,Road Damage,Medium,Gomti Nagar,26.8586,81.005166,Road Damage-0,train,True
SYN-00693,Pothole on the municipal road near Aliganj; do din se pareshani hai.,Road Damage,Medium,Aliganj,26.89655,80.944148,Road Damage-0,train,True
SYN-00694,Pothole on the municipal road near Alambagh; do din se pareshani hai.,Road Damage,Medium,Alambagh,26.813319,80.902784,Road Damage-0,train,True
SYN-00695,Pothole on the municipal road near Indira Nagar; do din se pareshani hai.,Road Damage,Medium,Indira Nagar,26.881555,80.995822,Road Damage-0,train,True
SYN-00696,Pothole on the municipal road near Chowk; do din se pareshani hai.,Road Damage,Medium,Chowk,26.859794,80.911021,Road Damage-0,train,True
SYN-00697,Pothole on the municipal road near Hazratganj; someone is injured and needs urgent help.,Road Damage,High,Hazratganj,26.845017,80.945224,Road Damage-0,train,True
SYN-00698,Pothole on the municipal road near Gomti Nagar; someone is injured and needs urgent help.,Road Damage,High,Gomti Nagar,26.85934,81.004195,Road Damage-0,train,True
SYN-00699,Pothole on the municipal road near Aliganj; someone is injured and needs urgent help.,Road Damage,High,Aliganj,26.898909,80.945111,Road Damage-0,train,True
SYN-00700,Pothole on the municipal road near Alambagh; someone is injured and needs urgent help.,Road Damage,High,Alambagh,26.810445,80.901152,Road Damage-0,train,True
SYN-00701,Pothole on the municipal road near Indira Nagar; someone is injured and needs urgent help.,Road Damage,High,Indira Nagar,26.882205,80.993191,Road Damage-0,train,True
SYN-00702,Pothole on the municipal road near Chowk; someone is injured and needs urgent help.,Road Damage,High,Chowk,26.859679,80.914176,Road Damage-0,train,True
SYN-00703,Pothole on the municipal road near Hazratganj; exposed live wire creates an electrocution risk.,Road Damage,High,Hazratganj,26.846528,80.944643,Road Damage-0,train,True
SYN-00704,Pothole on the municipal road near Gomti Nagar; exposed live wire creates an electrocution risk.,Road Damage,High,Gomti Nagar,26.859621,81.004387,Road Damage-0,train,True
SYN-00705,Pothole on the municipal road near Aliganj; exposed live wire creates an electrocution risk.,Road Damage,High,Aliganj,26.896066,80.945062,Road Damage-0,train,True
SYN-00706,Pothole on the municipal road near Alambagh; exposed live wire creates an electrocution risk.,Road Damage,High,Alambagh,26.810968,80.900574,Road Damage-0,train,True
SYN-00707,Pothole on the municipal road near Indira Nagar; exposed live wire creates an electrocution risk.,Road Damage,High,Indira Nagar,26.882717,80.995459,Road Damage-0,train,True
SYN-00708,Pothole on the municipal road near Chowk; exposed live wire creates an electrocution risk.,Road Damage,High,Chowk,26.858962,80.912666,Road Damage-0,train,True
SYN-00709,Pothole on the municipal road near Hazratganj; contamination is making children sick.,Road Damage,High,Hazratganj,26.847357,80.944542,Road Damage-0,train,True
SYN-00710,Pothole on the municipal road near Gomti Nagar; contamination is making children sick.,Road Damage,High,Gomti Nagar,26.859899,81.002271,Road Damage-0,train,True
SYN-00711,Pothole on the municipal road near Aliganj; contamination is making children sick.,Road Damage,High,Aliganj,26.898104,80.945029,Road Damage-0,train,True
SYN-00712,Pothole on the municipal road near Alambagh; contamination is making children sick.,Road Damage,High,Alambagh,26.813953,80.902217,Road Damage-0,train,True
SYN-00713,Pothole on the municipal road near Indira Nagar; contamination is making children sick.,Road Damage,High,Indira Nagar,26.882562,80.994881,Road Damage-0,train,True
SYN-00714,Pothole on the municipal road near Chowk; contamination is making children sick.,Road Damage,High,Chowk,26.860543,80.914924,Road Damage-0,train,True
SYN-00715,Pothole on the municipal road near Hazratganj; ambulance access is blocked.,Road Damage,High,Hazratganj,26.845715,80.944265,Road Damage-0,train,True
SYN-00716,Pothole on the municipal road near Gomti Nagar; ambulance access is blocked.,Road Damage,High,Gomti Nagar,26.859154,81.003379,Road Damage-0,train,True
SYN-00717,Pothole on the municipal road near Aliganj; ambulance access is blocked.,Road Damage,High,Aliganj,26.898932,80.945513,Road Damage-0,train,True
SYN-00718,Pothole on the municipal road near Alambagh; ambulance access is blocked.,Road Damage,High,Alambagh,26.813086,80.902941,Road Damage-0,train,True
SYN-00719,Pothole on the municipal road near Indira Nagar; ambulance access is blocked.,Road Damage,High,Indira Nagar,26.88233,80.993177,Road Damage-0,train,True
SYN-00720,Pothole on the municipal road near Chowk; ambulance access is blocked.,Road Damage,High,Chowk,26.860184,80.914254,Road Damage-0,train,True
SYN-00721,Road surface has broken apart near Hazratganj; minor inconvenience with no immediate danger.,Road Damage,Low,Hazratganj,26.8454,80.947317,Road Damage-1,train,True
SYN-00722,Road surface has broken apart near Gomti Nagar; minor inconvenience with no immediate danger.,Road Damage,Low,Gomti Nagar,26.857858,81.004782,Road Damage-1,train,True
SYN-00723,Road surface has broken apart near Aliganj; minor inconvenience with no immediate danger.,Road Damage,Low,Aliganj,26.898527,80.946246,Road Damage-1,train,True
SYN-00724,Road surface has broken apart near Alambagh; minor inconvenience with no immediate danger.,Road Damage,Low,Alambagh,26.810252,80.903105,Road Damage-1,train,True
SYN-00725,Road surface has broken apart near Indira Nagar; minor inconvenience with no immediate danger.,Road Damage,Low,Indira Nagar,26.882831,80.994174,Road Damage-1,train,True
SYN-00726,Road surface has broken apart near Chowk; minor inconvenience with no immediate danger.,Road Damage,Low,Chowk,26.858175,80.911798,Road Damage-1,train,True
SYN-00727,Road surface has broken apart near Hazratganj; routine maintenance requested.,Road Damage,Low,Hazratganj,26.844868,80.947933,Road Damage-1,train,True
SYN-00728,Road surface has broken apart near Gomti Nagar; routine maintenance requested.,Road Damage,Low,Gomti Nagar,26.858062,81.005956,Road Damage-1,train,True
SYN-00729,Road surface has broken apart near Aliganj; routine maintenance requested.,Road Damage,Low,Aliganj,26.898172,80.944013,Road Damage-1,train,True
SYN-00730,Road surface has broken apart near Alambagh; routine maintenance requested.,Road Damage,Low,Alambagh,26.813013,80.900764,Road Damage-1,train,True
SYN-00731,Road surface has broken apart near Indira Nagar; routine maintenance requested.,Road Damage,Low,Indira Nagar,26.882428,80.996123,Road Damage-1,train,True
SYN-00732,Road surface has broken apart near Chowk; routine maintenance requested.,Road Damage,Low,Chowk,26.861463,80.912328,Road Damage-1,train,True
SYN-00733,Road surface has broken apart near Hazratganj; small issue and access remains open.,Road Damage,Low,Hazratganj,26.845198,80.945672,Road Damage-1,train,True
SYN-00734,Road surface has broken apart near Gomti Nagar; small issue and access remains open.,Road Damage,Low,Gomti Nagar,26.859558,81.004973,Road Damage-1,train,True
SYN-00735,Road surface has broken apart near Aliganj; small issue and access remains open.,Road Damage,Low,Aliganj,26.899579,80.944547,Road Damage-1,train,True
SYN-00736,Road surface has broken apart near Alambagh; small issue and access remains open.,Road Damage,Low,Alambagh,26.813895,80.901985,Road Damage-1,train,True
SYN-00737,Road surface has broken apart near Indira Nagar; small issue and access remains open.,Road Damage,Low,Indira Nagar,26.88299,80.996697,Road Damage-1,train,True
SYN-00738,Road surface has broken apart near Chowk; small issue and access remains open.,Road Damage,Low,Chowk,26.860077,80.914205,Road Damage-1,train,True
SYN-00739,Road surface has broken apart near Hazratganj; halki dikkat hai.,Road Damage,Low,Hazratganj,26.847608,80.944516,Road Damage-1,train,True
SYN-00740,Road surface has broken apart near Gomti Nagar; halki dikkat hai.,Road Damage,Low,Gomti Nagar,26.85841,81.005289,Road Damage-1,train,True
SYN-00741,Road surface has broken apart near Aliganj; halki dikkat hai.,Road Damage,Low,Aliganj,26.898182,80.944285,Road Damage-1,train,True
SYN-00742,Road surface has broken apart near Alambagh; halki dikkat hai.,Road Damage,Low,Alambagh,26.81032,80.902644,Road Damage-1,train,True
SYN-00743,Road surface has broken apart near Indira Nagar; halki dikkat hai.,Road Damage,Low,Indira Nagar,26.882226,80.99541,Road Damage-1,train,True
SYN-00744,Road surface has broken apart near Chowk; halki dikkat hai.,Road Damage,Low,Chowk,26.859704,80.913759,Road Damage-1,train,True
SYN-00745,Road surface has broken apart near Hazratganj; affecting several households for two days.,Road Damage,Medium,Hazratganj,26.846106,80.944369,Road Damage-1,train,True
SYN-00746,Road surface has broken apart near Gomti Nagar; affecting several households for two days.,Road Damage,Medium,Gomti Nagar,26.85948,81.00341,Road Damage-1,train,True
SYN-00747,Road surface has broken apart near Aliganj; affecting several households for two days.,Road Damage,Medium,Aliganj,26.899993,80.944098,Road Damage-1,train,True
SYN-00748,Road surface has broken apart near Alambagh; affecting several households for two days.,Road Damage,Medium,Alambagh,26.81392,80.903792,Road Damage-1,train,True
SYN-00749,Road surface has broken apart near Indira Nagar; affecting several households for two days.,Road Damage,Medium,Indira Nagar,26.8813,80.99555,Road Damage-1,train,True
SYN-00750,Road surface has broken apart near Chowk; affecting several households for two days.,Road Damage,Medium,Chowk,26.859453,80.914204,Road Damage-1,train,True
SYN-00751,Road surface has broken apart near Hazratganj; repeated problem disrupting daily use.,Road Damage,Medium,Hazratganj,26.847418,80.948011,Road Damage-1,train,True
SYN-00752,Road surface has broken apart near Gomti Nagar; repeated problem disrupting daily use.,Road Damage,Medium,Gomti Nagar,26.856571,81.00443,Road Damage-1,train,True
SYN-00753,Road surface has broken apart near Aliganj; repeated problem disrupting daily use.,Road Damage,Medium,Aliganj,26.899125,80.943139,Road Damage-1,train,True
SYN-00754,Road surface has broken apart near Alambagh; repeated problem disrupting daily use.,Road Damage,Medium,Alambagh,26.810269,80.903114,Road Damage-1,train,True
SYN-00755,Road surface has broken apart near Indira Nagar; repeated problem disrupting daily use.,Road Damage,Medium,Indira Nagar,26.882465,80.994531,Road Damage-1,train,True
SYN-00756,Road surface has broken apart near Chowk; repeated problem disrupting daily use.,Road Damage,Medium,Chowk,26.860269,80.91342,Road Damage-1,train,True
SYN-00757,Road surface has broken apart near Hazratganj; residents have difficulty using this lane.,Road Damage,Medium,Hazratganj,26.847416,80.947995,Road Damage-1,train,True
SYN-00758,Road surface has broken apart near Gomti Nagar; residents have difficulty using this lane.,Road Damage,Medium,Gomti Nagar,26.857488,81.005052,Road Damage-1,train,True
SYN-00759,Road surface has broken apart near Aliganj; residents have difficulty using this lane.,Road Damage,Medium,Aliganj,26.898296,80.945118,Road Damage-1,train,True
SYN-00760,Road surface has broken apart near Alambagh; residents have difficulty using this lane.,Road Damage,Medium,Alambagh,26.811592,80.902598,Road Damage-1,train,True
SYN-00761,Road surface has broken apart near Indira Nagar; residents have difficulty using this lane.,Road Damage,Medium,Indira Nagar,26.881998,80.993454,Road Damage-1,train,True
SYN-00762,Road surface has broken apart near Chowk; residents have difficulty using this lane.,Road Damage,Medium,Chowk,26.860943,80.912996,Road Damage-1,train,True
SYN-00763,Road surface has broken apart near Hazratganj; do din se pareshani hai.,Road Damage,Medium,Hazratganj,26.846248,80.946447,Road Damage-1,train,True
SYN-00764,Road surface has broken apart near Gomti Nagar; do din se pareshani hai.,Road Damage,Medium,Gomti Nagar,26.857047,81.003041,Road Damage-1,train,True
SYN-00765,Road surface has broken apart near Aliganj; do din se pareshani hai.,Road Damage,Medium,Aliganj,26.897785,80.946985,Road Damage-1,train,True
SYN-00766,Road surface has broken apart near Alambagh; do din se pareshani hai.,Road Damage,Medium,Alambagh,26.811142,80.903666,Road Damage-1,train,True
SYN-00767,Road surface has broken apart near Indira Nagar; do din se pareshani hai.,Road Damage,Medium,Indira Nagar,26.882965,80.993491,Road Damage-1,train,True
SYN-00768,Road surface has broken apart near Chowk; do din se pareshani hai.,Road Damage,Medium,Chowk,26.861411,80.912808,Road Damage-1,train,True
SYN-00769,Road surface has broken apart near Hazratganj; someone is injured and needs urgent help.,Road Damage,High,Hazratganj,26.848295,80.94598,Road Damage-1,train,True
SYN-00770,Road surface has broken apart near Gomti Nagar; someone is injured and needs urgent help.,Road Damage,High,Gomti Nagar,26.856351,81.004728,Road Damage-1,train,True
SYN-00771,Road surface has broken apart near Aliganj; someone is injured and needs urgent help.,Road Damage,High,Aliganj,26.899382,80.944278,Road Damage-1,train,True
SYN-00772,Road surface has broken apart near Alambagh; someone is injured and needs urgent help.,Road Damage,High,Alambagh,26.81139,80.90026,Road Damage-1,train,True
SYN-00773,Road surface has broken apart near Indira Nagar; someone is injured and needs urgent help.,Road Damage,High,Indira Nagar,26.883169,80.996565,Road Damage-1,train,True
SYN-00774,Road surface has broken apart near Chowk; someone is injured and needs urgent help.,Road Damage,High,Chowk,26.861405,80.913847,Road Damage-1,train,True
SYN-00775,Road surface has broken apart near Hazratganj; exposed live wire creates an electrocution risk.,Road Damage,High,Hazratganj,26.848409,80.946751,Road Damage-1,train,True
SYN-00776,Road surface has broken apart near Gomti Nagar; exposed live wire creates an electrocution risk.,Road Damage,High,Gomti Nagar,26.859175,81.004035,Road Damage-1,train,True
SYN-00777,Road surface has broken apart near Aliganj; exposed live wire creates an electrocution risk.,Road Damage,High,Aliganj,26.896485,80.943804,Road Damage-1,train,True
SYN-00778,Road surface has broken apart near Alambagh; exposed live wire creates an electrocution risk.,Road Damage,High,Alambagh,26.810556,80.903161,Road Damage-1,train,True
SYN-00779,Road surface has broken apart near Indira Nagar; exposed live wire creates an electrocution risk.,Road Damage,High,Indira Nagar,26.881105,80.995216,Road Damage-1,train,True
SYN-00780,Road surface has broken apart near Chowk; exposed live wire creates an electrocution risk.,Road Damage,High,Chowk,26.859476,80.914215,Road Damage-1,train,True
SYN-00781,Road surface has broken apart near Hazratganj; contamination is making children sick.,Road Damage,High,Hazratganj,26.846907,80.946648,Road Damage-1,train,True
SYN-00782,Road surface has broken apart near Gomti Nagar; contamination is making children sick.,Road Damage,High,Gomti Nagar,26.856345,81.003237,Road Damage-1,train,True
SYN-00783,Road surface has broken apart near Aliganj; contamination is making children sick.,Road Damage,High,Aliganj,26.899998,80.945875,Road Damage-1,train,True
SYN-00784,Road surface has broken apart near Alambagh; contamination is making children sick.,Road Damage,High,Alambagh,26.812103,80.903077,Road Damage-1,train,True
SYN-00785,Road surface has broken apart near Indira Nagar; contamination is making children sick.,Road Damage,High,Indira Nagar,26.884293,80.993295,Road Damage-1,train,True
SYN-00786,Road surface has broken apart near Chowk; contamination is making children sick.,Road Damage,High,Chowk,26.86189,80.913569,Road Damage-1,train,True
SYN-00787,Road surface has broken apart near Hazratganj; ambulance access is blocked.,Road Damage,High,Hazratganj,26.8465,80.94692,Road Damage-1,train,True
SYN-00788,Road surface has broken apart near Gomti Nagar; ambulance access is blocked.,Road Damage,High,Gomti Nagar,26.857378,81.005512,Road Damage-1,train,True
SYN-00789,Road surface has broken apart near Aliganj; ambulance access is blocked.,Road Damage,High,Aliganj,26.899121,80.945559,Road Damage-1,train,True
SYN-00790,Road surface has broken apart near Alambagh; ambulance access is blocked.,Road Damage,High,Alambagh,26.810728,80.903865,Road Damage-1,train,True
SYN-00791,Road surface has broken apart near Indira Nagar; ambulance access is blocked.,Road Damage,High,Indira Nagar,26.88273,80.996643,Road Damage-1,train,True
SYN-00792,Road surface has broken apart near Chowk; ambulance access is blocked.,Road Damage,High,Chowk,26.858222,80.911497,Road Damage-1,train,True
SYN-00793,Large cracks in the street near Hazratganj; minor inconvenience with no immediate danger.,Road Damage,Low,Hazratganj,26.845312,80.944859,Road Damage-2,train,True
SYN-00794,Large cracks in the street near Gomti Nagar; minor inconvenience with no immediate danger.,Road Damage,Low,Gomti Nagar,26.857291,81.004837,Road Damage-2,train,True
SYN-00795,Large cracks in the street near Aliganj; minor inconvenience with no immediate danger.,Road Damage,Low,Aliganj,26.897384,80.946764,Road Damage-2,train,True
SYN-00796,Large cracks in the street near Alambagh; minor inconvenience with no immediate danger.,Road Damage,Low,Alambagh,26.81358,80.903384,Road Damage-2,train,True
SYN-00797,Large cracks in the street near Indira Nagar; minor inconvenience with no immediate danger.,Road Damage,Low,Indira Nagar,26.882002,80.99554,Road Damage-2,train,True
SYN-00798,Large cracks in the street near Chowk; minor inconvenience with no immediate danger.,Road Damage,Low,Chowk,26.860203,80.911501,Road Damage-2,train,True
SYN-00799,Large cracks in the street near Hazratganj; routine maintenance requested.,Road Damage,Low,Hazratganj,26.845911,80.946334,Road Damage-2,train,True
SYN-00800,Large cracks in the street near Gomti Nagar; routine maintenance requested.,Road Damage,Low,Gomti Nagar,26.85801,81.002675,Road Damage-2,train,True
SYN-00801,Large cracks in the street near Aliganj; routine maintenance requested.,Road Damage,Low,Aliganj,26.899766,80.943617,Road Damage-2,train,True
SYN-00802,Large cracks in the street near Alambagh; routine maintenance requested.,Road Damage,Low,Alambagh,26.812635,80.902883,Road Damage-2,train,True
SYN-00803,Large cracks in the street near Indira Nagar; routine maintenance requested.,Road Damage,Low,Indira Nagar,26.883421,80.99637,Road Damage-2,train,True
SYN-00804,Large cracks in the street near Chowk; routine maintenance requested.,Road Damage,Low,Chowk,26.860254,80.914301,Road Damage-2,train,True
SYN-00805,Large cracks in the street near Hazratganj; small issue and access remains open.,Road Damage,Low,Hazratganj,26.844813,80.944382,Road Damage-2,train,True
SYN-00806,Large cracks in the street near Gomti Nagar; small issue and access remains open.,Road Damage,Low,Gomti Nagar,26.858566,81.004307,Road Damage-2,train,True
SYN-00807,Large cracks in the street near Aliganj; small issue and access remains open.,Road Damage,Low,Aliganj,26.898605,80.946068,Road Damage-2,train,True
SYN-00808,Large cracks in the street near Alambagh; small issue and access remains open.,Road Damage,Low,Alambagh,26.811666,80.902556,Road Damage-2,train,True
SYN-00809,Large cracks in the street near Indira Nagar; small issue and access remains open.,Road Damage,Low,Indira Nagar,26.882992,80.995509,Road Damage-2,train,True
SYN-00810,Large cracks in the street near Chowk; small issue and access remains open.,Road Damage,Low,Chowk,26.859159,80.914827,Road Damage-2,train,True
SYN-00811,Large cracks in the street near Hazratganj; halki dikkat hai.,Road Damage,Low,Hazratganj,26.846632,80.947419,Road Damage-2,train,True
SYN-00812,Large cracks in the street near Gomti Nagar; halki dikkat hai.,Road Damage,Low,Gomti Nagar,26.85874,81.00319,Road Damage-2,train,True
SYN-00813,Large cracks in the street near Aliganj; halki dikkat hai.,Road Damage,Low,Aliganj,26.896292,80.94324,Road Damage-2,train,True
SYN-00814,Large cracks in the street near Alambagh; halki dikkat hai.,Road Damage,Low,Alambagh,26.811758,80.901937,Road Damage-2,train,True
SYN-00815,Large cracks in the street near Indira Nagar; halki dikkat hai.,Road Damage,Low,Indira Nagar,26.881816,80.995427,Road Damage-2,train,True
SYN-00816,Large cracks in the street near Chowk; halki dikkat hai.,Road Damage,Low,Chowk,26.85925,80.913873,Road Damage-2,train,True
SYN-00817,Large cracks in the street near Hazratganj; affecting several households for two days.,Road Damage,Medium,Hazratganj,26.847637,80.947643,Road Damage-2,train,True
SYN-00818,Large cracks in the street near Gomti Nagar; affecting several households for two days.,Road Damage,Medium,Gomti Nagar,26.859901,81.002523,Road Damage-2,train,True
SYN-00819,Large cracks in the street near Aliganj; affecting several households for two days.,Road Damage,Medium,Aliganj,26.897482,80.945247,Road Damage-2,train,True
SYN-00820,Large cracks in the street near Alambagh; affecting several households for two days.,Road Damage,Medium,Alambagh,26.811276,80.901866,Road Damage-2,train,True
SYN-00821,Large cracks in the street near Indira Nagar; affecting several households for two days.,Road Damage,Medium,Indira Nagar,26.88207,80.993992,Road Damage-2,train,True
SYN-00822,Large cracks in the street near Chowk; affecting several households for two days.,Road Damage,Medium,Chowk,26.858387,80.912161,Road Damage-2,train,True
SYN-00823,Large cracks in the street near Hazratganj; repeated problem disrupting daily use.,Road Damage,Medium,Hazratganj,26.846237,80.946662,Road Damage-2,train,True
SYN-00824,Large cracks in the street near Gomti Nagar; repeated problem disrupting daily use.,Road Damage,Medium,Gomti Nagar,26.856993,81.005461,Road Damage-2,train,True
SYN-00825,Large cracks in the street near Aliganj; repeated problem disrupting daily use.,Road Damage,Medium,Aliganj,26.896639,80.94431,Road Damage-2,train,True
SYN-00826,Large cracks in the street near Alambagh; repeated problem disrupting daily use.,Road Damage,Medium,Alambagh,26.812311,80.901251,Road Damage-2,train,True
SYN-00827,Large cracks in the street near Indira Nagar; repeated problem disrupting daily use.,Road Damage,Medium,Indira Nagar,26.884052,80.994993,Road Damage-2,train,True
SYN-00828,Large cracks in the street near Chowk; repeated problem disrupting daily use.,Road Damage,Medium,Chowk,26.860059,80.912995,Road Damage-2,train,True
SYN-00829,Large cracks in the street near Hazratganj; residents have difficulty using this lane.,Road Damage,Medium,Hazratganj,26.845934,80.944293,Road Damage-2,train,True
SYN-00830,Large cracks in the street near Gomti Nagar; residents have difficulty using this lane.,Road Damage,Medium,Gomti Nagar,26.859781,81.004022,Road Damage-2,train,True
SYN-00831,Large cracks in the street near Aliganj; residents have difficulty using this lane.,Road Damage,Medium,Aliganj,26.899867,80.943861,Road Damage-2,train,True
SYN-00832,Large cracks in the street near Alambagh; residents have difficulty using this lane.,Road Damage,Medium,Alambagh,26.811412,80.900202,Road Damage-2,train,True
SYN-00833,Large cracks in the street near Indira Nagar; residents have difficulty using this lane.,Road Damage,Medium,Indira Nagar,26.88298,80.996529,Road Damage-2,train,True
SYN-00834,Large cracks in the street near Chowk; residents have difficulty using this lane.,Road Damage,Medium,Chowk,26.860617,80.912882,Road Damage-2,train,True
SYN-00835,Large cracks in the street near Hazratganj; do din se pareshani hai.,Road Damage,Medium,Hazratganj,26.846847,80.947589,Road Damage-2,train,True
SYN-00836,Large cracks in the street near Gomti Nagar; do din se pareshani hai.,Road Damage,Medium,Gomti Nagar,26.857724,81.00553,Road Damage-2,train,True
SYN-00837,Large cracks in the street near Aliganj; do din se pareshani hai.,Road Damage,Medium,Aliganj,26.89891,80.946055,Road Damage-2,train,True
SYN-00838,Large cracks in the street near Alambagh; do din se pareshani hai.,Road Damage,Medium,Alambagh,26.811464,80.901602,Road Damage-2,train,True
SYN-00839,Large cracks in the street near Indira Nagar; do din se pareshani hai.,Road Damage,Medium,Indira Nagar,26.883281,80.993779,Road Damage-2,train,True
SYN-00840,Large cracks in the street near Chowk; do din se pareshani hai.,Road Damage,Medium,Chowk,26.860213,80.911294,Road Damage-2,train,True
SYN-00841,Large cracks in the street near Hazratganj; someone is injured and needs urgent help.,Road Damage,High,Hazratganj,26.846717,80.947258,Road Damage-2,train,True
SYN-00842,Large cracks in the street near Gomti Nagar; someone is injured and needs urgent help.,Road Damage,High,Gomti Nagar,26.857119,81.005956,Road Damage-2,train,True
SYN-00843,Large cracks in the street near Aliganj; someone is injured and needs urgent help.,Road Damage,High,Aliganj,26.898722,80.943475,Road Damage-2,train,True
SYN-00844,Large cracks in the street near Alambagh; someone is injured and needs urgent help.,Road Damage,High,Alambagh,26.8139,80.901576,Road Damage-2,train,True
SYN-00845,Large cracks in the street near Indira Nagar; someone is injured and needs urgent help.,Road Damage,High,Indira Nagar,26.88418,80.994356,Road Damage-2,train,True
SYN-00846,Large cracks in the street near Chowk; someone is injured and needs urgent help.,Road Damage,High,Chowk,26.861756,80.91402,Road Damage-2,train,True
SYN-00847,Large cracks in the street near Hazratganj; exposed live wire creates an electrocution risk.,Road Damage,High,Hazratganj,26.845496,80.946236,Road Damage-2,train,True
SYN-00848,Large cracks in the street near Gomti Nagar; exposed live wire creates an electrocution risk.,Road Damage,High,Gomti Nagar,26.858,81.002181,Road Damage-2,train,True
SYN-00849,Large cracks in the street near Aliganj; exposed live wire creates an electrocution risk.,Road Damage,High,Aliganj,26.896548,80.944332,Road Damage-2,train,True
SYN-00850,Large cracks in the street near Alambagh; exposed live wire creates an electrocution risk.,Road Damage,High,Alambagh,26.811895,80.901828,Road Damage-2,train,True
SYN-00851,Large cracks in the street near Indira Nagar; exposed live wire creates an electrocution risk.,Road Damage,High,Indira Nagar,26.883425,80.995062,Road Damage-2,train,True
SYN-00852,Large cracks in the street near Chowk; exposed live wire creates an electrocution risk.,Road Damage,High,Chowk,26.859312,80.913452,Road Damage-2,train,True
SYN-00853,Large cracks in the street near Hazratganj; contamination is making children sick.,Road Damage,High,Hazratganj,26.84535,80.948162,Road Damage-2,train,True
SYN-00854,Large cracks in the street near Gomti Nagar; contamination is making children sick.,Road Damage,High,Gomti Nagar,26.858957,81.003197,Road Damage-2,train,True
SYN-00855,Large cracks in the street near Aliganj; contamination is making children sick.,Road Damage,High,Aliganj,26.897345,80.946313,Road Damage-2,train,True
SYN-00856,Large cracks in the street near Alambagh; contamination is making children sick.,Road Damage,High,Alambagh,26.812129,80.902835,Road Damage-2,train,True
SYN-00857,Large cracks in the street near Indira Nagar; contamination is making children sick.,Road Damage,High,Indira Nagar,26.882199,80.996263,Road Damage-2,train,True
SYN-00858,Large cracks in the street near Chowk; contamination is making children sick.,Road Damage,High,Chowk,26.859473,80.913695,Road Damage-2,train,True
SYN-00859,Large cracks in the street near Hazratganj; ambulance access is blocked.,Road Damage,High,Hazratganj,26.84862,80.946535,Road Damage-2,train,True
SYN-00860,Large cracks in the street near Gomti Nagar; ambulance access is blocked.,Road Damage,High,Gomti Nagar,26.859187,81.004901,Road Damage-2,train,True
SYN-00861,Large cracks in the street near Aliganj; ambulance access is blocked.,Road Damage,High,Aliganj,26.898752,80.943107,Road Damage-2,train,True
SYN-00862,Large cracks in the street near Alambagh; ambulance access is blocked.,Road Damage,High,Alambagh,26.811898,80.903868,Road Damage-2,train,True
SYN-00863,Large cracks in the street near Indira Nagar; ambulance access is blocked.,Road Damage,High,Indira Nagar,26.884132,80.996105,Road Damage-2,train,True
SYN-00864,Large cracks in the street near Chowk; ambulance access is blocked.,Road Damage,High,Chowk,26.860311,80.913886,Road Damage-2,train,True
SYN-00865,Asphalt has washed away near Hazratganj; minor inconvenience with no immediate danger.,Road Damage,Low,Hazratganj,26.847034,80.944882,Road Damage-3,train,True
SYN-00866,Asphalt has washed away near Gomti Nagar; minor inconvenience with no immediate danger.,Road Damage,Low,Gomti Nagar,26.858516,81.004479,Road Damage-3,train,True
SYN-00867,Asphalt has washed away near Aliganj; minor inconvenience with no immediate danger.,Road Damage,Low,Aliganj,26.899365,80.943591,Road Damage-3,train,True
SYN-00868,Asphalt has washed away near Alambagh; minor inconvenience with no immediate danger.,Road Damage,Low,Alambagh,26.812723,80.900126,Road Damage-3,train,True
SYN-00869,Asphalt has washed away near Indira Nagar; minor inconvenience with no immediate danger.,Road Damage,Low,Indira Nagar,26.884793,80.99344,Road Damage-3,train,True
SYN-00870,Asphalt has washed away near Chowk; minor inconvenience with no immediate danger.,Road Damage,Low,Chowk,26.858076,80.912255,Road Damage-3,train,True
SYN-00871,Asphalt has washed away near Hazratganj; routine maintenance requested.,Road Damage,Low,Hazratganj,26.845306,80.946962,Road Damage-3,train,True
SYN-00872,Asphalt has washed away near Gomti Nagar; routine maintenance requested.,Road Damage,Low,Gomti Nagar,26.857642,81.0051,Road Damage-3,train,True
SYN-00873,Asphalt has washed away near Aliganj; routine maintenance requested.,Road Damage,Low,Aliganj,26.899682,80.946491,Road Damage-3,train,True
SYN-00874,Asphalt has washed away near Alambagh; routine maintenance requested.,Road Damage,Low,Alambagh,26.812943,80.900249,Road Damage-3,train,True
SYN-00875,Asphalt has washed away near Indira Nagar; routine maintenance requested.,Road Damage,Low,Indira Nagar,26.881552,80.993829,Road Damage-3,train,True
SYN-00876,Asphalt has washed away near Chowk; routine maintenance requested.,Road Damage,Low,Chowk,26.8593,80.913649,Road Damage-3,train,True
SYN-00877,Asphalt has washed away near Hazratganj; small issue and access remains open.,Road Damage,Low,Hazratganj,26.846802,80.945455,Road Damage-3,train,True
SYN-00878,Asphalt has washed away near Gomti Nagar; small issue and access remains open.,Road Damage,Low,Gomti Nagar,26.856693,81.005648,Road Damage-3,train,True
SYN-00879,Asphalt has washed away near Aliganj; small issue and access remains open.,Road Damage,Low,Aliganj,26.897369,80.944417,Road Damage-3,train,True
SYN-00880,Asphalt has washed away near Alambagh; small issue and access remains open.,Road Damage,Low,Alambagh,26.813088,80.902884,Road Damage-3,train,True
SYN-00881,Asphalt has washed away near Indira Nagar; small issue and access remains open.,Road Damage,Low,Indira Nagar,26.883573,80.995773,Road Damage-3,train,True
SYN-00882,Asphalt has washed away near Chowk; small issue and access remains open.,Road Damage,Low,Chowk,26.86044,80.911769,Road Damage-3,train,True
SYN-00883,Asphalt has washed away near Hazratganj; halki dikkat hai.,Road Damage,Low,Hazratganj,26.845686,80.946432,Road Damage-3,train,True
SYN-00884,Asphalt has washed away near Gomti Nagar; halki dikkat hai.,Road Damage,Low,Gomti Nagar,26.856899,81.005892,Road Damage-3,train,True
SYN-00885,Asphalt has washed away near Aliganj; halki dikkat hai.,Road Damage,Low,Aliganj,26.89719,80.944156,Road Damage-3,train,True
SYN-00886,Asphalt has washed away near Alambagh; halki dikkat hai.,Road Damage,Low,Alambagh,26.810829,80.90282,Road Damage-3,train,True
SYN-00887,Asphalt has washed away near Indira Nagar; halki dikkat hai.,Road Damage,Low,Indira Nagar,26.882268,80.994395,Road Damage-3,train,True
SYN-00888,Asphalt has washed away near Chowk; halki dikkat hai.,Road Damage,Low,Chowk,26.861735,80.914182,Road Damage-3,train,True
SYN-00889,Asphalt has washed away near Hazratganj; affecting several households for two days.,Road Damage,Medium,Hazratganj,26.845794,80.944687,Road Damage-3,train,True
SYN-00890,Asphalt has washed away near Gomti Nagar; affecting several households for two days.,Road Damage,Medium,Gomti Nagar,26.858706,81.003519,Road Damage-3,train,True
SYN-00891,Asphalt has washed away near Aliganj; affecting several households for two days.,Road Damage,Medium,Aliganj,26.899921,80.946274,Road Damage-3,train,True
SYN-00892,Asphalt has washed away near Alambagh; affecting several households for two days.,Road Damage,Medium,Alambagh,26.813818,80.903218,Road Damage-3,train,True
SYN-00893,Asphalt has washed away near Indira Nagar; affecting several households for two days.,Road Damage,Medium,Indira Nagar,26.882162,80.994151,Road Damage-3,train,True
SYN-00894,Asphalt has washed away near Chowk; affecting several households for two days.,Road Damage,Medium,Chowk,26.860857,80.912385,Road Damage-3,train,True
SYN-00895,Asphalt has washed away near Hazratganj; repeated problem disrupting daily use.,Road Damage,Medium,Hazratganj,26.84647,80.945226,Road Damage-3,train,True
SYN-00896,Asphalt has washed away near Gomti Nagar; repeated problem disrupting daily use.,Road Damage,Medium,Gomti Nagar,26.857916,81.002808,Road Damage-3,train,True
SYN-00897,Asphalt has washed away near Aliganj; repeated problem disrupting daily use.,Road Damage,Medium,Aliganj,26.898154,80.946732,Road Damage-3,train,True
SYN-00898,Asphalt has washed away near Alambagh; repeated problem disrupting daily use.,Road Damage,Medium,Alambagh,26.812785,80.900549,Road Damage-3,train,True
SYN-00899,Asphalt has washed away near Indira Nagar; repeated problem disrupting daily use.,Road Damage,Medium,Indira Nagar,26.883463,80.995347,Road Damage-3,train,True
SYN-00900,Asphalt has washed away near Chowk; repeated problem disrupting daily use.,Road Damage,Medium,Chowk,26.85897,80.913679,Road Damage-3,train,True
SYN-00901,Asphalt has washed away near Hazratganj; residents have difficulty using this lane.,Road Damage,Medium,Hazratganj,26.846824,80.946752,Road Damage-3,train,True
SYN-00902,Asphalt has washed away near Gomti Nagar; residents have difficulty using this lane.,Road Damage,Medium,Gomti Nagar,26.85621,81.003653,Road Damage-3,train,True
SYN-00903,Asphalt has washed away near Aliganj; residents have difficulty using this lane.,Road Damage,Medium,Aliganj,26.898869,80.943402,Road Damage-3,train,True
SYN-00904,Asphalt has washed away near Alambagh; residents have difficulty using this lane.,Road Damage,Medium,Alambagh,26.813083,80.900021,Road Damage-3,train,True
SYN-00905,Asphalt has washed away near Indira Nagar; residents have difficulty using this lane.,Road Damage,Medium,Indira Nagar,26.883201,80.996716,Road Damage-3,train,True
SYN-00906,Asphalt has washed away near Chowk; residents have difficulty using this lane.,Road Damage,Medium,Chowk,26.859628,80.91474,Road Damage-3,train,True
SYN-00907,Asphalt has washed away near Hazratganj; do din se pareshani hai.,Road Damage,Medium,Hazratganj,26.848214,80.94611,Road Damage-3,train,True
SYN-00908,Asphalt has washed away near Gomti Nagar; do din se pareshani hai.,Road Damage,Medium,Gomti Nagar,26.856798,81.005856,Road Damage-3,train,True
SYN-00909,Asphalt has washed away near Aliganj; do din se pareshani hai.,Road Damage,Medium,Aliganj,26.897285,80.945584,Road Damage-3,train,True
SYN-00910,Asphalt has washed away near Alambagh; do din se pareshani hai.,Road Damage,Medium,Alambagh,26.813632,80.900358,Road Damage-3,train,True
SYN-00911,Asphalt has washed away near Indira Nagar; do din se pareshani hai.,Road Damage,Medium,Indira Nagar,26.883297,80.995141,Road Damage-3,train,True
SYN-00912,Asphalt has washed away near Chowk; do din se pareshani hai.,Road Damage,Medium,Chowk,26.860892,80.914747,Road Damage-3,train,True
SYN-00913,Asphalt has washed away near Hazratganj; someone is injured and needs urgent help.,Road Damage,High,Hazratganj,26.848353,80.9449,Road Damage-3,train,True
SYN-00914,Asphalt has washed away near Gomti Nagar; someone is injured and needs urgent help.,Road Damage,High,Gomti Nagar,26.859529,81.002703,Road Damage-3,train,True
SYN-00915,Asphalt has washed away near Aliganj; someone is injured and needs urgent help.,Road Damage,High,Aliganj,26.899679,80.946989,Road Damage-3,train,True
SYN-00916,Asphalt has washed away near Alambagh; someone is injured and needs urgent help.,Road Damage,High,Alambagh,26.811588,80.901982,Road Damage-3,train,True
SYN-00917,Asphalt has washed away near Indira Nagar; someone is injured and needs urgent help.,Road Damage,High,Indira Nagar,26.884746,80.996849,Road Damage-3,train,True
SYN-00918,Asphalt has washed away near Chowk; someone is injured and needs urgent help.,Road Damage,High,Chowk,26.861704,80.914507,Road Damage-3,train,True
SYN-00919,Asphalt has washed away near Hazratganj; exposed live wire creates an electrocution risk.,Road Damage,High,Hazratganj,26.844737,80.946472,Road Damage-3,train,True
SYN-00920,Asphalt has washed away near Gomti Nagar; exposed live wire creates an electrocution risk.,Road Damage,High,Gomti Nagar,26.856429,81.005932,Road Damage-3,train,True
SYN-00921,Asphalt has washed away near Aliganj; exposed live wire creates an electrocution risk.,Road Damage,High,Aliganj,26.897138,80.946956,Road Damage-3,train,True
SYN-00922,Asphalt has washed away near Alambagh; exposed live wire creates an electrocution risk.,Road Damage,High,Alambagh,26.812173,80.901976,Road Damage-3,train,True
SYN-00923,Asphalt has washed away near Indira Nagar; exposed live wire creates an electrocution risk.,Road Damage,High,Indira Nagar,26.884754,80.996404,Road Damage-3,train,True
SYN-00924,Asphalt has washed away near Chowk; exposed live wire creates an electrocution risk.,Road Damage,High,Chowk,26.859872,80.911771,Road Damage-3,train,True
SYN-00925,Asphalt has washed away near Hazratganj; contamination is making children sick.,Road Damage,High,Hazratganj,26.845151,80.94485,Road Damage-3,train,True
SYN-00926,Asphalt has washed away near Gomti Nagar; contamination is making children sick.,Road Damage,High,Gomti Nagar,26.857836,81.003029,Road Damage-3,train,True
SYN-00927,Asphalt has washed away near Aliganj; contamination is making children sick.,Road Damage,High,Aliganj,26.896745,80.945946,Road Damage-3,train,True
SYN-00928,Asphalt has washed away near Alambagh; contamination is making children sick.,Road Damage,High,Alambagh,26.813163,80.902271,Road Damage-3,train,True
SYN-00929,Asphalt has washed away near Indira Nagar; contamination is making children sick.,Road Damage,High,Indira Nagar,26.884029,80.993702,Road Damage-3,train,True
SYN-00930,Asphalt has washed away near Chowk; contamination is making children sick.,Road Damage,High,Chowk,26.861425,80.914588,Road Damage-3,train,True
SYN-00931,Asphalt has washed away near Hazratganj; ambulance access is blocked.,Road Damage,High,Hazratganj,26.848008,80.946261,Road Damage-3,train,True
SYN-00932,Asphalt has washed away near Gomti Nagar; ambulance access is blocked.,Road Damage,High,Gomti Nagar,26.856347,81.004677,Road Damage-3,train,True
SYN-00933,Asphalt has washed away near Aliganj; ambulance access is blocked.,Road Damage,High,Aliganj,26.896739,80.943562,Road Damage-3,train,True
SYN-00934,Asphalt has washed away near Alambagh; ambulance access is blocked.,Road Damage,High,Alambagh,26.811294,80.900992,Road Damage-3,train,True
SYN-00935,Asphalt has washed away near Indira Nagar; ambulance access is blocked.,Road Damage,High,Indira Nagar,26.882043,80.993942,Road Damage-3,train,True
SYN-00936,Asphalt has washed away near Chowk; ambulance access is blocked.,Road Damage,High,Chowk,26.861015,80.914816,Road Damage-3,train,True
SYN-00937,Damaged road needs repair near Hazratganj; minor inconvenience with no immediate danger.,Road Damage,Low,Hazratganj,26.845908,80.947092,Road Damage-4,train,True
SYN-00938,Damaged road needs repair near Gomti Nagar; minor inconvenience with no immediate danger.,Road Damage,Low,Gomti Nagar,26.856046,81.004615,Road Damage-4,train,True
SYN-00939,Damaged road needs repair near Aliganj; minor inconvenience with no immediate danger.,Road Damage,Low,Aliganj,26.898771,80.943248,Road Damage-4,train,True
SYN-00940,Damaged road needs repair near Alambagh; minor inconvenience with no immediate danger.,Road Damage,Low,Alambagh,26.810473,80.901227,Road Damage-4,train,True
SYN-00941,Damaged road needs repair near Indira Nagar; minor inconvenience with no immediate danger.,Road Damage,Low,Indira Nagar,26.882622,80.99501,Road Damage-4,train,True
SYN-00942,Damaged road needs repair near Chowk; minor inconvenience with no immediate danger.,Road Damage,Low,Chowk,26.86158,80.913814,Road Damage-4,train,True
SYN-00943,Damaged road needs repair near Hazratganj; routine maintenance requested.,Road Damage,Low,Hazratganj,26.845944,80.94467,Road Damage-4,train,True
SYN-00944,Damaged road needs repair near Gomti Nagar; routine maintenance requested.,Road Damage,Low,Gomti Nagar,26.859665,81.00318,Road Damage-4,train,True
SYN-00945,Damaged road needs repair near Aliganj; routine maintenance requested.,Road Damage,Low,Aliganj,26.898459,80.943877,Road Damage-4,train,True
SYN-00946,Damaged road needs repair near Alambagh; routine maintenance requested.,Road Damage,Low,Alambagh,26.810534,80.900613,Road Damage-4,train,True
SYN-00947,Damaged road needs repair near Indira Nagar; routine maintenance requested.,Road Damage,Low,Indira Nagar,26.883991,80.995423,Road Damage-4,train,True
SYN-00948,Damaged road needs repair near Chowk; routine maintenance requested.,Road Damage,Low,Chowk,26.859663,80.913197,Road Damage-4,train,True
SYN-00949,Damaged road needs repair near Hazratganj; small issue and access remains open.,Road Damage,Low,Hazratganj,26.846583,80.94635,Road Damage-4,train,True
SYN-00950,Damaged road needs repair near Gomti Nagar; small issue and access remains open.,Road Damage,Low,Gomti Nagar,26.858656,81.002874,Road Damage-4,train,True
SYN-00951,Damaged road needs repair near Aliganj; small issue and access remains open.,Road Damage,Low,Aliganj,26.89699,80.946019,Road Damage-4,train,True
SYN-00952,Damaged road needs repair near Alambagh; small issue and access remains open.,Road Damage,Low,Alambagh,26.813493,80.900327,Road Damage-4,train,True
SYN-00953,Damaged road needs repair near Indira Nagar; small issue and access remains open.,Road Damage,Low,Indira Nagar,26.882787,80.995815,Road Damage-4,train,True
SYN-00954,Damaged road needs repair near Chowk; small issue and access remains open.,Road Damage,Low,Chowk,26.858312,80.913257,Road Damage-4,train,True
SYN-00955,Damaged road needs repair near Hazratganj; halki dikkat hai.,Road Damage,Low,Hazratganj,26.844947,80.946391,Road Damage-4,train,True
SYN-00956,Damaged road needs repair near Gomti Nagar; halki dikkat hai.,Road Damage,Low,Gomti Nagar,26.858022,81.004291,Road Damage-4,train,True
SYN-00957,Damaged road needs repair near Aliganj; halki dikkat hai.,Road Damage,Low,Aliganj,26.896599,80.944312,Road Damage-4,train,True
SYN-00958,Damaged road needs repair near Alambagh; halki dikkat hai.,Road Damage,Low,Alambagh,26.812081,80.900465,Road Damage-4,train,True
SYN-00959,Damaged road needs repair near Indira Nagar; halki dikkat hai.,Road Damage,Low,Indira Nagar,26.881822,80.995333,Road Damage-4,train,True
SYN-00960,Damaged road needs repair near Chowk; halki dikkat hai.,Road Damage,Low,Chowk,26.858364,80.913042,Road Damage-4,train,True
SYN-00961,Damaged road needs repair near Hazratganj; affecting several households for two days.,Road Damage,Medium,Hazratganj,26.847935,80.946014,Road Damage-4,train,True
SYN-00962,Damaged road needs repair near Gomti Nagar; affecting several households for two days.,Road Damage,Medium,Gomti Nagar,26.858053,81.003827,Road Damage-4,train,True
SYN-00963,Damaged road needs repair near Aliganj; affecting several households for two days.,Road Damage,Medium,Aliganj,26.896231,80.94485,Road Damage-4,train,True
SYN-00964,Damaged road needs repair near Alambagh; affecting several households for two days.,Road Damage,Medium,Alambagh,26.813228,80.902893,Road Damage-4,train,True
SYN-00965,Damaged road needs repair near Indira Nagar; affecting several households for two days.,Road Damage,Medium,Indira Nagar,26.882584,80.996266,Road Damage-4,train,True
SYN-00966,Damaged road needs repair near Chowk; affecting several households for two days.,Road Damage,Medium,Chowk,26.860983,80.913313,Road Damage-4,train,True
SYN-00967,Damaged road needs repair near Hazratganj; repeated problem disrupting daily use.,Road Damage,Medium,Hazratganj,26.844881,80.945578,Road Damage-4,train,True
SYN-00968,Damaged road needs repair near Gomti Nagar; repeated problem disrupting daily use.,Road Damage,Medium,Gomti Nagar,26.856255,81.005976,Road Damage-4,train,True
SYN-00969,Damaged road needs repair near Aliganj; repeated problem disrupting daily use.,Road Damage,Medium,Aliganj,26.899738,80.943276,Road Damage-4,train,True
SYN-00970,Damaged road needs repair near Alambagh; repeated problem disrupting daily use.,Road Damage,Medium,Alambagh,26.813735,80.900127,Road Damage-4,train,True
SYN-00971,Damaged road needs repair near Indira Nagar; repeated problem disrupting daily use.,Road Damage,Medium,Indira Nagar,26.882635,80.996076,Road Damage-4,train,True
SYN-00972,Damaged road needs repair near Chowk; repeated problem disrupting daily use.,Road Damage,Medium,Chowk,26.861063,80.914913,Road Damage-4,train,True
SYN-00973,Damaged road needs repair near Hazratganj; residents have difficulty using this lane.,Road Damage,Medium,Hazratganj,26.847284,80.945881,Road Damage-4,train,True
SYN-00974,Damaged road needs repair near Gomti Nagar; residents have difficulty using this lane.,Road Damage,Medium,Gomti Nagar,26.859971,81.00353,Road Damage-4,train,True
SYN-00975,Damaged road needs repair near Aliganj; residents have difficulty using this lane.,Road Damage,Medium,Aliganj,26.899478,80.946627,Road Damage-4,train,True
SYN-00976,Damaged road needs repair near Alambagh; residents have difficulty using this lane.,Road Damage,Medium,Alambagh,26.811503,80.902731,Road Damage-4,train,True
SYN-00977,Damaged road needs repair near Indira Nagar; residents have difficulty using this lane.,Road Damage,Medium,Indira Nagar,26.883647,80.995157,Road Damage-4,train,True
SYN-00978,Damaged road needs repair near Chowk; residents have difficulty using this lane.,Road Damage,Medium,Chowk,26.860614,80.912391,Road Damage-4,train,True
SYN-00979,Damaged road needs repair near Hazratganj; do din se pareshani hai.,Road Damage,Medium,Hazratganj,26.845414,80.946349,Road Damage-4,train,True
SYN-00980,Damaged road needs repair near Gomti Nagar; do din se pareshani hai.,Road Damage,Medium,Gomti Nagar,26.858115,81.004911,Road Damage-4,train,True
SYN-00981,Damaged road needs repair near Aliganj; do din se pareshani hai.,Road Damage,Medium,Aliganj,26.896891,80.943014,Road Damage-4,train,True
SYN-00982,Damaged road needs repair near Alambagh; do din se pareshani hai.,Road Damage,Medium,Alambagh,26.810091,80.901193,Road Damage-4,train,True
SYN-00983,Damaged road needs repair near Indira Nagar; do din se pareshani hai.,Road Damage,Medium,Indira Nagar,26.883694,80.995178,Road Damage-4,train,True
SYN-00984,Damaged road needs repair near Chowk; do din se pareshani hai.,Road Damage,Medium,Chowk,26.860128,80.914293,Road Damage-4,train,True
SYN-00985,Damaged road needs repair near Hazratganj; someone is injured and needs urgent help.,Road Damage,High,Hazratganj,26.84569,80.945585,Road Damage-4,train,True
SYN-00986,Damaged road needs repair near Gomti Nagar; someone is injured and needs urgent help.,Road Damage,High,Gomti Nagar,26.857103,81.00575,Road Damage-4,train,True
SYN-00987,Damaged road needs repair near Aliganj; someone is injured and needs urgent help.,Road Damage,High,Aliganj,26.8989,80.943451,Road Damage-4,train,True
SYN-00988,Damaged road needs repair near Alambagh; someone is injured and needs urgent help.,Road Damage,High,Alambagh,26.813238,80.901677,Road Damage-4,train,True
SYN-00989,Damaged road needs repair near Indira Nagar; someone is injured and needs urgent help.,Road Damage,High,Indira Nagar,26.884064,80.996535,Road Damage-4,train,True
SYN-00990,Damaged road needs repair near Chowk; someone is injured and needs urgent help.,Road Damage,High,Chowk,26.858063,80.911824,Road Damage-4,train,True
SYN-00991,Damaged road needs repair near Hazratganj; exposed live wire creates an electrocution risk.,Road Damage,High,Hazratganj,26.845104,80.944334,Road Damage-4,train,True
SYN-00992,Damaged road needs repair near Gomti Nagar; exposed live wire creates an electrocution risk.,Road Damage,High,Gomti Nagar,26.858391,81.004813,Road Damage-4,train,True
SYN-00993,Damaged road needs repair near Aliganj; exposed live wire creates an electrocution risk.,Road Damage,High,Aliganj,26.896195,80.945962,Road Damage-4,train,True
SYN-00994,Damaged road needs repair near Alambagh; exposed live wire creates an electrocution risk.,Road Damage,High,Alambagh,26.811609,80.900937,Road Damage-4,train,True
SYN-00995,Damaged road needs repair near Indira Nagar; exposed live wire creates an electrocution risk.,Road Damage,High,Indira Nagar,26.881869,80.996455,Road Damage-4,train,True
SYN-00996,Damaged road needs repair near Chowk; exposed live wire creates an electrocution risk.,Road Damage,High,Chowk,26.858226,80.913016,Road Damage-4,train,True
SYN-00997,Damaged road needs repair near Hazratganj; contamination is making children sick.,Road Damage,High,Hazratganj,26.845857,80.947463,Road Damage-4,train,True
SYN-00998,Damaged road needs repair near Gomti Nagar; contamination is making children sick.,Road Damage,High,Gomti Nagar,26.858926,81.003276,Road Damage-4,train,True
SYN-00999,Damaged road needs repair near Aliganj; contamination is making children sick.,Road Damage,High,Aliganj,26.898392,80.94569,Road Damage-4,train,True
SYN-01000,Damaged road needs repair near Alambagh; contamination is making children sick.,Road Damage,High,Alambagh,26.811283,80.901207,Road Damage-4,train,True
SYN-01001,Damaged road needs repair near Indira Nagar; contamination is making children sick.,Road Damage,High,Indira Nagar,26.881573,80.995641,Road Damage-4,train,True
SYN-01002,Damaged road needs repair near Chowk; contamination is making children sick.,Road Damage,High,Chowk,26.858884,80.912202,Road Damage-4,train,True
SYN-01003,Damaged road needs repair near Hazratganj; ambulance access is blocked.,Road Damage,High,Hazratganj,26.844944,80.947994,Road Damage-4,train,True
SYN-01004,Damaged road needs repair near Gomti Nagar; ambulance access is blocked.,Road Damage,High,Gomti Nagar,26.859519,81.005646,Road Damage-4,train,True
SYN-01005,Damaged road needs repair near Aliganj; ambulance access is blocked.,Road Damage,High,Aliganj,26.898504,80.944709,Road Damage-4,train,True
SYN-01006,Damaged road needs repair near Alambagh; ambulance access is blocked.,Road Damage,High,Alambagh,26.811982,80.903889,Road Damage-4,train,True
SYN-01007,Damaged road needs repair near Indira Nagar; ambulance access is blocked.,Road Damage,High,Indira Nagar,26.884766,80.995685,Road Damage-4,train,True
SYN-01008,Damaged road needs repair near Chowk; ambulance access is blocked.,Road Damage,High,Chowk,26.861143,80.912275,Road Damage-4,train,True
SYN-01009,Sadak par gaddha hai near Hazratganj; minor inconvenience with no immediate danger.,Road Damage,Low,Hazratganj,26.846365,80.944797,Road Damage-5,train,True
SYN-01010,Sadak par gaddha hai near Gomti Nagar; minor inconvenience with no immediate danger.,Road Damage,Low,Gomti Nagar,26.857506,81.005018,Road Damage-5,train,True
SYN-01011,Sadak par gaddha hai near Aliganj; minor inconvenience with no immediate danger.,Road Damage,Low,Aliganj,26.897894,80.946397,Road Damage-5,train,True
SYN-01012,Sadak par gaddha hai near Alambagh; minor inconvenience with no immediate danger.,Road Damage,Low,Alambagh,26.811203,80.90283,Road Damage-5,train,True
SYN-01013,Sadak par gaddha hai near Indira Nagar; minor inconvenience with no immediate danger.,Road Damage,Low,Indira Nagar,26.884223,80.996659,Road Damage-5,train,True
SYN-01014,Sadak par gaddha hai near Chowk; minor inconvenience with no immediate danger.,Road Damage,Low,Chowk,26.86025,80.914871,Road Damage-5,train,True
SYN-01015,Sadak par gaddha hai near Hazratganj; routine maintenance requested.,Road Damage,Low,Hazratganj,26.846929,80.944736,Road Damage-5,train,True
SYN-01016,Sadak par gaddha hai near Gomti Nagar; routine maintenance requested.,Road Damage,Low,Gomti Nagar,26.856971,81.002813,Road Damage-5,train,True
SYN-01017,Sadak par gaddha hai near Aliganj; routine maintenance requested.,Road Damage,Low,Aliganj,26.898587,80.946689,Road Damage-5,train,True
SYN-01018,Sadak par gaddha hai near Alambagh; routine maintenance requested.,Road Damage,Low,Alambagh,26.813389,80.90037,Road Damage-5,train,True
SYN-01019,Sadak par gaddha hai near Indira Nagar; routine maintenance requested.,Road Damage,Low,Indira Nagar,26.883898,80.993762,Road Damage-5,train,True
SYN-01020,Sadak par gaddha hai near Chowk; routine maintenance requested.,Road Damage,Low,Chowk,26.859074,80.913695,Road Damage-5,train,True
SYN-01021,Sadak par gaddha hai near Hazratganj; small issue and access remains open.,Road Damage,Low,Hazratganj,26.847112,80.947694,Road Damage-5,train,True
SYN-01022,Sadak par gaddha hai near Gomti Nagar; small issue and access remains open.,Road Damage,Low,Gomti Nagar,26.856753,81.005047,Road Damage-5,train,True
SYN-01023,Sadak par gaddha hai near Aliganj; small issue and access remains open.,Road Damage,Low,Aliganj,26.898897,80.945235,Road Damage-5,train,True
SYN-01024,Sadak par gaddha hai near Alambagh; small issue and access remains open.,Road Damage,Low,Alambagh,26.811918,80.903478,Road Damage-5,train,True
SYN-01025,Sadak par gaddha hai near Indira Nagar; small issue and access remains open.,Road Damage,Low,Indira Nagar,26.882332,80.996828,Road Damage-5,train,True
SYN-01026,Sadak par gaddha hai near Chowk; small issue and access remains open.,Road Damage,Low,Chowk,26.858061,80.914749,Road Damage-5,train,True
SYN-01027,Sadak par gaddha hai near Hazratganj; halki dikkat hai.,Road Damage,Low,Hazratganj,26.848548,80.944669,Road Damage-5,train,True
SYN-01028,Sadak par gaddha hai near Gomti Nagar; halki dikkat hai.,Road Damage,Low,Gomti Nagar,26.859998,81.003916,Road Damage-5,train,True
SYN-01029,Sadak par gaddha hai near Aliganj; halki dikkat hai.,Road Damage,Low,Aliganj,26.89697,80.945418,Road Damage-5,train,True
SYN-01030,Sadak par gaddha hai near Alambagh; halki dikkat hai.,Road Damage,Low,Alambagh,26.810818,80.903661,Road Damage-5,train,True
SYN-01031,Sadak par gaddha hai near Indira Nagar; halki dikkat hai.,Road Damage,Low,Indira Nagar,26.883208,80.996102,Road Damage-5,train,True
SYN-01032,Sadak par gaddha hai near Chowk; halki dikkat hai.,Road Damage,Low,Chowk,26.859523,80.913135,Road Damage-5,train,True
SYN-01033,Sadak par gaddha hai near Hazratganj; affecting several households for two days.,Road Damage,Medium,Hazratganj,26.846137,80.945246,Road Damage-5,train,True
SYN-01034,Sadak par gaddha hai near Gomti Nagar; affecting several households for two days.,Road Damage,Medium,Gomti Nagar,26.858051,81.003989,Road Damage-5,train,True
SYN-01035,Sadak par gaddha hai near Aliganj; affecting several households for two days.,Road Damage,Medium,Aliganj,26.896394,80.946925,Road Damage-5,train,True
SYN-01036,Sadak par gaddha hai near Alambagh; affecting several households for two days.,Road Damage,Medium,Alambagh,26.811878,80.903359,Road Damage-5,train,True
SYN-01037,Sadak par gaddha hai near Indira Nagar; affecting several households for two days.,Road Damage,Medium,Indira Nagar,26.884657,80.994483,Road Damage-5,train,True
SYN-01038,Sadak par gaddha hai near Chowk; affecting several households for two days.,Road Damage,Medium,Chowk,26.859656,80.91325,Road Damage-5,train,True
SYN-01039,Sadak par gaddha hai near Hazratganj; repeated problem disrupting daily use.,Road Damage,Medium,Hazratganj,26.845585,80.944784,Road Damage-5,train,True
SYN-01040,Sadak par gaddha hai near Gomti Nagar; repeated problem disrupting daily use.,Road Damage,Medium,Gomti Nagar,26.857043,81.005739,Road Damage-5,train,True
SYN-01041,Sadak par gaddha hai near Aliganj; repeated problem disrupting daily use.,Road Damage,Medium,Aliganj,26.898317,80.94467,Road Damage-5,train,True
SYN-01042,Sadak par gaddha hai near Alambagh; repeated problem disrupting daily use.,Road Damage,Medium,Alambagh,26.81061,80.901319,Road Damage-5,train,True
SYN-01043,Sadak par gaddha hai near Indira Nagar; repeated problem disrupting daily use.,Road Damage,Medium,Indira Nagar,26.882519,80.996333,Road Damage-5,train,True
SYN-01044,Sadak par gaddha hai near Chowk; repeated problem disrupting daily use.,Road Damage,Medium,Chowk,26.859997,80.913618,Road Damage-5,train,True
SYN-01045,Sadak par gaddha hai near Hazratganj; residents have difficulty using this lane.,Road Damage,Medium,Hazratganj,26.847439,80.945229,Road Damage-5,train,True
SYN-01046,Sadak par gaddha hai near Gomti Nagar; residents have difficulty using this lane.,Road Damage,Medium,Gomti Nagar,26.859286,81.005866,Road Damage-5,train,True
SYN-01047,Sadak par gaddha hai near Aliganj; residents have difficulty using this lane.,Road Damage,Medium,Aliganj,26.898567,80.944962,Road Damage-5,train,True
SYN-01048,Sadak par gaddha hai near Alambagh; residents have difficulty using this lane.,Road Damage,Medium,Alambagh,26.810673,80.90318,Road Damage-5,train,True
SYN-01049,Sadak par gaddha hai near Indira Nagar; residents have difficulty using this lane.,Road Damage,Medium,Indira Nagar,26.881677,80.995881,Road Damage-5,train,True
SYN-01050,Sadak par gaddha hai near Chowk; residents have difficulty using this lane.,Road Damage,Medium,Chowk,26.859953,80.914668,Road Damage-5,train,True
SYN-01051,Sadak par gaddha hai near Hazratganj; do din se pareshani hai.,Road Damage,Medium,Hazratganj,26.846869,80.946767,Road Damage-5,train,True
SYN-01052,Sadak par gaddha hai near Gomti Nagar; do din se pareshani hai.,Road Damage,Medium,Gomti Nagar,26.856235,81.002135,Road Damage-5,train,True
SYN-01053,Sadak par gaddha hai near Aliganj; do din se pareshani hai.,Road Damage,Medium,Aliganj,26.899387,80.946781,Road Damage-5,train,True
SYN-01054,Sadak par gaddha hai near Alambagh; do din se pareshani hai.,Road Damage,Medium,Alambagh,26.812673,80.903057,Road Damage-5,train,True
SYN-01055,Sadak par gaddha hai near Indira Nagar; do din se pareshani hai.,Road Damage,Medium,Indira Nagar,26.88265,80.99637,Road Damage-5,train,True
SYN-01056,Sadak par gaddha hai near Chowk; do din se pareshani hai.,Road Damage,Medium,Chowk,26.858926,80.913829,Road Damage-5,train,True
SYN-01057,Sadak par gaddha hai near Hazratganj; someone is injured and needs urgent help.,Road Damage,High,Hazratganj,26.844737,80.946223,Road Damage-5,train,True
SYN-01058,Sadak par gaddha hai near Gomti Nagar; someone is injured and needs urgent help.,Road Damage,High,Gomti Nagar,26.857493,81.004471,Road Damage-5,train,True
SYN-01059,Sadak par gaddha hai near Aliganj; someone is injured and needs urgent help.,Road Damage,High,Aliganj,26.898667,80.945466,Road Damage-5,train,True
SYN-01060,Sadak par gaddha hai near Alambagh; someone is injured and needs urgent help.,Road Damage,High,Alambagh,26.811933,80.901951,Road Damage-5,train,True
SYN-01061,Sadak par gaddha hai near Indira Nagar; someone is injured and needs urgent help.,Road Damage,High,Indira Nagar,26.881026,80.995207,Road Damage-5,train,True
SYN-01062,Sadak par gaddha hai near Chowk; someone is injured and needs urgent help.,Road Damage,High,Chowk,26.858047,80.913118,Road Damage-5,train,True
SYN-01063,Sadak par gaddha hai near Hazratganj; exposed live wire creates an electrocution risk.,Road Damage,High,Hazratganj,26.845799,80.94811,Road Damage-5,train,True
SYN-01064,Sadak par gaddha hai near Gomti Nagar; exposed live wire creates an electrocution risk.,Road Damage,High,Gomti Nagar,26.856069,81.005253,Road Damage-5,train,True
SYN-01065,Sadak par gaddha hai near Aliganj; exposed live wire creates an electrocution risk.,Road Damage,High,Aliganj,26.898696,80.946225,Road Damage-5,train,True
SYN-01066,Sadak par gaddha hai near Alambagh; exposed live wire creates an electrocution risk.,Road Damage,High,Alambagh,26.813639,80.900428,Road Damage-5,train,True
SYN-01067,Sadak par gaddha hai near Indira Nagar; exposed live wire creates an electrocution risk.,Road Damage,High,Indira Nagar,26.881385,80.993596,Road Damage-5,train,True
SYN-01068,Sadak par gaddha hai near Chowk; exposed live wire creates an electrocution risk.,Road Damage,High,Chowk,26.858768,80.913106,Road Damage-5,train,True
SYN-01069,Sadak par gaddha hai near Hazratganj; contamination is making children sick.,Road Damage,High,Hazratganj,26.847961,80.945269,Road Damage-5,train,True
SYN-01070,Sadak par gaddha hai near Gomti Nagar; contamination is making children sick.,Road Damage,High,Gomti Nagar,26.857588,81.003492,Road Damage-5,train,True
SYN-01071,Sadak par gaddha hai near Aliganj; contamination is making children sick.,Road Damage,High,Aliganj,26.897624,80.94526,Road Damage-5,train,True
SYN-01072,Sadak par gaddha hai near Alambagh; contamination is making children sick.,Road Damage,High,Alambagh,26.813961,80.900903,Road Damage-5,train,True
SYN-01073,Sadak par gaddha hai near Indira Nagar; contamination is making children sick.,Road Damage,High,Indira Nagar,26.883736,80.996391,Road Damage-5,train,True
SYN-01074,Sadak par gaddha hai near Chowk; contamination is making children sick.,Road Damage,High,Chowk,26.860615,80.914433,Road Damage-5,train,True
SYN-01075,Sadak par gaddha hai near Hazratganj; ambulance access is blocked.,Road Damage,High,Hazratganj,26.847738,80.944574,Road Damage-5,train,True
SYN-01076,Sadak par gaddha hai near Gomti Nagar; ambulance access is blocked.,Road Damage,High,Gomti Nagar,26.857517,81.004211,Road Damage-5,train,True
SYN-01077,Sadak par gaddha hai near Aliganj; ambulance access is blocked.,Road Damage,High,Aliganj,26.896224,80.943038,Road Damage-5,train,True
SYN-01078,Sadak par gaddha hai near Alambagh; ambulance access is blocked.,Road Damage,High,Alambagh,26.810686,80.901999,Road Damage-5,train,True
SYN-01079,Sadak par gaddha hai near Indira Nagar; ambulance access is blocked.,Road Damage,High,Indira Nagar,26.882736,80.996138,Road Damage-5,train,True
SYN-01080,Sadak par gaddha hai near Chowk; ambulance access is blocked.,Road Damage,High,Chowk,26.860263,80.914432,Road Damage-5,train,True
SYN-01081,सड़क पर गड्ढा है near Hazratganj; minor inconvenience with no immediate danger.,Road Damage,Low,Hazratganj,26.845081,80.946313,Road Damage-6,train,True
SYN-01082,सड़क पर गड्ढा है near Gomti Nagar; minor inconvenience with no immediate danger.,Road Damage,Low,Gomti Nagar,26.85617,81.002846,Road Damage-6,train,True
SYN-01083,सड़क पर गड्ढा है near Aliganj; minor inconvenience with no immediate danger.,Road Damage,Low,Aliganj,26.899472,80.94655,Road Damage-6,train,True
SYN-01084,सड़क पर गड्ढा है near Alambagh; minor inconvenience with no immediate danger.,Road Damage,Low,Alambagh,26.811902,80.900186,Road Damage-6,train,True
SYN-01085,सड़क पर गड्ढा है near Indira Nagar; minor inconvenience with no immediate danger.,Road Damage,Low,Indira Nagar,26.881297,80.996702,Road Damage-6,train,True
SYN-01086,सड़क पर गड्ढा है near Chowk; minor inconvenience with no immediate danger.,Road Damage,Low,Chowk,26.861597,80.913254,Road Damage-6,train,True
SYN-01087,सड़क पर गड्ढा है near Hazratganj; routine maintenance requested.,Road Damage,Low,Hazratganj,26.844832,80.947915,Road Damage-6,train,True
SYN-01088,सड़क पर गड्ढा है near Gomti Nagar; routine maintenance requested.,Road Damage,Low,Gomti Nagar,26.857258,81.005846,Road Damage-6,train,True
SYN-01089,सड़क पर गड्ढा है near Aliganj; routine maintenance requested.,Road Damage,Low,Aliganj,26.898348,80.946009,Road Damage-6,train,True
SYN-01090,सड़क पर गड्ढा है near Alambagh; routine maintenance requested.,Road Damage,Low,Alambagh,26.812851,80.901593,Road Damage-6,train,True
SYN-01091,सड़क पर गड्ढा है near Indira Nagar; routine maintenance requested.,Road Damage,Low,Indira Nagar,26.881308,80.99365,Road Damage-6,train,True
SYN-01092,सड़क पर गड्ढा है near Chowk; routine maintenance requested.,Road Damage,Low,Chowk,26.858962,80.914339,Road Damage-6,train,True
SYN-01093,सड़क पर गड्ढा है near Hazratganj; small issue and access remains open.,Road Damage,Low,Hazratganj,26.846257,80.947786,Road Damage-6,train,True
SYN-01094,सड़क पर गड्ढा है near Gomti Nagar; small issue and access remains open.,Road Damage,Low,Gomti Nagar,26.857327,81.005022,Road Damage-6,train,True
SYN-01095,सड़क पर गड्ढा है near Aliganj; small issue and access remains open.,Road Damage,Low,Aliganj,26.89656,80.946954,Road Damage-6,train,True
SYN-01096,सड़क पर गड्ढा है near Alambagh; small issue and access remains open.,Road Damage,Low,Alambagh,26.812897,80.902003,Road Damage-6,train,True
SYN-01097,सड़क पर गड्ढा है near Indira Nagar; small issue and access remains open.,Road Damage,Low,Indira Nagar,26.884897,80.993215,Road Damage-6,train,True
SYN-01098,सड़क पर गड्ढा है near Chowk; small issue and access remains open.,Road Damage,Low,Chowk,26.859748,80.914355,Road Damage-6,train,True
SYN-01099,सड़क पर गड्ढा है near Hazratganj; halki dikkat hai.,Road Damage,Low,Hazratganj,26.846062,80.947276,Road Damage-6,train,True
SYN-01100,सड़क पर गड्ढा है near Gomti Nagar; halki dikkat hai.,Road Damage,Low,Gomti Nagar,26.859819,81.003587,Road Damage-6,train,True
SYN-01101,सड़क पर गड्ढा है near Aliganj; halki dikkat hai.,Road Damage,Low,Aliganj,26.899094,80.943119,Road Damage-6,train,True
SYN-01102,सड़क पर गड्ढा है near Alambagh; halki dikkat hai.,Road Damage,Low,Alambagh,26.811093,80.90397,Road Damage-6,train,True
SYN-01103,सड़क पर गड्ढा है near Indira Nagar; halki dikkat hai.,Road Damage,Low,Indira Nagar,26.882962,80.994423,Road Damage-6,train,True
SYN-01104,सड़क पर गड्ढा है near Chowk; halki dikkat hai.,Road Damage,Low,Chowk,26.861765,80.912727,Road Damage-6,train,True
SYN-01105,सड़क पर गड्ढा है near Hazratganj; affecting several households for two days.,Road Damage,Medium,Hazratganj,26.847419,80.946843,Road Damage-6,train,True
SYN-01106,सड़क पर गड्ढा है near Gomti Nagar; affecting several households for two days.,Road Damage,Medium,Gomti Nagar,26.856343,81.004474,Road Damage-6,train,True
SYN-01107,सड़क पर गड्ढा है near Aliganj; affecting several households for two days.,Road Damage,Medium,Aliganj,26.899192,80.945852,Road Damage-6,train,True
SYN-01108,सड़क पर गड्ढा है near Alambagh; affecting several households for two days.,Road Damage,Medium,Alambagh,26.810328,80.900617,Road Damage-6,train,True
SYN-01109,सड़क पर गड्ढा है near Indira Nagar; affecting several households for two days.,Road Damage,Medium,Indira Nagar,26.883847,80.995536,Road Damage-6,train,True
SYN-01110,सड़क पर गड्ढा है near Chowk; affecting several households for two days.,Road Damage,Medium,Chowk,26.860959,80.912267,Road Damage-6,train,True
SYN-01111,सड़क पर गड्ढा है near Hazratganj; repeated problem disrupting daily use.,Road Damage,Medium,Hazratganj,26.845126,80.944221,Road Damage-6,train,True
SYN-01112,सड़क पर गड्ढा है near Gomti Nagar; repeated problem disrupting daily use.,Road Damage,Medium,Gomti Nagar,26.857233,81.00344,Road Damage-6,train,True
SYN-01113,सड़क पर गड्ढा है near Aliganj; repeated problem disrupting daily use.,Road Damage,Medium,Aliganj,26.897079,80.94353,Road Damage-6,train,True
SYN-01114,सड़क पर गड्ढा है near Alambagh; repeated problem disrupting daily use.,Road Damage,Medium,Alambagh,26.81075,80.901795,Road Damage-6,train,True
SYN-01115,सड़क पर गड्ढा है near Indira Nagar; repeated problem disrupting daily use.,Road Damage,Medium,Indira Nagar,26.883219,80.994632,Road Damage-6,train,True
SYN-01116,सड़क पर गड्ढा है near Chowk; repeated problem disrupting daily use.,Road Damage,Medium,Chowk,26.858105,80.912416,Road Damage-6,train,True
SYN-01117,सड़क पर गड्ढा है near Hazratganj; residents have difficulty using this lane.,Road Damage,Medium,Hazratganj,26.845072,80.946592,Road Damage-6,train,True
SYN-01118,सड़क पर गड्ढा है near Gomti Nagar; residents have difficulty using this lane.,Road Damage,Medium,Gomti Nagar,26.857298,81.003541,Road Damage-6,train,True
SYN-01119,सड़क पर गड्ढा है near Aliganj; residents have difficulty using this lane.,Road Damage,Medium,Aliganj,26.897167,80.944551,Road Damage-6,train,True
SYN-01120,सड़क पर गड्ढा है near Alambagh; residents have difficulty using this lane.,Road Damage,Medium,Alambagh,26.810339,80.903605,Road Damage-6,train,True
SYN-01121,सड़क पर गड्ढा है near Indira Nagar; residents have difficulty using this lane.,Road Damage,Medium,Indira Nagar,26.884621,80.996913,Road Damage-6,train,True
SYN-01122,सड़क पर गड्ढा है near Chowk; residents have difficulty using this lane.,Road Damage,Medium,Chowk,26.860288,80.911678,Road Damage-6,train,True
SYN-01123,सड़क पर गड्ढा है near Hazratganj; do din se pareshani hai.,Road Damage,Medium,Hazratganj,26.846223,80.944755,Road Damage-6,train,True
SYN-01124,सड़क पर गड्ढा है near Gomti Nagar; do din se pareshani hai.,Road Damage,Medium,Gomti Nagar,26.857205,81.003972,Road Damage-6,train,True
SYN-01125,सड़क पर गड्ढा है near Aliganj; do din se pareshani hai.,Road Damage,Medium,Aliganj,26.896253,80.944739,Road Damage-6,train,True
SYN-01126,सड़क पर गड्ढा है near Alambagh; do din se pareshani hai.,Road Damage,Medium,Alambagh,26.811684,80.901937,Road Damage-6,train,True
SYN-01127,सड़क पर गड्ढा है near Indira Nagar; do din se pareshani hai.,Road Damage,Medium,Indira Nagar,26.881308,80.994007,Road Damage-6,train,True
SYN-01128,सड़क पर गड्ढा है near Chowk; do din se pareshani hai.,Road Damage,Medium,Chowk,26.858986,80.9135,Road Damage-6,train,True
SYN-01129,सड़क पर गड्ढा है near Hazratganj; someone is injured and needs urgent help.,Road Damage,High,Hazratganj,26.847075,80.944982,Road Damage-6,train,True
SYN-01130,सड़क पर गड्ढा है near Gomti Nagar; someone is injured and needs urgent help.,Road Damage,High,Gomti Nagar,26.856428,81.003219,Road Damage-6,train,True
SYN-01131,सड़क पर गड्ढा है near Aliganj; someone is injured and needs urgent help.,Road Damage,High,Aliganj,26.899795,80.944329,Road Damage-6,train,True
SYN-01132,सड़क पर गड्ढा है near Alambagh; someone is injured and needs urgent help.,Road Damage,High,Alambagh,26.812481,80.903216,Road Damage-6,train,True
SYN-01133,सड़क पर गड्ढा है near Indira Nagar; someone is injured and needs urgent help.,Road Damage,High,Indira Nagar,26.882318,80.994339,Road Damage-6,train,True
SYN-01134,सड़क पर गड्ढा है near Chowk; someone is injured and needs urgent help.,Road Damage,High,Chowk,26.861262,80.914438,Road Damage-6,train,True
SYN-01135,सड़क पर गड्ढा है near Hazratganj; exposed live wire creates an electrocution risk.,Road Damage,High,Hazratganj,26.848597,80.944744,Road Damage-6,train,True
SYN-01136,सड़क पर गड्ढा है near Gomti Nagar; exposed live wire creates an electrocution risk.,Road Damage,High,Gomti Nagar,26.857283,81.005789,Road Damage-6,train,True
SYN-01137,सड़क पर गड्ढा है near Aliganj; exposed live wire creates an electrocution risk.,Road Damage,High,Aliganj,26.896803,80.944257,Road Damage-6,train,True
SYN-01138,सड़क पर गड्ढा है near Alambagh; exposed live wire creates an electrocution risk.,Road Damage,High,Alambagh,26.813858,80.903875,Road Damage-6,train,True
SYN-01139,सड़क पर गड्ढा है near Indira Nagar; exposed live wire creates an electrocution risk.,Road Damage,High,Indira Nagar,26.882166,80.99578,Road Damage-6,train,True
SYN-01140,सड़क पर गड्ढा है near Chowk; exposed live wire creates an electrocution risk.,Road Damage,High,Chowk,26.859964,80.913304,Road Damage-6,train,True
SYN-01141,सड़क पर गड्ढा है near Hazratganj; contamination is making children sick.,Road Damage,High,Hazratganj,26.84567,80.945704,Road Damage-6,train,True
SYN-01142,सड़क पर गड्ढा है near Gomti Nagar; contamination is making children sick.,Road Damage,High,Gomti Nagar,26.859266,81.003572,Road Damage-6,train,True
SYN-01143,सड़क पर गड्ढा है near Aliganj; contamination is making children sick.,Road Damage,High,Aliganj,26.896456,80.945255,Road Damage-6,train,True
SYN-01144,सड़क पर गड्ढा है near Alambagh; contamination is making children sick.,Road Damage,High,Alambagh,26.812369,80.902183,Road Damage-6,train,True
SYN-01145,सड़क पर गड्ढा है near Indira Nagar; contamination is making children sick.,Road Damage,High,Indira Nagar,26.883727,80.9952,Road Damage-6,train,True
SYN-01146,सड़क पर गड्ढा है near Chowk; contamination is making children sick.,Road Damage,High,Chowk,26.861812,80.912846,Road Damage-6,train,True
SYN-01147,सड़क पर गड्ढा है near Hazratganj; ambulance access is blocked.,Road Damage,High,Hazratganj,26.847533,80.945954,Road Damage-6,train,True
SYN-01148,सड़क पर गड्ढा है near Gomti Nagar; ambulance access is blocked.,Road Damage,High,Gomti Nagar,26.857165,81.004771,Road Damage-6,train,True
SYN-01149,सड़क पर गड्ढा है near Aliganj; ambulance access is blocked.,Road Damage,High,Aliganj,26.899276,80.946183,Road Damage-6,train,True
SYN-01150,सड़क पर गड्ढा है near Alambagh; ambulance access is blocked.,Road Damage,High,Alambagh,26.811637,80.901997,Road Damage-6,train,True
SYN-01151,सड़क पर गड्ढा है near Indira Nagar; ambulance access is blocked.,Road Damage,High,Indira Nagar,26.883533,80.993968,Road Damage-6,train,True
SYN-01152,सड़क पर गड्ढा है near Chowk; ambulance access is blocked.,Road Damage,High,Chowk,26.860635,80.913861,Road Damage-6,train,True
SYN-01153,Deep hole in the roadway near Hazratganj; minor inconvenience with no immediate danger.,Road Damage,Low,Hazratganj,26.847856,80.944496,Road Damage-7,train,True
SYN-01154,Deep hole in the roadway near Gomti Nagar; minor inconvenience with no immediate danger.,Road Damage,Low,Gomti Nagar,26.859963,81.003917,Road Damage-7,train,True
SYN-01155,Deep hole in the roadway near Aliganj; minor inconvenience with no immediate danger.,Road Damage,Low,Aliganj,26.897603,80.945026,Road Damage-7,train,True
SYN-01156,Deep hole in the roadway near Alambagh; minor inconvenience with no immediate danger.,Road Damage,Low,Alambagh,26.813682,80.902767,Road Damage-7,train,True
SYN-01157,Deep hole in the roadway near Indira Nagar; minor inconvenience with no immediate danger.,Road Damage,Low,Indira Nagar,26.883175,80.996163,Road Damage-7,train,True
SYN-01158,Deep hole in the roadway near Chowk; minor inconvenience with no immediate danger.,Road Damage,Low,Chowk,26.859438,80.914582,Road Damage-7,train,True
SYN-01159,Deep hole in the roadway near Hazratganj; routine maintenance requested.,Road Damage,Low,Hazratganj,26.846848,80.946753,Road Damage-7,train,True
SYN-01160,Deep hole in the roadway near Gomti Nagar; routine maintenance requested.,Road Damage,Low,Gomti Nagar,26.85634,81.005076,Road Damage-7,train,True
SYN-01161,Deep hole in the roadway near Aliganj; routine maintenance requested.,Road Damage,Low,Aliganj,26.89863,80.94442,Road Damage-7,train,True
SYN-01162,Deep hole in the roadway near Alambagh; routine maintenance requested.,Road Damage,Low,Alambagh,26.812588,80.900177,Road Damage-7,train,True
SYN-01163,Deep hole in the roadway near Indira Nagar; routine maintenance requested.,Road Damage,Low,Indira Nagar,26.884934,80.99571,Road Damage-7,train,True
SYN-01164,Deep hole in the roadway near Chowk; routine maintenance requested.,Road Damage,Low,Chowk,26.859598,80.914011,Road Damage-7,train,True
SYN-01165,Deep hole in the roadway near Hazratganj; small issue and access remains open.,Road Damage,Low,Hazratganj,26.848563,80.945922,Road Damage-7,train,True
SYN-01166,Deep hole in the roadway near Gomti Nagar; small issue and access remains open.,Road Damage,Low,Gomti Nagar,26.856042,81.003035,Road Damage-7,train,True
SYN-01167,Deep hole in the roadway near Aliganj; small issue and access remains open.,Road Damage,Low,Aliganj,26.898043,80.945075,Road Damage-7,train,True
SYN-01168,Deep hole in the roadway near Alambagh; small issue and access remains open.,Road Damage,Low,Alambagh,26.812322,80.902301,Road Damage-7,train,True
SYN-01169,Deep hole in the roadway near Indira Nagar; small issue and access remains open.,Road Damage,Low,Indira Nagar,26.882783,80.994565,Road Damage-7,train,True
SYN-01170,Deep hole in the roadway near Chowk; small issue and access remains open.,Road Damage,Low,Chowk,26.861089,80.913354,Road Damage-7,train,True
SYN-01171,Deep hole in the roadway near Hazratganj; halki dikkat hai.,Road Damage,Low,Hazratganj,26.846702,80.94558,Road Damage-7,train,True
SYN-01172,Deep hole in the roadway near Gomti Nagar; halki dikkat hai.,Road Damage,Low,Gomti Nagar,26.856098,81.002418,Road Damage-7,train,True
SYN-01173,Deep hole in the roadway near Aliganj; halki dikkat hai.,Road Damage,Low,Aliganj,26.897664,80.946847,Road Damage-7,train,True
SYN-01174,Deep hole in the roadway near Alambagh; halki dikkat hai.,Road Damage,Low,Alambagh,26.810464,80.903763,Road Damage-7,train,True
SYN-01175,Deep hole in the roadway near Indira Nagar; halki dikkat hai.,Road Damage,Low,Indira Nagar,26.881567,80.994248,Road Damage-7,train,True
SYN-01176,Deep hole in the roadway near Chowk; halki dikkat hai.,Road Damage,Low,Chowk,26.859821,80.911827,Road Damage-7,train,True
SYN-01177,Deep hole in the roadway near Hazratganj; affecting several households for two days.,Road Damage,Medium,Hazratganj,26.846632,80.946105,Road Damage-7,train,True
SYN-01178,Deep hole in the roadway near Gomti Nagar; affecting several households for two days.,Road Damage,Medium,Gomti Nagar,26.857753,81.004787,Road Damage-7,train,True
SYN-01179,Deep hole in the roadway near Aliganj; affecting several households for two days.,Road Damage,Medium,Aliganj,26.897276,80.944201,Road Damage-7,train,True
SYN-01180,Deep hole in the roadway near Alambagh; affecting several households for two days.,Road Damage,Medium,Alambagh,26.813241,80.90046,Road Damage-7,train,True
SYN-01181,Deep hole in the roadway near Indira Nagar; affecting several households for two days.,Road Damage,Medium,Indira Nagar,26.884397,80.995592,Road Damage-7,train,True
SYN-01182,Deep hole in the roadway near Chowk; affecting several households for two days.,Road Damage,Medium,Chowk,26.860709,80.911657,Road Damage-7,train,True
SYN-01183,Deep hole in the roadway near Hazratganj; repeated problem disrupting daily use.,Road Damage,Medium,Hazratganj,26.848636,80.945176,Road Damage-7,train,True
SYN-01184,Deep hole in the roadway near Gomti Nagar; repeated problem disrupting daily use.,Road Damage,Medium,Gomti Nagar,26.856698,81.002641,Road Damage-7,train,True
SYN-01185,Deep hole in the roadway near Aliganj; repeated problem disrupting daily use.,Road Damage,Medium,Aliganj,26.898239,80.946834,Road Damage-7,train,True
SYN-01186,Deep hole in the roadway near Alambagh; repeated problem disrupting daily use.,Road Damage,Medium,Alambagh,26.810927,80.90162,Road Damage-7,train,True
SYN-01187,Deep hole in the roadway near Indira Nagar; repeated problem disrupting daily use.,Road Damage,Medium,Indira Nagar,26.881738,80.995562,Road Damage-7,train,True
SYN-01188,Deep hole in the roadway near Chowk; repeated problem disrupting daily use.,Road Damage,Medium,Chowk,26.859729,80.911117,Road Damage-7,train,True
SYN-01189,Deep hole in the roadway near Hazratganj; residents have difficulty using this lane.,Road Damage,Medium,Hazratganj,26.847156,80.944989,Road Damage-7,train,True
SYN-01190,Deep hole in the roadway near Gomti Nagar; residents have difficulty using this lane.,Road Damage,Medium,Gomti Nagar,26.858369,81.003555,Road Damage-7,train,True
SYN-01191,Deep hole in the roadway near Aliganj; residents have difficulty using this lane.,Road Damage,Medium,Aliganj,26.898819,80.943823,Road Damage-7,train,True
SYN-01192,Deep hole in the roadway near Alambagh; residents have difficulty using this lane.,Road Damage,Medium,Alambagh,26.813009,80.903235,Road Damage-7,train,True
SYN-01193,Deep hole in the roadway near Indira Nagar; residents have difficulty using this lane.,Road Damage,Medium,Indira Nagar,26.88125,80.993407,Road Damage-7,train,True
SYN-01194,Deep hole in the roadway near Chowk; residents have difficulty using this lane.,Road Damage,Medium,Chowk,26.861488,80.911748,Road Damage-7,train,True
SYN-01195,Deep hole in the roadway near Hazratganj; do din se pareshani hai.,Road Damage,Medium,Hazratganj,26.846004,80.94603,Road Damage-7,train,True
SYN-01196,Deep hole in the roadway near Gomti Nagar; do din se pareshani hai.,Road Damage,Medium,Gomti Nagar,26.857049,81.005451,Road Damage-7,train,True
SYN-01197,Deep hole in the roadway near Aliganj; do din se pareshani hai.,Road Damage,Medium,Aliganj,26.898111,80.945556,Road Damage-7,train,True
SYN-01198,Deep hole in the roadway near Alambagh; do din se pareshani hai.,Road Damage,Medium,Alambagh,26.812388,80.902445,Road Damage-7,train,True
SYN-01199,Deep hole in the roadway near Indira Nagar; do din se pareshani hai.,Road Damage,Medium,Indira Nagar,26.883348,80.994392,Road Damage-7,train,True
SYN-01200,Deep hole in the roadway near Chowk; do din se pareshani hai.,Road Damage,Medium,Chowk,26.861382,80.913469,Road Damage-7,train,True
SYN-01201,Deep hole in the roadway near Hazratganj; someone is injured and needs urgent help.,Road Damage,High,Hazratganj,26.847955,80.947024,Road Damage-7,train,True
SYN-01202,Deep hole in the roadway near Gomti Nagar; someone is injured and needs urgent help.,Road Damage,High,Gomti Nagar,26.85719,81.004458,Road Damage-7,train,True
SYN-01203,Deep hole in the roadway near Aliganj; someone is injured and needs urgent help.,Road Damage,High,Aliganj,26.896339,80.943536,Road Damage-7,train,True
SYN-01204,Deep hole in the roadway near Alambagh; someone is injured and needs urgent help.,Road Damage,High,Alambagh,26.810471,80.901222,Road Damage-7,train,True
SYN-01205,Deep hole in the roadway near Indira Nagar; someone is injured and needs urgent help.,Road Damage,High,Indira Nagar,26.881732,80.995774,Road Damage-7,train,True
SYN-01206,Deep hole in the roadway near Chowk; someone is injured and needs urgent help.,Road Damage,High,Chowk,26.860043,80.912673,Road Damage-7,train,True
SYN-01207,Deep hole in the roadway near Hazratganj; exposed live wire creates an electrocution risk.,Road Damage,High,Hazratganj,26.845251,80.945735,Road Damage-7,train,True
SYN-01208,Deep hole in the roadway near Gomti Nagar; exposed live wire creates an electrocution risk.,Road Damage,High,Gomti Nagar,26.856743,81.004542,Road Damage-7,train,True
SYN-01209,Deep hole in the roadway near Aliganj; exposed live wire creates an electrocution risk.,Road Damage,High,Aliganj,26.898774,80.945581,Road Damage-7,train,True
SYN-01210,Deep hole in the roadway near Alambagh; exposed live wire creates an electrocution risk.,Road Damage,High,Alambagh,26.814,80.90222,Road Damage-7,train,True
SYN-01211,Deep hole in the roadway near Indira Nagar; exposed live wire creates an electrocution risk.,Road Damage,High,Indira Nagar,26.882959,80.993561,Road Damage-7,train,True
SYN-01212,Deep hole in the roadway near Chowk; exposed live wire creates an electrocution risk.,Road Damage,High,Chowk,26.859258,80.912804,Road Damage-7,train,True
SYN-01213,Deep hole in the roadway near Hazratganj; contamination is making children sick.,Road Damage,High,Hazratganj,26.844914,80.945636,Road Damage-7,train,True
SYN-01214,Deep hole in the roadway near Gomti Nagar; contamination is making children sick.,Road Damage,High,Gomti Nagar,26.856038,81.002546,Road Damage-7,train,True
SYN-01215,Deep hole in the roadway near Aliganj; contamination is making children sick.,Road Damage,High,Aliganj,26.899261,80.946855,Road Damage-7,train,True
SYN-01216,Deep hole in the roadway near Alambagh; contamination is making children sick.,Road Damage,High,Alambagh,26.812022,80.90198,Road Damage-7,train,True
SYN-01217,Deep hole in the roadway near Indira Nagar; contamination is making children sick.,Road Damage,High,Indira Nagar,26.883739,80.994663,Road Damage-7,train,True
SYN-01218,Deep hole in the roadway near Chowk; contamination is making children sick.,Road Damage,High,Chowk,26.86136,80.912955,Road Damage-7,train,True
SYN-01219,Deep hole in the roadway near Hazratganj; ambulance access is blocked.,Road Damage,High,Hazratganj,26.845031,80.944323,Road Damage-7,train,True
SYN-01220,Deep hole in the roadway near Gomti Nagar; ambulance access is blocked.,Road Damage,High,Gomti Nagar,26.859044,81.003168,Road Damage-7,train,True
SYN-01221,Deep hole in the roadway near Aliganj; ambulance access is blocked.,Road Damage,High,Aliganj,26.897099,80.94515,Road Damage-7,train,True
SYN-01222,Deep hole in the roadway near Alambagh; ambulance access is blocked.,Road Damage,High,Alambagh,26.810673,80.901829,Road Damage-7,train,True
SYN-01223,Deep hole in the roadway near Indira Nagar; ambulance access is blocked.,Road Damage,High,Indira Nagar,26.88397,80.996064,Road Damage-7,train,True
SYN-01224,Deep hole in the roadway near Chowk; ambulance access is blocked.,Road Damage,High,Chowk,26.860199,80.911453,Road Damage-7,train,True
SYN-01225,Uneven broken pavement on local road near Hazratganj; सामान्य रखरखाव चाहिए.,Road Damage,Low,Hazratganj,26.845157,80.9473,Road Damage-8,validation,True
SYN-01226,Uneven broken pavement on local road near Gomti Nagar; सामान्य रखरखाव चाहिए.,Road Damage,Low,Gomti Nagar,26.859293,81.003467,Road Damage-8,validation,True
SYN-01227,Uneven broken pavement on local road near Aliganj; सामान्य रखरखाव चाहिए.,Road Damage,Low,Aliganj,26.89929,80.943166,Road Damage-8,validation,True
SYN-01228,Uneven broken pavement on local road near Alambagh; सामान्य रखरखाव चाहिए.,Road Damage,Low,Alambagh,26.812876,80.902185,Road Damage-8,validation,True
SYN-01229,Uneven broken pavement on local road near Indira Nagar; सामान्य रखरखाव चाहिए.,Road Damage,Low,Indira Nagar,26.884959,80.99341,Road Damage-8,validation,True
SYN-01230,Uneven broken pavement on local road near Chowk; सामान्य रखरखाव चाहिए.,Road Damage,Low,Chowk,26.86132,80.914005,Road Damage-8,validation,True
SYN-01231,Uneven broken pavement on local road near Hazratganj; दो दिन से परेशानी है.,Road Damage,Medium,Hazratganj,26.845891,80.948197,Road Damage-8,validation,True
SYN-01232,Uneven broken pavement on local road near Gomti Nagar; दो दिन से परेशानी है.,Road Damage,Medium,Gomti Nagar,26.857799,81.003394,Road Damage-8,validation,True
SYN-01233,Uneven broken pavement on local road near Aliganj; दो दिन से परेशानी है.,Road Damage,Medium,Aliganj,26.899267,80.944756,Road Damage-8,validation,True
SYN-01234,Uneven broken pavement on local road near Alambagh; दो दिन से परेशानी है.,Road Damage,Medium,Alambagh,26.813976,80.903103,Road Damage-8,validation,True
SYN-01235,Uneven broken pavement on local road near Indira Nagar; दो दिन से परेशानी है.,Road Damage,Medium,Indira Nagar,26.881948,80.996243,Road Damage-8,validation,True
SYN-01236,Uneven broken pavement on local road near Chowk; दो दिन से परेशानी है.,Road Damage,Medium,Chowk,26.860352,80.912403,Road Damage-8,validation,True
SYN-01237,Uneven broken pavement on local road near Hazratganj; तुरंत खतरा है लोग घायल हैं.,Road Damage,High,Hazratganj,26.847543,80.946731,Road Damage-8,validation,True
SYN-01238,Uneven broken pavement on local road near Gomti Nagar; तुरंत खतरा है लोग घायल हैं.,Road Damage,High,Gomti Nagar,26.856664,81.002557,Road Damage-8,validation,True
SYN-01239,Uneven broken pavement on local road near Aliganj; तुरंत खतरा है लोग घायल हैं.,Road Damage,High,Aliganj,26.896826,80.943828,Road Damage-8,validation,True
SYN-01240,Uneven broken pavement on local road near Alambagh; तुरंत खतरा है लोग घायल हैं.,Road Damage,High,Alambagh,26.810237,80.901403,Road Damage-8,validation,True
SYN-01241,Uneven broken pavement on local road near Indira Nagar; तुरंत खतरा है लोग घायल हैं.,Road Damage,High,Indira Nagar,26.882124,80.995155,Road Damage-8,validation,True
SYN-01242,Uneven broken pavement on local road near Chowk; तुरंत खतरा है लोग घायल हैं.,Road Damage,High,Chowk,26.859295,80.913816,Road Damage-8,validation,True
SYN-01243,Potholes make cycling difficult near Hazratganj; सामान्य रखरखाव चाहिए.,Road Damage,Low,Hazratganj,26.845857,80.945269,Road Damage-9,validation,True
SYN-01244,Potholes make cycling difficult near Gomti Nagar; सामान्य रखरखाव चाहिए.,Road Damage,Low,Gomti Nagar,26.859432,81.005942,Road Damage-9,validation,True
SYN-01245,Potholes make cycling difficult near Aliganj; सामान्य रखरखाव चाहिए.,Road Damage,Low,Aliganj,26.898717,80.943381,Road Damage-9,validation,True
SYN-01246,Potholes make cycling difficult near Alambagh; सामान्य रखरखाव चाहिए.,Road Damage,Low,Alambagh,26.813851,80.903143,Road Damage-9,validation,True
SYN-01247,Potholes make cycling difficult near Indira Nagar; सामान्य रखरखाव चाहिए.,Road Damage,Low,Indira Nagar,26.884675,80.99697,Road Damage-9,validation,True
SYN-01248,Potholes make cycling difficult near Chowk; सामान्य रखरखाव चाहिए.,Road Damage,Low,Chowk,26.861468,80.911508,Road Damage-9,validation,True
SYN-01249,Potholes make cycling difficult near Hazratganj; दो दिन से परेशानी है.,Road Damage,Medium,Hazratganj,26.848164,80.945199,Road Damage-9,validation,True
SYN-01250,Potholes make cycling difficult near Gomti Nagar; दो दिन से परेशानी है.,Road Damage,Medium,Gomti Nagar,26.858846,81.005314,Road Damage-9,validation,True
SYN-01251,Potholes make cycling difficult near Aliganj; दो दिन से परेशानी है.,Road Damage,Medium,Aliganj,26.899046,80.945705,Road Damage-9,validation,True
SYN-01252,Potholes make cycling difficult near Alambagh; दो दिन से परेशानी है.,Road Damage,Medium,Alambagh,26.811958,80.90231,Road Damage-9,validation,True
SYN-01253,Potholes make cycling difficult near Indira Nagar; दो दिन से परेशानी है.,Road Damage,Medium,Indira Nagar,26.882075,80.994657,Road Damage-9,validation,True
SYN-01254,Potholes make cycling difficult near Chowk; दो दिन से परेशानी है.,Road Damage,Medium,Chowk,26.859808,80.913535,Road Damage-9,validation,True
SYN-01255,Potholes make cycling difficult near Hazratganj; तुरंत खतरा है लोग घायल हैं.,Road Damage,High,Hazratganj,26.848221,80.944572,Road Damage-9,validation,True
SYN-01256,Potholes make cycling difficult near Gomti Nagar; तुरंत खतरा है लोग घायल हैं.,Road Damage,High,Gomti Nagar,26.858062,81.003113,Road Damage-9,validation,True
SYN-01257,Potholes make cycling difficult near Aliganj; तुरंत खतरा है लोग घायल हैं.,Road Damage,High,Aliganj,26.899745,80.944476,Road Damage-9,validation,True
SYN-01258,Potholes make cycling difficult near Alambagh; तुरंत खतरा है लोग घायल हैं.,Road Damage,High,Alambagh,26.813801,80.901309,Road Damage-9,validation,True
SYN-01259,Potholes make cycling difficult near Indira Nagar; तुरंत खतरा है लोग घायल हैं.,Road Damage,High,Indira Nagar,26.88101,80.996097,Road Damage-9,validation,True
SYN-01260,Potholes make cycling difficult near Chowk; तुरंत खतरा है लोग घायल हैं.,Road Damage,High,Chowk,26.860931,80.913924,Road Damage-9,validation,True
SYN-01261,Sadak toot gayi hai near Hazratganj; please schedule a routine inspection.,Road Damage,Low,Hazratganj,26.846534,80.946857,Road Damage-10,test,True
SYN-01262,Sadak toot gayi hai near Gomti Nagar; please schedule a routine inspection.,Road Damage,Low,Gomti Nagar,26.857433,81.002253,Road Damage-10,test,True
SYN-01263,Sadak toot gayi hai near Aliganj; please schedule a routine inspection.,Road Damage,Low,Aliganj,26.898138,80.943871,Road Damage-10,test,True
SYN-01264,Sadak toot gayi hai near Alambagh; please schedule a routine inspection.,Road Damage,Low,Alambagh,26.811719,80.900847,Road Damage-10,test,True
SYN-01265,Sadak toot gayi hai near Indira Nagar; please schedule a routine inspection.,Road Damage,Low,Indira Nagar,26.882074,80.996313,Road Damage-10,test,True
SYN-01266,Sadak toot gayi hai near Chowk; please schedule a routine inspection.,Road Damage,Low,Chowk,26.859351,80.913312,Road Damage-10,test,True
SYN-01267,Sadak toot gayi hai near Hazratganj; daily activities are being disrupted.,Road Damage,Medium,Hazratganj,26.846965,80.946141,Road Damage-10,test,True
SYN-01268,Sadak toot gayi hai near Gomti Nagar; daily activities are being disrupted.,Road Damage,Medium,Gomti Nagar,26.857375,81.00473,Road Damage-10,test,True
SYN-01269,Sadak toot gayi hai near Aliganj; daily activities are being disrupted.,Road Damage,Medium,Aliganj,26.896194,80.943398,Road Damage-10,test,True
SYN-01270,Sadak toot gayi hai near Alambagh; daily activities are being disrupted.,Road Damage,Medium,Alambagh,26.813136,80.901838,Road Damage-10,test,True
SYN-01271,Sadak toot gayi hai near Indira Nagar; daily activities are being disrupted.,Road Damage,Medium,Indira Nagar,26.881497,80.996431,Road Damage-10,test,True
SYN-01272,Sadak toot gayi hai near Chowk; daily activities are being disrupted.,Road Damage,Medium,Chowk,26.859765,80.911003,Road Damage-10,test,True
SYN-01273,Sadak toot gayi hai near Hazratganj; immediate danger to residents.,Road Damage,High,Hazratganj,26.848532,80.945009,Road Damage-10,test,True
SYN-01274,Sadak toot gayi hai near Gomti Nagar; immediate danger to residents.,Road Damage,High,Gomti Nagar,26.858754,81.002528,Road Damage-10,test,True
SYN-01275,Sadak toot gayi hai near Aliganj; immediate danger to residents.,Road Damage,High,Aliganj,26.8986,80.943636,Road Damage-10,test,True
SYN-01276,Sadak toot gayi hai near Alambagh; immediate danger to residents.,Road Damage,High,Alambagh,26.813731,80.901096,Road Damage-10,test,True
SYN-01277,Sadak toot gayi hai near Indira Nagar; immediate danger to residents.,Road Damage,High,Indira Nagar,26.883618,80.994002,Road Damage-10,test,True
SYN-01278,Sadak toot gayi hai near Chowk; immediate danger to residents.,Road Damage,High,Chowk,26.859487,80.914615,Road Damage-10,test,True
SYN-01279,सड़क की मरम्मत चाहिए near Hazratganj; please schedule a routine inspection.,Road Damage,Low,Hazratganj,26.845362,80.945785,Road Damage-11,test,True
SYN-01280,सड़क की मरम्मत चाहिए near Gomti Nagar; please schedule a routine inspection.,Road Damage,Low,Gomti Nagar,26.857222,81.004798,Road Damage-11,test,True
SYN-01281,सड़क की मरम्मत चाहिए near Aliganj; please schedule a routine inspection.,Road Damage,Low,Aliganj,26.896937,80.945622,Road Damage-11,test,True
SYN-01282,सड़क की मरम्मत चाहिए near Alambagh; please schedule a routine inspection.,Road Damage,Low,Alambagh,26.812815,80.900004,Road Damage-11,test,True
SYN-01283,सड़क की मरम्मत चाहिए near Indira Nagar; please schedule a routine inspection.,Road Damage,Low,Indira Nagar,26.882907,80.993531,Road Damage-11,test,True
SYN-01284,सड़क की मरम्मत चाहिए near Chowk; please schedule a routine inspection.,Road Damage,Low,Chowk,26.858905,80.91372,Road Damage-11,test,True
SYN-01285,सड़क की मरम्मत चाहिए near Hazratganj; daily activities are being disrupted.,Road Damage,Medium,Hazratganj,26.844737,80.946982,Road Damage-11,test,True
SYN-01286,सड़क की मरम्मत चाहिए near Gomti Nagar; daily activities are being disrupted.,Road Damage,Medium,Gomti Nagar,26.859268,81.005953,Road Damage-11,test,True
SYN-01287,सड़क की मरम्मत चाहिए near Aliganj; daily activities are being disrupted.,Road Damage,Medium,Aliganj,26.897689,80.943529,Road Damage-11,test,True
SYN-01288,सड़क की मरम्मत चाहिए near Alambagh; daily activities are being disrupted.,Road Damage,Medium,Alambagh,26.810283,80.901532,Road Damage-11,test,True
SYN-01289,सड़क की मरम्मत चाहिए near Indira Nagar; daily activities are being disrupted.,Road Damage,Medium,Indira Nagar,26.883923,80.99341,Road Damage-11,test,True
SYN-01290,सड़क की मरम्मत चाहिए near Chowk; daily activities are being disrupted.,Road Damage,Medium,Chowk,26.859253,80.914524,Road Damage-11,test,True
SYN-01291,सड़क की मरम्मत चाहिए near Hazratganj; immediate danger to residents.,Road Damage,High,Hazratganj,26.845249,80.947294,Road Damage-11,test,True
SYN-01292,सड़क की मरम्मत चाहिए near Gomti Nagar; immediate danger to residents.,Road Damage,High,Gomti Nagar,26.859013,81.002533,Road Damage-11,test,True
SYN-01293,सड़क की मरम्मत चाहिए near Aliganj; immediate danger to residents.,Road Damage,High,Aliganj,26.899972,80.943571,Road Damage-11,test,True
SYN-01294,सड़क की मरम्मत चाहिए near Alambagh; immediate danger to residents.,Road Damage,High,Alambagh,26.812122,80.900034,Road Damage-11,test,True
SYN-01295,सड़क की मरम्मत चाहिए near Indira Nagar; immediate danger to residents.,Road Damage,High,Indira Nagar,26.8836,80.99476,Road Damage-11,test,True
SYN-01296,सड़क की मरम्मत चाहिए near Chowk; immediate danger to residents.,Road Damage,High,Chowk,26.86089,80.913512,Road Damage-11,test,True
SYN-01297,Streetlight is not working near Hazratganj; minor inconvenience with no immediate danger.,Streetlight,Low,Hazratganj,26.845305,80.945847,Streetlight-0,train,True
SYN-01298,Streetlight is not working near Gomti Nagar; minor inconvenience with no immediate danger.,Streetlight,Low,Gomti Nagar,26.858746,81.00544,Streetlight-0,train,True
SYN-01299,Streetlight is not working near Aliganj; minor inconvenience with no immediate danger.,Streetlight,Low,Aliganj,26.896347,80.943402,Streetlight-0,train,True
SYN-01300,Streetlight is not working near Alambagh; minor inconvenience with no immediate danger.,Streetlight,Low,Alambagh,26.81301,80.902358,Streetlight-0,train,True
SYN-01301,Streetlight is not working near Indira Nagar; minor inconvenience with no immediate danger.,Streetlight,Low,Indira Nagar,26.882536,80.996853,Streetlight-0,train,True
SYN-01302,Streetlight is not working near Chowk; minor inconvenience with no immediate danger.,Streetlight,Low,Chowk,26.859258,80.911559,Streetlight-0,train,True
SYN-01303,Streetlight is not working near Hazratganj; routine maintenance requested.,Streetlight,Low,Hazratganj,26.845808,80.944537,Streetlight-0,train,True
SYN-01304,Streetlight is not working near Gomti Nagar; routine maintenance requested.,Streetlight,Low,Gomti Nagar,26.858214,81.0044,Streetlight-0,train,True
SYN-01305,Streetlight is not working near Aliganj; routine maintenance requested.,Streetlight,Low,Aliganj,26.89843,80.946116,Streetlight-0,train,True
SYN-01306,Streetlight is not working near Alambagh; routine maintenance requested.,Streetlight,Low,Alambagh,26.812762,80.903392,Streetlight-0,train,True
SYN-01307,Streetlight is not working near Indira Nagar; routine maintenance requested.,Streetlight,Low,Indira Nagar,26.883634,80.994207,Streetlight-0,train,True
SYN-01308,Streetlight is not working near Chowk; routine maintenance requested.,Streetlight,Low,Chowk,26.860071,80.913038,Streetlight-0,train,True
SYN-01309,Streetlight is not working near Hazratganj; small issue and access remains open.,Streetlight,Low,Hazratganj,26.847691,80.945382,Streetlight-0,train,True
SYN-01310,Streetlight is not working near Gomti Nagar; small issue and access remains open.,Streetlight,Low,Gomti Nagar,26.856218,81.005592,Streetlight-0,train,True
SYN-01311,Streetlight is not working near Aliganj; small issue and access remains open.,Streetlight,Low,Aliganj,26.899819,80.94498,Streetlight-0,train,True
SYN-01312,Streetlight is not working near Alambagh; small issue and access remains open.,Streetlight,Low,Alambagh,26.810451,80.901998,Streetlight-0,train,True
SYN-01313,Streetlight is not working near Indira Nagar; small issue and access remains open.,Streetlight,Low,Indira Nagar,26.883376,80.995113,Streetlight-0,train,True
SYN-01314,Streetlight is not working near Chowk; small issue and access remains open.,Streetlight,Low,Chowk,26.861911,80.914948,Streetlight-0,train,True
SYN-01315,Streetlight is not working near Hazratganj; halki dikkat hai.,Streetlight,Low,Hazratganj,26.848436,80.944728,Streetlight-0,train,True
SYN-01316,Streetlight is not working near Gomti Nagar; halki dikkat hai.,Streetlight,Low,Gomti Nagar,26.859443,81.004274,Streetlight-0,train,True
SYN-01317,Streetlight is not working near Aliganj; halki dikkat hai.,Streetlight,Low,Aliganj,26.897462,80.945732,Streetlight-0,train,True
SYN-01318,Streetlight is not working near Alambagh; halki dikkat hai.,Streetlight,Low,Alambagh,26.813051,80.903818,Streetlight-0,train,True
SYN-01319,Streetlight is not working near Indira Nagar; halki dikkat hai.,Streetlight,Low,Indira Nagar,26.884081,80.993067,Streetlight-0,train,True
SYN-01320,Streetlight is not working near Chowk; halki dikkat hai.,Streetlight,Low,Chowk,26.85827,80.912049,Streetlight-0,train,True
SYN-01321,Streetlight is not working near Hazratganj; affecting several households for two days.,Streetlight,Medium,Hazratganj,26.844859,80.944442,Streetlight-0,train,True
SYN-01322,Streetlight is not working near Gomti Nagar; affecting several households for two days.,Streetlight,Medium,Gomti Nagar,26.859157,81.004026,Streetlight-0,train,True
SYN-01323,Streetlight is not working near Aliganj; affecting several households for two days.,Streetlight,Medium,Aliganj,26.898514,80.945004,Streetlight-0,train,True
SYN-01324,Streetlight is not working near Alambagh; affecting several households for two days.,Streetlight,Medium,Alambagh,26.811662,80.902807,Streetlight-0,train,True
SYN-01325,Streetlight is not working near Indira Nagar; affecting several households for two days.,Streetlight,Medium,Indira Nagar,26.88133,80.995146,Streetlight-0,train,True
SYN-01326,Streetlight is not working near Chowk; affecting several households for two days.,Streetlight,Medium,Chowk,26.860464,80.91211,Streetlight-0,train,True
SYN-01327,Streetlight is not working near Hazratganj; repeated problem disrupting daily use.,Streetlight,Medium,Hazratganj,26.84594,80.946245,Streetlight-0,train,True
SYN-01328,Streetlight is not working near Gomti Nagar; repeated problem disrupting daily use.,Streetlight,Medium,Gomti Nagar,26.856813,81.005232,Streetlight-0,train,True
SYN-01329,Streetlight is not working near Aliganj; repeated problem disrupting daily use.,Streetlight,Medium,Aliganj,26.898146,80.944563,Streetlight-0,train,True
SYN-01330,Streetlight is not working near Alambagh; repeated problem disrupting daily use.,Streetlight,Medium,Alambagh,26.812537,80.903338,Streetlight-0,train,True
SYN-01331,Streetlight is not working near Indira Nagar; repeated problem disrupting daily use.,Streetlight,Medium,Indira Nagar,26.883724,80.993264,Streetlight-0,train,True
SYN-01332,Streetlight is not working near Chowk; repeated problem disrupting daily use.,Streetlight,Medium,Chowk,26.860795,80.91392,Streetlight-0,train,True
SYN-01333,Streetlight is not working near Hazratganj; residents have difficulty using this lane.,Streetlight,Medium,Hazratganj,26.848086,80.944432,Streetlight-0,train,True
SYN-01334,Streetlight is not working near Gomti Nagar; residents have difficulty using this lane.,Streetlight,Medium,Gomti Nagar,26.856345,81.003738,Streetlight-0,train,True
SYN-01335,Streetlight is not working near Aliganj; residents have difficulty using this lane.,Streetlight,Medium,Aliganj,26.897813,80.945435,Streetlight-0,train,True
SYN-01336,Streetlight is not working near Alambagh; residents have difficulty using this lane.,Streetlight,Medium,Alambagh,26.811237,80.902967,Streetlight-0,train,True
SYN-01337,Streetlight is not working near Indira Nagar; residents have difficulty using this lane.,Streetlight,Medium,Indira Nagar,26.883963,80.993478,Streetlight-0,train,True
SYN-01338,Streetlight is not working near Chowk; residents have difficulty using this lane.,Streetlight,Medium,Chowk,26.860832,80.913806,Streetlight-0,train,True
SYN-01339,Streetlight is not working near Hazratganj; do din se pareshani hai.,Streetlight,Medium,Hazratganj,26.845355,80.948012,Streetlight-0,train,True
SYN-01340,Streetlight is not working near Gomti Nagar; do din se pareshani hai.,Streetlight,Medium,Gomti Nagar,26.858092,81.005132,Streetlight-0,train,True
SYN-01341,Streetlight is not working near Aliganj; do din se pareshani hai.,Streetlight,Medium,Aliganj,26.898883,80.943668,Streetlight-0,train,True
SYN-01342,Streetlight is not working near Alambagh; do din se pareshani hai.,Streetlight,Medium,Alambagh,26.810508,80.903124,Streetlight-0,train,True
SYN-01343,Streetlight is not working near Indira Nagar; do din se pareshani hai.,Streetlight,Medium,Indira Nagar,26.882075,80.996546,Streetlight-0,train,True
SYN-01344,Streetlight is not working near Chowk; do din se pareshani hai.,Streetlight,Medium,Chowk,26.861086,80.911117,Streetlight-0,train,True
SYN-01345,Streetlight is not working near Hazratganj; someone is injured and needs urgent help.,Streetlight,High,Hazratganj,26.847928,80.945288,Streetlight-0,train,True
SYN-01346,Streetlight is not working near Gomti Nagar; someone is injured and needs urgent help.,Streetlight,High,Gomti Nagar,26.856255,81.004849,Streetlight-0,train,True
SYN-01347,Streetlight is not working near Aliganj; someone is injured and needs urgent help.,Streetlight,High,Aliganj,26.898307,80.943308,Streetlight-0,train,True
SYN-01348,Streetlight is not working near Alambagh; someone is injured and needs urgent help.,Streetlight,High,Alambagh,26.811821,80.90144,Streetlight-0,train,True
SYN-01349,Streetlight is not working near Indira Nagar; someone is injured and needs urgent help.,Streetlight,High,Indira Nagar,26.882998,80.995268,Streetlight-0,train,True
SYN-01350,Streetlight is not working near Chowk; someone is injured and needs urgent help.,Streetlight,High,Chowk,26.859471,80.91202,Streetlight-0,train,True
SYN-01351,Streetlight is not working near Hazratganj; exposed live wire creates an electrocution risk.,Streetlight,High,Hazratganj,26.845112,80.946496,Streetlight-0,train,True
SYN-01352,Streetlight is not working near Gomti Nagar; exposed live wire creates an electrocution risk.,Streetlight,High,Gomti Nagar,26.858891,81.002914,Streetlight-0,train,True
SYN-01353,Streetlight is not working near Aliganj; exposed live wire creates an electrocution risk.,Streetlight,High,Aliganj,26.898035,80.943176,Streetlight-0,train,True
SYN-01354,Streetlight is not working near Alambagh; exposed live wire creates an electrocution risk.,Streetlight,High,Alambagh,26.813452,80.900978,Streetlight-0,train,True
SYN-01355,Streetlight is not working near Indira Nagar; exposed live wire creates an electrocution risk.,Streetlight,High,Indira Nagar,26.882887,80.994532,Streetlight-0,train,True
SYN-01356,Streetlight is not working near Chowk; exposed live wire creates an electrocution risk.,Streetlight,High,Chowk,26.8586,80.914725,Streetlight-0,train,True
SYN-01357,Streetlight is not working near Hazratganj; contamination is making children sick.,Streetlight,High,Hazratganj,26.84813,80.946411,Streetlight-0,train,True
SYN-01358,Streetlight is not working near Gomti Nagar; contamination is making children sick.,Streetlight,High,Gomti Nagar,26.859656,81.004963,Streetlight-0,train,True
SYN-01359,Streetlight is not working near Aliganj; contamination is making children sick.,Streetlight,High,Aliganj,26.897677,80.944287,Streetlight-0,train,True
SYN-01360,Streetlight is not working near Alambagh; contamination is making children sick.,Streetlight,High,Alambagh,26.811665,80.902881,Streetlight-0,train,True
SYN-01361,Streetlight is not working near Indira Nagar; contamination is making children sick.,Streetlight,High,Indira Nagar,26.882085,80.993312,Streetlight-0,train,True
SYN-01362,Streetlight is not working near Chowk; contamination is making children sick.,Streetlight,High,Chowk,26.859491,80.913008,Streetlight-0,train,True
SYN-01363,Streetlight is not working near Hazratganj; ambulance access is blocked.,Streetlight,High,Hazratganj,26.848308,80.944917,Streetlight-0,train,True
SYN-01364,Streetlight is not working near Gomti Nagar; ambulance access is blocked.,Streetlight,High,Gomti Nagar,26.859217,81.005926,Streetlight-0,train,True
SYN-01365,Streetlight is not working near Aliganj; ambulance access is blocked.,Streetlight,High,Aliganj,26.899816,80.943276,Streetlight-0,train,True
SYN-01366,Streetlight is not working near Alambagh; ambulance access is blocked.,Streetlight,High,Alambagh,26.81186,80.901129,Streetlight-0,train,True
SYN-01367,Streetlight is not working near Indira Nagar; ambulance access is blocked.,Streetlight,High,Indira Nagar,26.884379,80.994309,Streetlight-0,train,True
SYN-01368,Streetlight is not working near Chowk; ambulance access is blocked.,Streetlight,High,Chowk,26.860212,80.911032,Streetlight-0,train,True
SYN-01369,Public lamp flickers all night near Hazratganj; minor inconvenience with no immediate danger.,Streetlight,Low,Hazratganj,26.845503,80.946455,Streetlight-1,train,True
SYN-01370,Public lamp flickers all night near Gomti Nagar; minor inconvenience with no immediate danger.,Streetlight,Low,Gomti Nagar,26.857216,81.004491,Streetlight-1,train,True
SYN-01371,Public lamp flickers all night near Aliganj; minor inconvenience with no immediate danger.,Streetlight,Low,Aliganj,26.897856,80.945367,Streetlight-1,train,True
SYN-01372,Public lamp flickers all night near Alambagh; minor inconvenience with no immediate danger.,Streetlight,Low,Alambagh,26.811973,80.90309,Streetlight-1,train,True
SYN-01373,Public lamp flickers all night near Indira Nagar; minor inconvenience with no immediate danger.,Streetlight,Low,Indira Nagar,26.881782,80.996602,Streetlight-1,train,True
SYN-01374,Public lamp flickers all night near Chowk; minor inconvenience with no immediate danger.,Streetlight,Low,Chowk,26.861042,80.911981,Streetlight-1,train,True
SYN-01375,Public lamp flickers all night near Hazratganj; routine maintenance requested.,Streetlight,Low,Hazratganj,26.844726,80.94584,Streetlight-1,train,True
SYN-01376,Public lamp flickers all night near Gomti Nagar; routine maintenance requested.,Streetlight,Low,Gomti Nagar,26.856932,81.003386,Streetlight-1,train,True
SYN-01377,Public lamp flickers all night near Aliganj; routine maintenance requested.,Streetlight,Low,Aliganj,26.899358,80.946509,Streetlight-1,train,True
SYN-01378,Public lamp flickers all night near Alambagh; routine maintenance requested.,Streetlight,Low,Alambagh,26.813804,80.900006,Streetlight-1,train,True
SYN-01379,Public lamp flickers all night near Indira Nagar; routine maintenance requested.,Streetlight,Low,Indira Nagar,26.883629,80.996396,Streetlight-1,train,True
SYN-01380,Public lamp flickers all night near Chowk; routine maintenance requested.,Streetlight,Low,Chowk,26.860909,80.911416,Streetlight-1,train,True
SYN-01381,Public lamp flickers all night near Hazratganj; small issue and access remains open.,Streetlight,Low,Hazratganj,26.846819,80.945153,Streetlight-1,train,True
SYN-01382,Public lamp flickers all night near Gomti Nagar; small issue and access remains open.,Streetlight,Low,Gomti Nagar,26.857968,81.00224,Streetlight-1,train,True
SYN-01383,Public lamp flickers all night near Aliganj; small issue and access remains open.,Streetlight,Low,Aliganj,26.899988,80.945847,Streetlight-1,train,True
SYN-01384,Public lamp flickers all night near Alambagh; small issue and access remains open.,Streetlight,Low,Alambagh,26.810372,80.903685,Streetlight-1,train,True
SYN-01385,Public lamp flickers all night near Indira Nagar; small issue and access remains open.,Streetlight,Low,Indira Nagar,26.884589,80.995079,Streetlight-1,train,True
SYN-01386,Public lamp flickers all night near Chowk; small issue and access remains open.,Streetlight,Low,Chowk,26.860803,80.91249,Streetlight-1,train,True
SYN-01387,Public lamp flickers all night near Hazratganj; halki dikkat hai.,Streetlight,Low,Hazratganj,26.848598,80.94454,Streetlight-1,train,True
SYN-01388,Public lamp flickers all night near Gomti Nagar; halki dikkat hai.,Streetlight,Low,Gomti Nagar,26.856382,81.002534,Streetlight-1,train,True
SYN-01389,Public lamp flickers all night near Aliganj; halki dikkat hai.,Streetlight,Low,Aliganj,26.89928,80.943299,Streetlight-1,train,True
SYN-01390,Public lamp flickers all night near Alambagh; halki dikkat hai.,Streetlight,Low,Alambagh,26.812271,80.90174,Streetlight-1,train,True
SYN-01391,Public lamp flickers all night near Indira Nagar; halki dikkat hai.,Streetlight,Low,Indira Nagar,26.884857,80.993947,Streetlight-1,train,True
SYN-01392,Public lamp flickers all night near Chowk; halki dikkat hai.,Streetlight,Low,Chowk,26.859044,80.91226,Streetlight-1,train,True
SYN-01393,Public lamp flickers all night near Hazratganj; affecting several households for two days.,Streetlight,Medium,Hazratganj,26.847903,80.947003,Streetlight-1,train,True
SYN-01394,Public lamp flickers all night near Gomti Nagar; affecting several households for two days.,Streetlight,Medium,Gomti Nagar,26.858941,81.003272,Streetlight-1,train,True
SYN-01395,Public lamp flickers all night near Aliganj; affecting several households for two days.,Streetlight,Medium,Aliganj,26.897088,80.943299,Streetlight-1,train,True
SYN-01396,Public lamp flickers all night near Alambagh; affecting several households for two days.,Streetlight,Medium,Alambagh,26.810811,80.90312,Streetlight-1,train,True
SYN-01397,Public lamp flickers all night near Indira Nagar; affecting several households for two days.,Streetlight,Medium,Indira Nagar,26.883339,80.993622,Streetlight-1,train,True
SYN-01398,Public lamp flickers all night near Chowk; affecting several households for two days.,Streetlight,Medium,Chowk,26.858657,80.912864,Streetlight-1,train,True
SYN-01399,Public lamp flickers all night near Hazratganj; repeated problem disrupting daily use.,Streetlight,Medium,Hazratganj,26.846326,80.946344,Streetlight-1,train,True
SYN-01400,Public lamp flickers all night near Gomti Nagar; repeated problem disrupting daily use.,Streetlight,Medium,Gomti Nagar,26.859859,81.002831,Streetlight-1,train,True
SYN-01401,Public lamp flickers all night near Aliganj; repeated problem disrupting daily use.,Streetlight,Medium,Aliganj,26.897233,80.94406,Streetlight-1,train,True
SYN-01402,Public lamp flickers all night near Alambagh; repeated problem disrupting daily use.,Streetlight,Medium,Alambagh,26.81048,80.90063,Streetlight-1,train,True
SYN-01403,Public lamp flickers all night near Indira Nagar; repeated problem disrupting daily use.,Streetlight,Medium,Indira Nagar,26.883744,80.996306,Streetlight-1,train,True
SYN-01404,Public lamp flickers all night near Chowk; repeated problem disrupting daily use.,Streetlight,Medium,Chowk,26.860788,80.911161,Streetlight-1,train,True
SYN-01405,Public lamp flickers all night near Hazratganj; residents have difficulty using this lane.,Streetlight,Medium,Hazratganj,26.848044,80.945511,Streetlight-1,train,True
SYN-01406,Public lamp flickers all night near Gomti Nagar; residents have difficulty using this lane.,Streetlight,Medium,Gomti Nagar,26.856365,81.002993,Streetlight-1,train,True
SYN-01407,Public lamp flickers all night near Aliganj; residents have difficulty using this lane.,Streetlight,Medium,Aliganj,26.897423,80.945054,Streetlight-1,train,True
SYN-01408,Public lamp flickers all night near Alambagh; residents have difficulty using this lane.,Streetlight,Medium,Alambagh,26.812709,80.901041,Streetlight-1,train,True
SYN-01409,Public lamp flickers all night near Indira Nagar; residents have difficulty using this lane.,Streetlight,Medium,Indira Nagar,26.884963,80.993124,Streetlight-1,train,True
SYN-01410,Public lamp flickers all night near Chowk; residents have difficulty using this lane.,Streetlight,Medium,Chowk,26.859618,80.912809,Streetlight-1,train,True
SYN-01411,Public lamp flickers all night near Hazratganj; do din se pareshani hai.,Streetlight,Medium,Hazratganj,26.847692,80.945199,Streetlight-1,train,True
SYN-01412,Public lamp flickers all night near Gomti Nagar; do din se pareshani hai.,Streetlight,Medium,Gomti Nagar,26.857848,81.005216,Streetlight-1,train,True
SYN-01413,Public lamp flickers all night near Aliganj; do din se pareshani hai.,Streetlight,Medium,Aliganj,26.896559,80.943048,Streetlight-1,train,True
SYN-01414,Public lamp flickers all night near Alambagh; do din se pareshani hai.,Streetlight,Medium,Alambagh,26.813321,80.90393,Streetlight-1,train,True
SYN-01415,Public lamp flickers all night near Indira Nagar; do din se pareshani hai.,Streetlight,Medium,Indira Nagar,26.881523,80.996295,Streetlight-1,train,True
SYN-01416,Public lamp flickers all night near Chowk; do din se pareshani hai.,Streetlight,Medium,Chowk,26.859489,80.913521,Streetlight-1,train,True
SYN-01417,Public lamp flickers all night near Hazratganj; someone is injured and needs urgent help.,Streetlight,High,Hazratganj,26.847279,80.946529,Streetlight-1,train,True
SYN-01418,Public lamp flickers all night near Gomti Nagar; someone is injured and needs urgent help.,Streetlight,High,Gomti Nagar,26.857035,81.005251,Streetlight-1,train,True
SYN-01419,Public lamp flickers all night near Aliganj; someone is injured and needs urgent help.,Streetlight,High,Aliganj,26.896087,80.943258,Streetlight-1,train,True
SYN-01420,Public lamp flickers all night near Alambagh; someone is injured and needs urgent help.,Streetlight,High,Alambagh,26.81361,80.901774,Streetlight-1,train,True
SYN-01421,Public lamp flickers all night near Indira Nagar; someone is injured and needs urgent help.,Streetlight,High,Indira Nagar,26.881515,80.99662,Streetlight-1,train,True
SYN-01422,Public lamp flickers all night near Chowk; someone is injured and needs urgent help.,Streetlight,High,Chowk,26.861317,80.912326,Streetlight-1,train,True
SYN-01423,Public lamp flickers all night near Hazratganj; exposed live wire creates an electrocution risk.,Streetlight,High,Hazratganj,26.844871,80.946044,Streetlight-1,train,True
SYN-01424,Public lamp flickers all night near Gomti Nagar; exposed live wire creates an electrocution risk.,Streetlight,High,Gomti Nagar,26.856672,81.004296,Streetlight-1,train,True
SYN-01425,Public lamp flickers all night near Aliganj; exposed live wire creates an electrocution risk.,Streetlight,High,Aliganj,26.899287,80.94458,Streetlight-1,train,True
SYN-01426,Public lamp flickers all night near Alambagh; exposed live wire creates an electrocution risk.,Streetlight,High,Alambagh,26.810118,80.902733,Streetlight-1,train,True
SYN-01427,Public lamp flickers all night near Indira Nagar; exposed live wire creates an electrocution risk.,Streetlight,High,Indira Nagar,26.881691,80.993859,Streetlight-1,train,True
SYN-01428,Public lamp flickers all night near Chowk; exposed live wire creates an electrocution risk.,Streetlight,High,Chowk,26.858749,80.912119,Streetlight-1,train,True
SYN-01429,Public lamp flickers all night near Hazratganj; contamination is making children sick.,Streetlight,High,Hazratganj,26.848234,80.944339,Streetlight-1,train,True
SYN-01430,Public lamp flickers all night near Gomti Nagar; contamination is making children sick.,Streetlight,High,Gomti Nagar,26.858477,81.002983,Streetlight-1,train,True
SYN-01431,Public lamp flickers all night near Aliganj; contamination is making children sick.,Streetlight,High,Aliganj,26.89718,80.944648,Streetlight-1,train,True
SYN-01432,Public lamp flickers all night near Alambagh; contamination is making children sick.,Streetlight,High,Alambagh,26.812203,80.900244,Streetlight-1,train,True
SYN-01433,Public lamp flickers all night near Indira Nagar; contamination is making children sick.,Streetlight,High,Indira Nagar,26.882119,80.993549,Streetlight-1,train,True
SYN-01434,Public lamp flickers all night near Chowk; contamination is making children sick.,Streetlight,High,Chowk,26.858798,80.914539,Streetlight-1,train,True
SYN-01435,Public lamp flickers all night near Hazratganj; ambulance access is blocked.,Streetlight,High,Hazratganj,26.846803,80.946723,Streetlight-1,train,True
SYN-01436,Public lamp flickers all night near Gomti Nagar; ambulance access is blocked.,Streetlight,High,Gomti Nagar,26.859209,81.005179,Streetlight-1,train,True
SYN-01437,Public lamp flickers all night near Aliganj; ambulance access is blocked.,Streetlight,High,Aliganj,26.899958,80.946128,Streetlight-1,train,True
SYN-01438,Public lamp flickers all night near Alambagh; ambulance access is blocked.,Streetlight,High,Alambagh,26.811436,80.902178,Streetlight-1,train,True
SYN-01439,Public lamp flickers all night near Indira Nagar; ambulance access is blocked.,Streetlight,High,Indira Nagar,26.882939,80.996651,Streetlight-1,train,True
SYN-01440,Public lamp flickers all night near Chowk; ambulance access is blocked.,Streetlight,High,Chowk,26.86001,80.912554,Streetlight-1,train,True
SYN-01441,Street lighting pole lamp is broken near Hazratganj; minor inconvenience with no immediate danger.,Streetlight,Low,Hazratganj,26.845419,80.945476,Streetlight-2,train,True
SYN-01442,Street lighting pole lamp is broken near Gomti Nagar; minor inconvenience with no immediate danger.,Streetlight,Low,Gomti Nagar,26.856876,81.005583,Streetlight-2,train,True
SYN-01443,Street lighting pole lamp is broken near Aliganj; minor inconvenience with no immediate danger.,Streetlight,Low,Aliganj,26.899114,80.943234,Streetlight-2,train,True
SYN-01444,Street lighting pole lamp is broken near Alambagh; minor inconvenience with no immediate danger.,Streetlight,Low,Alambagh,26.813966,80.902118,Streetlight-2,train,True
SYN-01445,Street lighting pole lamp is broken near Indira Nagar; minor inconvenience with no immediate danger.,Streetlight,Low,Indira Nagar,26.884067,80.996998,Streetlight-2,train,True
SYN-01446,Street lighting pole lamp is broken near Chowk; minor inconvenience with no immediate danger.,Streetlight,Low,Chowk,26.861896,80.911401,Streetlight-2,train,True
SYN-01447,Street lighting pole lamp is broken near Hazratganj; routine maintenance requested.,Streetlight,Low,Hazratganj,26.847327,80.945266,Streetlight-2,train,True
SYN-01448,Street lighting pole lamp is broken near Gomti Nagar; routine maintenance requested.,Streetlight,Low,Gomti Nagar,26.859265,81.005669,Streetlight-2,train,True
SYN-01449,Street lighting pole lamp is broken near Aliganj; routine maintenance requested.,Streetlight,Low,Aliganj,26.896224,80.946986,Streetlight-2,train,True
SYN-01450,Street lighting pole lamp is broken near Alambagh; routine maintenance requested.,Streetlight,Low,Alambagh,26.810878,80.903386,Streetlight-2,train,True
SYN-01451,Street lighting pole lamp is broken near Indira Nagar; routine maintenance requested.,Streetlight,Low,Indira Nagar,26.88419,80.994419,Streetlight-2,train,True
SYN-01452,Street lighting pole lamp is broken near Chowk; routine maintenance requested.,Streetlight,Low,Chowk,26.861357,80.914381,Streetlight-2,train,True
SYN-01453,Street lighting pole lamp is broken near Hazratganj; small issue and access remains open.,Streetlight,Low,Hazratganj,26.845404,80.94657,Streetlight-2,train,True
SYN-01454,Street lighting pole lamp is broken near Gomti Nagar; small issue and access remains open.,Streetlight,Low,Gomti Nagar,26.859225,81.004791,Streetlight-2,train,True
SYN-01455,Street lighting pole lamp is broken near Aliganj; small issue and access remains open.,Streetlight,Low,Aliganj,26.899656,80.943113,Streetlight-2,train,True
SYN-01456,Street lighting pole lamp is broken near Alambagh; small issue and access remains open.,Streetlight,Low,Alambagh,26.812802,80.90379,Streetlight-2,train,True
SYN-01457,Street lighting pole lamp is broken near Indira Nagar; small issue and access remains open.,Streetlight,Low,Indira Nagar,26.883254,80.995252,Streetlight-2,train,True
SYN-01458,Street lighting pole lamp is broken near Chowk; small issue and access remains open.,Streetlight,Low,Chowk,26.858753,80.914952,Streetlight-2,train,True
SYN-01459,Street lighting pole lamp is broken near Hazratganj; halki dikkat hai.,Streetlight,Low,Hazratganj,26.848227,80.946169,Streetlight-2,train,True
SYN-01460,Street lighting pole lamp is broken near Gomti Nagar; halki dikkat hai.,Streetlight,Low,Gomti Nagar,26.857236,81.003962,Streetlight-2,train,True
SYN-01461,Street lighting pole lamp is broken near Aliganj; halki dikkat hai.,Streetlight,Low,Aliganj,26.896361,80.94393,Streetlight-2,train,True
SYN-01462,Street lighting pole lamp is broken near Alambagh; halki dikkat hai.,Streetlight,Low,Alambagh,26.810875,80.902106,Streetlight-2,train,True
SYN-01463,Street lighting pole lamp is broken near Indira Nagar; halki dikkat hai.,Streetlight,Low,Indira Nagar,26.881003,80.996672,Streetlight-2,train,True
SYN-01464,Street lighting pole lamp is broken near Chowk; halki dikkat hai.,Streetlight,Low,Chowk,26.858806,80.911522,Streetlight-2,train,True
SYN-01465,Street lighting pole lamp is broken near Hazratganj; affecting several households for two days.,Streetlight,Medium,Hazratganj,26.847568,80.947875,Streetlight-2,train,True
SYN-01466,Street lighting pole lamp is broken near Gomti Nagar; affecting several households for two days.,Streetlight,Medium,Gomti Nagar,26.859377,81.003294,Streetlight-2,train,True
SYN-01467,Street lighting pole lamp is broken near Aliganj; affecting several households for two days.,Streetlight,Medium,Aliganj,26.896088,80.945346,Streetlight-2,train,True
SYN-01468,Street lighting pole lamp is broken near Alambagh; affecting several households for two days.,Streetlight,Medium,Alambagh,26.813669,80.903097,Streetlight-2,train,True
SYN-01469,Street lighting pole lamp is broken near Indira Nagar; affecting several households for two days.,Streetlight,Medium,Indira Nagar,26.884386,80.996443,Streetlight-2,train,True
SYN-01470,Street lighting pole lamp is broken near Chowk; affecting several households for two days.,Streetlight,Medium,Chowk,26.861842,80.912494,Streetlight-2,train,True
SYN-01471,Street lighting pole lamp is broken near Hazratganj; repeated problem disrupting daily use.,Streetlight,Medium,Hazratganj,26.848468,80.945782,Streetlight-2,train,True
SYN-01472,Street lighting pole lamp is broken near Gomti Nagar; repeated problem disrupting daily use.,Streetlight,Medium,Gomti Nagar,26.856404,81.003207,Streetlight-2,train,True
SYN-01473,Street lighting pole lamp is broken near Aliganj; repeated problem disrupting daily use.,Streetlight,Medium,Aliganj,26.896546,80.94363,Streetlight-2,train,True
SYN-01474,Street lighting pole lamp is broken near Alambagh; repeated problem disrupting daily use.,Streetlight,Medium,Alambagh,26.813795,80.903167,Streetlight-2,train,True
SYN-01475,Street lighting pole lamp is broken near Indira Nagar; repeated problem disrupting daily use.,Streetlight,Medium,Indira Nagar,26.884843,80.995597,Streetlight-2,train,True
SYN-01476,Street lighting pole lamp is broken near Chowk; repeated problem disrupting daily use.,Streetlight,Medium,Chowk,26.858697,80.914875,Streetlight-2,train,True
SYN-01477,Street lighting pole lamp is broken near Hazratganj; residents have difficulty using this lane.,Streetlight,Medium,Hazratganj,26.847474,80.947915,Streetlight-2,train,True
SYN-01478,Street lighting pole lamp is broken near Gomti Nagar; residents have difficulty using this lane.,Streetlight,Medium,Gomti Nagar,26.859148,81.002893,Streetlight-2,train,True
SYN-01479,Street lighting pole lamp is broken near Aliganj; residents have difficulty using this lane.,Streetlight,Medium,Aliganj,26.898356,80.943701,Streetlight-2,train,True
SYN-01480,Street lighting pole lamp is broken near Alambagh; residents have difficulty using this lane.,Streetlight,Medium,Alambagh,26.811227,80.902754,Streetlight-2,train,True
SYN-01481,Street lighting pole lamp is broken near Indira Nagar; residents have difficulty using this lane.,Streetlight,Medium,Indira Nagar,26.881509,80.995915,Streetlight-2,train,True
SYN-01482,Street lighting pole lamp is broken near Chowk; residents have difficulty using this lane.,Streetlight,Medium,Chowk,26.861795,80.914795,Streetlight-2,train,True
SYN-01483,Street lighting pole lamp is broken near Hazratganj; do din se pareshani hai.,Streetlight,Medium,Hazratganj,26.846266,80.948177,Streetlight-2,train,True
SYN-01484,Street lighting pole lamp is broken near Gomti Nagar; do din se pareshani hai.,Streetlight,Medium,Gomti Nagar,26.859861,81.00213,Streetlight-2,train,True
SYN-01485,Street lighting pole lamp is broken near Aliganj; do din se pareshani hai.,Streetlight,Medium,Aliganj,26.89841,80.946684,Streetlight-2,train,True
SYN-01486,Street lighting pole lamp is broken near Alambagh; do din se pareshani hai.,Streetlight,Medium,Alambagh,26.81387,80.900884,Streetlight-2,train,True
SYN-01487,Street lighting pole lamp is broken near Indira Nagar; do din se pareshani hai.,Streetlight,Medium,Indira Nagar,26.883262,80.996747,Streetlight-2,train,True
SYN-01488,Street lighting pole lamp is broken near Chowk; do din se pareshani hai.,Streetlight,Medium,Chowk,26.858563,80.913981,Streetlight-2,train,True
SYN-01489,Street lighting pole lamp is broken near Hazratganj; someone is injured and needs urgent help.,Streetlight,High,Hazratganj,26.845652,80.94813,Streetlight-2,train,True
SYN-01490,Street lighting pole lamp is broken near Gomti Nagar; someone is injured and needs urgent help.,Streetlight,High,Gomti Nagar,26.856672,81.005541,Streetlight-2,train,True
SYN-01491,Street lighting pole lamp is broken near Aliganj; someone is injured and needs urgent help.,Streetlight,High,Aliganj,26.896355,80.945836,Streetlight-2,train,True
SYN-01492,Street lighting pole lamp is broken near Alambagh; someone is injured and needs urgent help.,Streetlight,High,Alambagh,26.812556,80.903547,Streetlight-2,train,True
SYN-01493,Street lighting pole lamp is broken near Indira Nagar; someone is injured and needs urgent help.,Streetlight,High,Indira Nagar,26.882787,80.994061,Streetlight-2,train,True
SYN-01494,Street lighting pole lamp is broken near Chowk; someone is injured and needs urgent help.,Streetlight,High,Chowk,26.858998,80.911271,Streetlight-2,train,True
SYN-01495,Street lighting pole lamp is broken near Hazratganj; exposed live wire creates an electrocution risk.,Streetlight,High,Hazratganj,26.845727,80.944632,Streetlight-2,train,True
SYN-01496,Street lighting pole lamp is broken near Gomti Nagar; exposed live wire creates an electrocution risk.,Streetlight,High,Gomti Nagar,26.856005,81.003544,Streetlight-2,train,True
SYN-01497,Street lighting pole lamp is broken near Aliganj; exposed live wire creates an electrocution risk.,Streetlight,High,Aliganj,26.89893,80.946876,Streetlight-2,train,True
SYN-01498,Street lighting pole lamp is broken near Alambagh; exposed live wire creates an electrocution risk.,Streetlight,High,Alambagh,26.813538,80.901972,Streetlight-2,train,True
SYN-01499,Street lighting pole lamp is broken near Indira Nagar; exposed live wire creates an electrocution risk.,Streetlight,High,Indira Nagar,26.882515,80.995184,Streetlight-2,train,True
SYN-01500,Street lighting pole lamp is broken near Chowk; exposed live wire creates an electrocution risk.,Streetlight,High,Chowk,26.858406,80.912918,Streetlight-2,train,True
SYN-01501,Street lighting pole lamp is broken near Hazratganj; contamination is making children sick.,Streetlight,High,Hazratganj,26.848156,80.946804,Streetlight-2,train,True
SYN-01502,Street lighting pole lamp is broken near Gomti Nagar; contamination is making children sick.,Streetlight,High,Gomti Nagar,26.858749,81.002651,Streetlight-2,train,True
SYN-01503,Street lighting pole lamp is broken near Aliganj; contamination is making children sick.,Streetlight,High,Aliganj,26.896295,80.946383,Streetlight-2,train,True
SYN-01504,Street lighting pole lamp is broken near Alambagh; contamination is making children sick.,Streetlight,High,Alambagh,26.81118,80.901275,Streetlight-2,train,True
SYN-01505,Street lighting pole lamp is broken near Indira Nagar; contamination is making children sick.,Streetlight,High,Indira Nagar,26.884807,80.993297,Streetlight-2,train,True
SYN-01506,Street lighting pole lamp is broken near Chowk; contamination is making children sick.,Streetlight,High,Chowk,26.85868,80.912502,Streetlight-2,train,True
SYN-01507,Street lighting pole lamp is broken near Hazratganj; ambulance access is blocked.,Streetlight,High,Hazratganj,26.847628,80.946388,Streetlight-2,train,True
SYN-01508,Street lighting pole lamp is broken near Gomti Nagar; ambulance access is blocked.,Streetlight,High,Gomti Nagar,26.859592,81.002372,Streetlight-2,train,True
SYN-01509,Street lighting pole lamp is broken near Aliganj; ambulance access is blocked.,Streetlight,High,Aliganj,26.898376,80.945455,Streetlight-2,train,True
SYN-01510,Street lighting pole lamp is broken near Alambagh; ambulance access is blocked.,Streetlight,High,Alambagh,26.811931,80.900124,Streetlight-2,train,True
SYN-01511,Street lighting pole lamp is broken near Indira Nagar; ambulance access is blocked.,Streetlight,High,Indira Nagar,26.88477,80.99366,Streetlight-2,train,True
SYN-01512,Street lighting pole lamp is broken near Chowk; ambulance access is blocked.,Streetlight,High,Chowk,26.861559,80.911628,Streetlight-2,train,True
SYN-01513,Streetlight stays off after sunset near Hazratganj; minor inconvenience with no immediate danger.,Streetlight,Low,Hazratganj,26.845105,80.945022,Streetlight-3,train,True
SYN-01514,Streetlight stays off after sunset near Gomti Nagar; minor inconvenience with no immediate danger.,Streetlight,Low,Gomti Nagar,26.85676,81.004789,Streetlight-3,train,True
SYN-01515,Streetlight stays off after sunset near Aliganj; minor inconvenience with no immediate danger.,Streetlight,Low,Aliganj,26.898888,80.94592,Streetlight-3,train,True
SYN-01516,Streetlight stays off after sunset near Alambagh; minor inconvenience with no immediate danger.,Streetlight,Low,Alambagh,26.811061,80.901126,Streetlight-3,train,True
SYN-01517,Streetlight stays off after sunset near Indira Nagar; minor inconvenience with no immediate danger.,Streetlight,Low,Indira Nagar,26.88195,80.993199,Streetlight-3,train,True
SYN-01518,Streetlight stays off after sunset near Chowk; minor inconvenience with no immediate danger.,Streetlight,Low,Chowk,26.860287,80.914359,Streetlight-3,train,True
SYN-01519,Streetlight stays off after sunset near Hazratganj; routine maintenance requested.,Streetlight,Low,Hazratganj,26.845314,80.945643,Streetlight-3,train,True
SYN-01520,Streetlight stays off after sunset near Gomti Nagar; routine maintenance requested.,Streetlight,Low,Gomti Nagar,26.85771,81.003178,Streetlight-3,train,True
SYN-01521,Streetlight stays off after sunset near Aliganj; routine maintenance requested.,Streetlight,Low,Aliganj,26.898648,80.945401,Streetlight-3,train,True
SYN-01522,Streetlight stays off after sunset near Alambagh; routine maintenance requested.,Streetlight,Low,Alambagh,26.810799,80.900103,Streetlight-3,train,True
SYN-01523,Streetlight stays off after sunset near Indira Nagar; routine maintenance requested.,Streetlight,Low,Indira Nagar,26.881683,80.994167,Streetlight-3,train,True
SYN-01524,Streetlight stays off after sunset near Chowk; routine maintenance requested.,Streetlight,Low,Chowk,26.858328,80.914375,Streetlight-3,train,True
SYN-01525,Streetlight stays off after sunset near Hazratganj; small issue and access remains open.,Streetlight,Low,Hazratganj,26.845933,80.94579,Streetlight-3,train,True
SYN-01526,Streetlight stays off after sunset near Gomti Nagar; small issue and access remains open.,Streetlight,Low,Gomti Nagar,26.857956,81.004644,Streetlight-3,train,True
SYN-01527,Streetlight stays off after sunset near Aliganj; small issue and access remains open.,Streetlight,Low,Aliganj,26.896365,80.945177,Streetlight-3,train,True
SYN-01528,Streetlight stays off after sunset near Alambagh; small issue and access remains open.,Streetlight,Low,Alambagh,26.81074,80.903542,Streetlight-3,train,True
SYN-01529,Streetlight stays off after sunset near Indira Nagar; small issue and access remains open.,Streetlight,Low,Indira Nagar,26.882478,80.994783,Streetlight-3,train,True
SYN-01530,Streetlight stays off after sunset near Chowk; small issue and access remains open.,Streetlight,Low,Chowk,26.859053,80.91286,Streetlight-3,train,True
SYN-01531,Streetlight stays off after sunset near Hazratganj; halki dikkat hai.,Streetlight,Low,Hazratganj,26.845605,80.945274,Streetlight-3,train,True
SYN-01532,Streetlight stays off after sunset near Gomti Nagar; halki dikkat hai.,Streetlight,Low,Gomti Nagar,26.856247,81.005009,Streetlight-3,train,True
SYN-01533,Streetlight stays off after sunset near Aliganj; halki dikkat hai.,Streetlight,Low,Aliganj,26.89867,80.943343,Streetlight-3,train,True
SYN-01534,Streetlight stays off after sunset near Alambagh; halki dikkat hai.,Streetlight,Low,Alambagh,26.811375,80.902166,Streetlight-3,train,True
SYN-01535,Streetlight stays off after sunset near Indira Nagar; halki dikkat hai.,Streetlight,Low,Indira Nagar,26.884883,80.995359,Streetlight-3,train,True
SYN-01536,Streetlight stays off after sunset near Chowk; halki dikkat hai.,Streetlight,Low,Chowk,26.860214,80.914363,Streetlight-3,train,True
SYN-01537,Streetlight stays off after sunset near Hazratganj; affecting several households for two days.,Streetlight,Medium,Hazratganj,26.847974,80.945875,Streetlight-3,train,True
SYN-01538,Streetlight stays off after sunset near Gomti Nagar; affecting several households for two days.,Streetlight,Medium,Gomti Nagar,26.858142,81.005468,Streetlight-3,train,True
SYN-01539,Streetlight stays off after sunset near Aliganj; affecting several households for two days.,Streetlight,Medium,Aliganj,26.897899,80.946527,Streetlight-3,train,True
SYN-01540,Streetlight stays off after sunset near Alambagh; affecting several households for two days.,Streetlight,Medium,Alambagh,26.811905,80.900316,Streetlight-3,train,True
SYN-01541,Streetlight stays off after sunset near Indira Nagar; affecting several households for two days.,Streetlight,Medium,Indira Nagar,26.884611,80.995857,Streetlight-3,train,True
SYN-01542,Streetlight stays off after sunset near Chowk; affecting several households for two days.,Streetlight,Medium,Chowk,26.860008,80.914602,Streetlight-3,train,True
SYN-01543,Streetlight stays off after sunset near Hazratganj; repeated problem disrupting daily use.,Streetlight,Medium,Hazratganj,26.847902,80.94691,Streetlight-3,train,True
SYN-01544,Streetlight stays off after sunset near Gomti Nagar; repeated problem disrupting daily use.,Streetlight,Medium,Gomti Nagar,26.858481,81.002481,Streetlight-3,train,True
SYN-01545,Streetlight stays off after sunset near Aliganj; repeated problem disrupting daily use.,Streetlight,Medium,Aliganj,26.899029,80.943692,Streetlight-3,train,True
SYN-01546,Streetlight stays off after sunset near Alambagh; repeated problem disrupting daily use.,Streetlight,Medium,Alambagh,26.813937,80.903889,Streetlight-3,train,True
SYN-01547,Streetlight stays off after sunset near Indira Nagar; repeated problem disrupting daily use.,Streetlight,Medium,Indira Nagar,26.884234,80.993505,Streetlight-3,train,True
SYN-01548,Streetlight stays off after sunset near Chowk; repeated problem disrupting daily use.,Streetlight,Medium,Chowk,26.859693,80.914953,Streetlight-3,train,True
SYN-01549,Streetlight stays off after sunset near Hazratganj; residents have difficulty using this lane.,Streetlight,Medium,Hazratganj,26.846442,80.948189,Streetlight-3,train,True
SYN-01550,Streetlight stays off after sunset near Gomti Nagar; residents have difficulty using this lane.,Streetlight,Medium,Gomti Nagar,26.858509,81.005336,Streetlight-3,train,True
SYN-01551,Streetlight stays off after sunset near Aliganj; residents have difficulty using this lane.,Streetlight,Medium,Aliganj,26.897032,80.946643,Streetlight-3,train,True
SYN-01552,Streetlight stays off after sunset near Alambagh; residents have difficulty using this lane.,Streetlight,Medium,Alambagh,26.813657,80.900268,Streetlight-3,train,True
SYN-01553,Streetlight stays off after sunset near Indira Nagar; residents have difficulty using this lane.,Streetlight,Medium,Indira Nagar,26.882552,80.994589,Streetlight-3,train,True
SYN-01554,Streetlight stays off after sunset near Chowk; residents have difficulty using this lane.,Streetlight,Medium,Chowk,26.859305,80.912105,Streetlight-3,train,True
SYN-01555,Streetlight stays off after sunset near Hazratganj; do din se pareshani hai.,Streetlight,Medium,Hazratganj,26.846533,80.947694,Streetlight-3,train,True
SYN-01556,Streetlight stays off after sunset near Gomti Nagar; do din se pareshani hai.,Streetlight,Medium,Gomti Nagar,26.859146,81.004492,Streetlight-3,train,True
SYN-01557,Streetlight stays off after sunset near Aliganj; do din se pareshani hai.,Streetlight,Medium,Aliganj,26.89809,80.944678,Streetlight-3,train,True
SYN-01558,Streetlight stays off after sunset near Alambagh; do din se pareshani hai.,Streetlight,Medium,Alambagh,26.811658,80.900593,Streetlight-3,train,True
SYN-01559,Streetlight stays off after sunset near Indira Nagar; do din se pareshani hai.,Streetlight,Medium,Indira Nagar,26.883352,80.996034,Streetlight-3,train,True
SYN-01560,Streetlight stays off after sunset near Chowk; do din se pareshani hai.,Streetlight,Medium,Chowk,26.861759,80.9147,Streetlight-3,train,True
SYN-01561,Streetlight stays off after sunset near Hazratganj; someone is injured and needs urgent help.,Streetlight,High,Hazratganj,26.846951,80.944604,Streetlight-3,train,True
SYN-01562,Streetlight stays off after sunset near Gomti Nagar; someone is injured and needs urgent help.,Streetlight,High,Gomti Nagar,26.857144,81.004143,Streetlight-3,train,True
SYN-01563,Streetlight stays off after sunset near Aliganj; someone is injured and needs urgent help.,Streetlight,High,Aliganj,26.897375,80.944644,Streetlight-3,train,True
SYN-01564,Streetlight stays off after sunset near Alambagh; someone is injured and needs urgent help.,Streetlight,High,Alambagh,26.811532,80.901942,Streetlight-3,train,True
SYN-01565,Streetlight stays off after sunset near Indira Nagar; someone is injured and needs urgent help.,Streetlight,High,Indira Nagar,26.883436,80.99315,Streetlight-3,train,True
SYN-01566,Streetlight stays off after sunset near Chowk; someone is injured and needs urgent help.,Streetlight,High,Chowk,26.859102,80.911575,Streetlight-3,train,True
SYN-01567,Streetlight stays off after sunset near Hazratganj; exposed live wire creates an electrocution risk.,Streetlight,High,Hazratganj,26.847135,80.946975,Streetlight-3,train,True
SYN-01568,Streetlight stays off after sunset near Gomti Nagar; exposed live wire creates an electrocution risk.,Streetlight,High,Gomti Nagar,26.856155,81.005558,Streetlight-3,train,True
SYN-01569,Streetlight stays off after sunset near Aliganj; exposed live wire creates an electrocution risk.,Streetlight,High,Aliganj,26.897326,80.94395,Streetlight-3,train,True
SYN-01570,Streetlight stays off after sunset near Alambagh; exposed live wire creates an electrocution risk.,Streetlight,High,Alambagh,26.812983,80.903683,Streetlight-3,train,True
SYN-01571,Streetlight stays off after sunset near Indira Nagar; exposed live wire creates an electrocution risk.,Streetlight,High,Indira Nagar,26.884588,80.993081,Streetlight-3,train,True
SYN-01572,Streetlight stays off after sunset near Chowk; exposed live wire creates an electrocution risk.,Streetlight,High,Chowk,26.86127,80.912212,Streetlight-3,train,True
SYN-01573,Streetlight stays off after sunset near Hazratganj; contamination is making children sick.,Streetlight,High,Hazratganj,26.845821,80.946166,Streetlight-3,train,True
SYN-01574,Streetlight stays off after sunset near Gomti Nagar; contamination is making children sick.,Streetlight,High,Gomti Nagar,26.858785,81.002393,Streetlight-3,train,True
SYN-01575,Streetlight stays off after sunset near Aliganj; contamination is making children sick.,Streetlight,High,Aliganj,26.899476,80.943538,Streetlight-3,train,True
SYN-01576,Streetlight stays off after sunset near Alambagh; contamination is making children sick.,Streetlight,High,Alambagh,26.813897,80.901772,Streetlight-3,train,True
SYN-01577,Streetlight stays off after sunset near Indira Nagar; contamination is making children sick.,Streetlight,High,Indira Nagar,26.884303,80.994078,Streetlight-3,train,True
SYN-01578,Streetlight stays off after sunset near Chowk; contamination is making children sick.,Streetlight,High,Chowk,26.859667,80.913582,Streetlight-3,train,True
SYN-01579,Streetlight stays off after sunset near Hazratganj; ambulance access is blocked.,Streetlight,High,Hazratganj,26.845452,80.945046,Streetlight-3,train,True
SYN-01580,Streetlight stays off after sunset near Gomti Nagar; ambulance access is blocked.,Streetlight,High,Gomti Nagar,26.859296,81.004964,Streetlight-3,train,True
SYN-01581,Streetlight stays off after sunset near Aliganj; ambulance access is blocked.,Streetlight,High,Aliganj,26.899038,80.946469,Streetlight-3,train,True
SYN-01582,Streetlight stays off after sunset near Alambagh; ambulance access is blocked.,Streetlight,High,Alambagh,26.813284,80.902061,Streetlight-3,train,True
SYN-01583,Streetlight stays off after sunset near Indira Nagar; ambulance access is blocked.,Streetlight,High,Indira Nagar,26.881636,80.994244,Streetlight-3,train,True
SYN-01584,Streetlight stays off after sunset near Chowk; ambulance access is blocked.,Streetlight,High,Chowk,26.860027,80.911543,Streetlight-3,train,True
SYN-01585,Road lamp needs replacement near Hazratganj; minor inconvenience with no immediate danger.,Streetlight,Low,Hazratganj,26.848105,80.947717,Streetlight-4,train,True
SYN-01586,Road lamp needs replacement near Gomti Nagar; minor inconvenience with no immediate danger.,Streetlight,Low,Gomti Nagar,26.856116,81.002771,Streetlight-4,train,True
SYN-01587,Road lamp needs replacement near Aliganj; minor inconvenience with no immediate danger.,Streetlight,Low,Aliganj,26.899332,80.946348,Streetlight-4,train,True
SYN-01588,Road lamp needs replacement near Alambagh; minor inconvenience with no immediate danger.,Streetlight,Low,Alambagh,26.810998,80.901826,Streetlight-4,train,True
SYN-01589,Road lamp needs replacement near Indira Nagar; minor inconvenience with no immediate danger.,Streetlight,Low,Indira Nagar,26.884672,80.995819,Streetlight-4,train,True
SYN-01590,Road lamp needs replacement near Chowk; minor inconvenience with no immediate danger.,Streetlight,Low,Chowk,26.859096,80.914294,Streetlight-4,train,True
SYN-01591,Road lamp needs replacement near Hazratganj; routine maintenance requested.,Streetlight,Low,Hazratganj,26.846721,80.946742,Streetlight-4,train,True
SYN-01592,Road lamp needs replacement near Gomti Nagar; routine maintenance requested.,Streetlight,Low,Gomti Nagar,26.856495,81.002122,Streetlight-4,train,True
SYN-01593,Road lamp needs replacement near Aliganj; routine maintenance requested.,Streetlight,Low,Aliganj,26.89749,80.945376,Streetlight-4,train,True
SYN-01594,Road lamp needs replacement near Alambagh; routine maintenance requested.,Streetlight,Low,Alambagh,26.81071,80.903482,Streetlight-4,train,True
SYN-01595,Road lamp needs replacement near Indira Nagar; routine maintenance requested.,Streetlight,Low,Indira Nagar,26.883348,80.994399,Streetlight-4,train,True
SYN-01596,Road lamp needs replacement near Chowk; routine maintenance requested.,Streetlight,Low,Chowk,26.858654,80.914578,Streetlight-4,train,True
SYN-01597,Road lamp needs replacement near Hazratganj; small issue and access remains open.,Streetlight,Low,Hazratganj,26.847696,80.946955,Streetlight-4,train,True
SYN-01598,Road lamp needs replacement near Gomti Nagar; small issue and access remains open.,Streetlight,Low,Gomti Nagar,26.85714,81.003546,Streetlight-4,train,True
SYN-01599,Road lamp needs replacement near Aliganj; small issue and access remains open.,Streetlight,Low,Aliganj,26.896652,80.945289,Streetlight-4,train,True
SYN-01600,Road lamp needs replacement near Alambagh; small issue and access remains open.,Streetlight,Low,Alambagh,26.81386,80.903428,Streetlight-4,train,True
SYN-01601,Road lamp needs replacement near Indira Nagar; small issue and access remains open.,Streetlight,Low,Indira Nagar,26.88359,80.995711,Streetlight-4,train,True
SYN-01602,Road lamp needs replacement near Chowk; small issue and access remains open.,Streetlight,Low,Chowk,26.859076,80.912638,Streetlight-4,train,True
SYN-01603,Road lamp needs replacement near Hazratganj; halki dikkat hai.,Streetlight,Low,Hazratganj,26.84478,80.947321,Streetlight-4,train,True
SYN-01604,Road lamp needs replacement near Gomti Nagar; halki dikkat hai.,Streetlight,Low,Gomti Nagar,26.85907,81.002036,Streetlight-4,train,True
SYN-01605,Road lamp needs replacement near Aliganj; halki dikkat hai.,Streetlight,Low,Aliganj,26.899646,80.945589,Streetlight-4,train,True
SYN-01606,Road lamp needs replacement near Alambagh; halki dikkat hai.,Streetlight,Low,Alambagh,26.812405,80.900034,Streetlight-4,train,True
SYN-01607,Road lamp needs replacement near Indira Nagar; halki dikkat hai.,Streetlight,Low,Indira Nagar,26.88201,80.99622,Streetlight-4,train,True
SYN-01608,Road lamp needs replacement near Chowk; halki dikkat hai.,Streetlight,Low,Chowk,26.859222,80.914868,Streetlight-4,train,True
SYN-01609,Road lamp needs replacement near Hazratganj; affecting several households for two days.,Streetlight,Medium,Hazratganj,26.847271,80.945895,Streetlight-4,train,True
SYN-01610,Road lamp needs replacement near Gomti Nagar; affecting several households for two days.,Streetlight,Medium,Gomti Nagar,26.857506,81.003395,Streetlight-4,train,True
SYN-01611,Road lamp needs replacement near Aliganj; affecting several households for two days.,Streetlight,Medium,Aliganj,26.897008,80.944867,Streetlight-4,train,True
SYN-01612,Road lamp needs replacement near Alambagh; affecting several households for two days.,Streetlight,Medium,Alambagh,26.812709,80.903297,Streetlight-4,train,True
SYN-01613,Road lamp needs replacement near Indira Nagar; affecting several households for two days.,Streetlight,Medium,Indira Nagar,26.882589,80.993409,Streetlight-4,train,True
SYN-01614,Road lamp needs replacement near Chowk; affecting several households for two days.,Streetlight,Medium,Chowk,26.860046,80.913649,Streetlight-4,train,True
SYN-01615,Road lamp needs replacement near Hazratganj; repeated problem disrupting daily use.,Streetlight,Medium,Hazratganj,26.848073,80.945697,Streetlight-4,train,True
SYN-01616,Road lamp needs replacement near Gomti Nagar; repeated problem disrupting daily use.,Streetlight,Medium,Gomti Nagar,26.858589,81.004436,Streetlight-4,train,True
SYN-01617,Road lamp needs replacement near Aliganj; repeated problem disrupting daily use.,Streetlight,Medium,Aliganj,26.897194,80.943432,Streetlight-4,train,True
SYN-01618,Road lamp needs replacement near Alambagh; repeated problem disrupting daily use.,Streetlight,Medium,Alambagh,26.810255,80.903953,Streetlight-4,train,True
SYN-01619,Road lamp needs replacement near Indira Nagar; repeated problem disrupting daily use.,Streetlight,Medium,Indira Nagar,26.883562,80.996446,Streetlight-4,train,True
SYN-01620,Road lamp needs replacement near Chowk; repeated problem disrupting daily use.,Streetlight,Medium,Chowk,26.859045,80.913844,Streetlight-4,train,True
SYN-01621,Road lamp needs replacement near Hazratganj; residents have difficulty using this lane.,Streetlight,Medium,Hazratganj,26.848269,80.945395,Streetlight-4,train,True
SYN-01622,Road lamp needs replacement near Gomti Nagar; residents have difficulty using this lane.,Streetlight,Medium,Gomti Nagar,26.8566,81.005062,Streetlight-4,train,True
SYN-01623,Road lamp needs replacement near Aliganj; residents have difficulty using this lane.,Streetlight,Medium,Aliganj,26.899599,80.946222,Streetlight-4,train,True
SYN-01624,Road lamp needs replacement near Alambagh; residents have difficulty using this lane.,Streetlight,Medium,Alambagh,26.813209,80.9024,Streetlight-4,train,True
SYN-01625,Road lamp needs replacement near Indira Nagar; residents have difficulty using this lane.,Streetlight,Medium,Indira Nagar,26.883642,80.995723,Streetlight-4,train,True
SYN-01626,Road lamp needs replacement near Chowk; residents have difficulty using this lane.,Streetlight,Medium,Chowk,26.860885,80.913622,Streetlight-4,train,True
SYN-01627,Road lamp needs replacement near Hazratganj; do din se pareshani hai.,Streetlight,Medium,Hazratganj,26.84869,80.945238,Streetlight-4,train,True
SYN-01628,Road lamp needs replacement near Gomti Nagar; do din se pareshani hai.,Streetlight,Medium,Gomti Nagar,26.857674,81.003553,Streetlight-4,train,True
SYN-01629,Road lamp needs replacement near Aliganj; do din se pareshani hai.,Streetlight,Medium,Aliganj,26.896141,80.945832,Streetlight-4,train,True
SYN-01630,Road lamp needs replacement near Alambagh; do din se pareshani hai.,Streetlight,Medium,Alambagh,26.812288,80.90076,Streetlight-4,train,True
SYN-01631,Road lamp needs replacement near Indira Nagar; do din se pareshani hai.,Streetlight,Medium,Indira Nagar,26.883906,80.993889,Streetlight-4,train,True
SYN-01632,Road lamp needs replacement near Chowk; do din se pareshani hai.,Streetlight,Medium,Chowk,26.860139,80.91414,Streetlight-4,train,True
SYN-01633,Road lamp needs replacement near Hazratganj; someone is injured and needs urgent help.,Streetlight,High,Hazratganj,26.848326,80.946887,Streetlight-4,train,True
SYN-01634,Road lamp needs replacement near Gomti Nagar; someone is injured and needs urgent help.,Streetlight,High,Gomti Nagar,26.858029,81.005382,Streetlight-4,train,True
SYN-01635,Road lamp needs replacement near Aliganj; someone is injured and needs urgent help.,Streetlight,High,Aliganj,26.899363,80.946506,Streetlight-4,train,True
SYN-01636,Road lamp needs replacement near Alambagh; someone is injured and needs urgent help.,Streetlight,High,Alambagh,26.810725,80.90039,Streetlight-4,train,True
SYN-01637,Road lamp needs replacement near Indira Nagar; someone is injured and needs urgent help.,Streetlight,High,Indira Nagar,26.881512,80.994035,Streetlight-4,train,True
SYN-01638,Road lamp needs replacement near Chowk; someone is injured and needs urgent help.,Streetlight,High,Chowk,26.861233,80.914052,Streetlight-4,train,True
SYN-01639,Road lamp needs replacement near Hazratganj; exposed live wire creates an electrocution risk.,Streetlight,High,Hazratganj,26.845432,80.946919,Streetlight-4,train,True
SYN-01640,Road lamp needs replacement near Gomti Nagar; exposed live wire creates an electrocution risk.,Streetlight,High,Gomti Nagar,26.857343,81.002357,Streetlight-4,train,True
SYN-01641,Road lamp needs replacement near Aliganj; exposed live wire creates an electrocution risk.,Streetlight,High,Aliganj,26.897421,80.945977,Streetlight-4,train,True
SYN-01642,Road lamp needs replacement near Alambagh; exposed live wire creates an electrocution risk.,Streetlight,High,Alambagh,26.811228,80.903152,Streetlight-4,train,True
SYN-01643,Road lamp needs replacement near Indira Nagar; exposed live wire creates an electrocution risk.,Streetlight,High,Indira Nagar,26.882325,80.994042,Streetlight-4,train,True
SYN-01644,Road lamp needs replacement near Chowk; exposed live wire creates an electrocution risk.,Streetlight,High,Chowk,26.859176,80.914405,Streetlight-4,train,True
SYN-01645,Road lamp needs replacement near Hazratganj; contamination is making children sick.,Streetlight,High,Hazratganj,26.846582,80.947666,Streetlight-4,train,True
SYN-01646,Road lamp needs replacement near Gomti Nagar; contamination is making children sick.,Streetlight,High,Gomti Nagar,26.858334,81.005777,Streetlight-4,train,True
SYN-01647,Road lamp needs replacement near Aliganj; contamination is making children sick.,Streetlight,High,Aliganj,26.896285,80.946558,Streetlight-4,train,True
SYN-01648,Road lamp needs replacement near Alambagh; contamination is making children sick.,Streetlight,High,Alambagh,26.812002,80.90347,Streetlight-4,train,True
SYN-01649,Road lamp needs replacement near Indira Nagar; contamination is making children sick.,Streetlight,High,Indira Nagar,26.882527,80.994193,Streetlight-4,train,True
SYN-01650,Road lamp needs replacement near Chowk; contamination is making children sick.,Streetlight,High,Chowk,26.858216,80.914417,Streetlight-4,train,True
SYN-01651,Road lamp needs replacement near Hazratganj; ambulance access is blocked.,Streetlight,High,Hazratganj,26.845249,80.945001,Streetlight-4,train,True
SYN-01652,Road lamp needs replacement near Gomti Nagar; ambulance access is blocked.,Streetlight,High,Gomti Nagar,26.857637,81.004278,Streetlight-4,train,True
SYN-01653,Road lamp needs replacement near Aliganj; ambulance access is blocked.,Streetlight,High,Aliganj,26.899626,80.94483,Streetlight-4,train,True
SYN-01654,Road lamp needs replacement near Alambagh; ambulance access is blocked.,Streetlight,High,Alambagh,26.811266,80.902863,Streetlight-4,train,True
SYN-01655,Road lamp needs replacement near Indira Nagar; ambulance access is blocked.,Streetlight,High,Indira Nagar,26.884116,80.99495,Streetlight-4,train,True
SYN-01656,Road lamp needs replacement near Chowk; ambulance access is blocked.,Streetlight,High,Chowk,26.860524,80.911707,Streetlight-4,train,True
SYN-01657,Street light band hai near Hazratganj; minor inconvenience with no immediate danger.,Streetlight,Low,Hazratganj,26.847238,80.944219,Streetlight-5,train,True
SYN-01658,Street light band hai near Gomti Nagar; minor inconvenience with no immediate danger.,Streetlight,Low,Gomti Nagar,26.857094,81.005045,Streetlight-5,train,True
SYN-01659,Street light band hai near Aliganj; minor inconvenience with no immediate danger.,Streetlight,Low,Aliganj,26.896674,80.946058,Streetlight-5,train,True
SYN-01660,Street light band hai near Alambagh; minor inconvenience with no immediate danger.,Streetlight,Low,Alambagh,26.811958,80.903054,Streetlight-5,train,True
SYN-01661,Street light band hai near Indira Nagar; minor inconvenience with no immediate danger.,Streetlight,Low,Indira Nagar,26.881352,80.995458,Streetlight-5,train,True
SYN-01662,Street light band hai near Chowk; minor inconvenience with no immediate danger.,Streetlight,Low,Chowk,26.860534,80.912614,Streetlight-5,train,True
SYN-01663,Street light band hai near Hazratganj; routine maintenance requested.,Streetlight,Low,Hazratganj,26.848561,80.945733,Streetlight-5,train,True
SYN-01664,Street light band hai near Gomti Nagar; routine maintenance requested.,Streetlight,Low,Gomti Nagar,26.856151,81.002798,Streetlight-5,train,True
SYN-01665,Street light band hai near Aliganj; routine maintenance requested.,Streetlight,Low,Aliganj,26.897492,80.943056,Streetlight-5,train,True
SYN-01666,Street light band hai near Alambagh; routine maintenance requested.,Streetlight,Low,Alambagh,26.811289,80.903333,Streetlight-5,train,True
SYN-01667,Street light band hai near Indira Nagar; routine maintenance requested.,Streetlight,Low,Indira Nagar,26.881762,80.995707,Streetlight-5,train,True
SYN-01668,Street light band hai near Chowk; routine maintenance requested.,Streetlight,Low,Chowk,26.860507,80.911995,Streetlight-5,train,True
SYN-01669,Street light band hai near Hazratganj; small issue and access remains open.,Streetlight,Low,Hazratganj,26.847474,80.945577,Streetlight-5,train,True
SYN-01670,Street light band hai near Gomti Nagar; small issue and access remains open.,Streetlight,Low,Gomti Nagar,26.856516,81.003534,Streetlight-5,train,True
SYN-01671,Street light band hai near Aliganj; small issue and access remains open.,Streetlight,Low,Aliganj,26.898355,80.943668,Streetlight-5,train,True
SYN-01672,Street light band hai near Alambagh; small issue and access remains open.,Streetlight,Low,Alambagh,26.813295,80.901193,Streetlight-5,train,True
SYN-01673,Street light band hai near Indira Nagar; small issue and access remains open.,Streetlight,Low,Indira Nagar,26.882163,80.995911,Streetlight-5,train,True
SYN-01674,Street light band hai near Chowk; small issue and access remains open.,Streetlight,Low,Chowk,26.860385,80.912351,Streetlight-5,train,True
SYN-01675,Street light band hai near Hazratganj; halki dikkat hai.,Streetlight,Low,Hazratganj,26.848252,80.948182,Streetlight-5,train,True
SYN-01676,Street light band hai near Gomti Nagar; halki dikkat hai.,Streetlight,Low,Gomti Nagar,26.857371,81.005606,Streetlight-5,train,True
SYN-01677,Street light band hai near Aliganj; halki dikkat hai.,Streetlight,Low,Aliganj,26.897437,80.943754,Streetlight-5,train,True
SYN-01678,Street light band hai near Alambagh; halki dikkat hai.,Streetlight,Low,Alambagh,26.813792,80.903673,Streetlight-5,train,True
SYN-01679,Street light band hai near Indira Nagar; halki dikkat hai.,Streetlight,Low,Indira Nagar,26.882614,80.993914,Streetlight-5,train,True
SYN-01680,Street light band hai near Chowk; halki dikkat hai.,Streetlight,Low,Chowk,26.860909,80.911525,Streetlight-5,train,True
SYN-01681,Street light band hai near Hazratganj; affecting several households for two days.,Streetlight,Medium,Hazratganj,26.847636,80.946559,Streetlight-5,train,True
SYN-01682,Street light band hai near Gomti Nagar; affecting several households for two days.,Streetlight,Medium,Gomti Nagar,26.856676,81.003466,Streetlight-5,train,True
SYN-01683,Street light band hai near Aliganj; affecting several households for two days.,Streetlight,Medium,Aliganj,26.898602,80.943149,Streetlight-5,train,True
SYN-01684,Street light band hai near Alambagh; affecting several households for two days.,Streetlight,Medium,Alambagh,26.813506,80.901023,Streetlight-5,train,True
SYN-01685,Street light band hai near Indira Nagar; affecting several households for two days.,Streetlight,Medium,Indira Nagar,26.883139,80.993194,Streetlight-5,train,True
SYN-01686,Street light band hai near Chowk; affecting several households for two days.,Streetlight,Medium,Chowk,26.861979,80.913648,Streetlight-5,train,True
SYN-01687,Street light band hai near Hazratganj; repeated problem disrupting daily use.,Streetlight,Medium,Hazratganj,26.847314,80.944279,Streetlight-5,train,True
SYN-01688,Street light band hai near Gomti Nagar; repeated problem disrupting daily use.,Streetlight,Medium,Gomti Nagar,26.858759,81.003667,Streetlight-5,train,True
SYN-01689,Street light band hai near Aliganj; repeated problem disrupting daily use.,Streetlight,Medium,Aliganj,26.897521,80.945189,Streetlight-5,train,True
SYN-01690,Street light band hai near Alambagh; repeated problem disrupting daily use.,Streetlight,Medium,Alambagh,26.811898,80.900613,Streetlight-5,train,True
SYN-01691,Street light band hai near Indira Nagar; repeated problem disrupting daily use.,Streetlight,Medium,Indira Nagar,26.883781,80.995521,Streetlight-5,train,True
SYN-01692,Street light band hai near Chowk; repeated problem disrupting daily use.,Streetlight,Medium,Chowk,26.859204,80.913647,Streetlight-5,train,True
SYN-01693,Street light band hai near Hazratganj; residents have difficulty using this lane.,Streetlight,Medium,Hazratganj,26.84735,80.94528,Streetlight-5,train,True
SYN-01694,Street light band hai near Gomti Nagar; residents have difficulty using this lane.,Streetlight,Medium,Gomti Nagar,26.858423,81.002549,Streetlight-5,train,True
SYN-01695,Street light band hai near Aliganj; residents have difficulty using this lane.,Streetlight,Medium,Aliganj,26.899323,80.94342,Streetlight-5,train,True
SYN-01696,Street light band hai near Alambagh; residents have difficulty using this lane.,Streetlight,Medium,Alambagh,26.812875,80.900471,Streetlight-5,train,True
SYN-01697,Street light band hai near Indira Nagar; residents have difficulty using this lane.,Streetlight,Medium,Indira Nagar,26.881456,80.993425,Streetlight-5,train,True
SYN-01698,Street light band hai near Chowk; residents have difficulty using this lane.,Streetlight,Medium,Chowk,26.858795,80.911799,Streetlight-5,train,True
SYN-01699,Street light band hai near Hazratganj; do din se pareshani hai.,Streetlight,Medium,Hazratganj,26.845752,80.946293,Streetlight-5,train,True
SYN-01700,Street light band hai near Gomti Nagar; do din se pareshani hai.,Streetlight,Medium,Gomti Nagar,26.856807,81.004814,Streetlight-5,train,True
SYN-01701,Street light band hai near Aliganj; do din se pareshani hai.,Streetlight,Medium,Aliganj,26.897181,80.943158,Streetlight-5,train,True
SYN-01702,Street light band hai near Alambagh; do din se pareshani hai.,Streetlight,Medium,Alambagh,26.811985,80.900831,Streetlight-5,train,True
SYN-01703,Street light band hai near Indira Nagar; do din se pareshani hai.,Streetlight,Medium,Indira Nagar,26.884732,80.994322,Streetlight-5,train,True
SYN-01704,Street light band hai near Chowk; do din se pareshani hai.,Streetlight,Medium,Chowk,26.858011,80.913687,Streetlight-5,train,True
SYN-01705,Street light band hai near Hazratganj; someone is injured and needs urgent help.,Streetlight,High,Hazratganj,26.848328,80.947541,Streetlight-5,train,True
SYN-01706,Street light band hai near Gomti Nagar; someone is injured and needs urgent help.,Streetlight,High,Gomti Nagar,26.858676,81.002597,Streetlight-5,train,True
SYN-01707,Street light band hai near Aliganj; someone is injured and needs urgent help.,Streetlight,High,Aliganj,26.89636,80.945047,Streetlight-5,train,True
SYN-01708,Street light band hai near Alambagh; someone is injured and needs urgent help.,Streetlight,High,Alambagh,26.812894,80.900405,Streetlight-5,train,True
SYN-01709,Street light band hai near Indira Nagar; someone is injured and needs urgent help.,Streetlight,High,Indira Nagar,26.882024,80.993925,Streetlight-5,train,True
SYN-01710,Street light band hai near Chowk; someone is injured and needs urgent help.,Streetlight,High,Chowk,26.861955,80.912184,Streetlight-5,train,True
SYN-01711,Street light band hai near Hazratganj; exposed live wire creates an electrocution risk.,Streetlight,High,Hazratganj,26.846557,80.944599,Streetlight-5,train,True
SYN-01712,Street light band hai near Gomti Nagar; exposed live wire creates an electrocution risk.,Streetlight,High,Gomti Nagar,26.856699,81.002158,Streetlight-5,train,True
SYN-01713,Street light band hai near Aliganj; exposed live wire creates an electrocution risk.,Streetlight,High,Aliganj,26.897162,80.946206,Streetlight-5,train,True
SYN-01714,Street light band hai near Alambagh; exposed live wire creates an electrocution risk.,Streetlight,High,Alambagh,26.811251,80.902954,Streetlight-5,train,True
SYN-01715,Street light band hai near Indira Nagar; exposed live wire creates an electrocution risk.,Streetlight,High,Indira Nagar,26.88138,80.996033,Streetlight-5,train,True
SYN-01716,Street light band hai near Chowk; exposed live wire creates an electrocution risk.,Streetlight,High,Chowk,26.858184,80.914408,Streetlight-5,train,True
SYN-01717,Street light band hai near Hazratganj; contamination is making children sick.,Streetlight,High,Hazratganj,26.847353,80.944882,Streetlight-5,train,True
SYN-01718,Street light band hai near Gomti Nagar; contamination is making children sick.,Streetlight,High,Gomti Nagar,26.85743,81.003751,Streetlight-5,train,True
SYN-01719,Street light band hai near Aliganj; contamination is making children sick.,Streetlight,High,Aliganj,26.898487,80.946514,Streetlight-5,train,True
SYN-01720,Street light band hai near Alambagh; contamination is making children sick.,Streetlight,High,Alambagh,26.810372,80.90326,Streetlight-5,train,True
SYN-01721,Street light band hai near Indira Nagar; contamination is making children sick.,Streetlight,High,Indira Nagar,26.881731,80.994603,Streetlight-5,train,True
SYN-01722,Street light band hai near Chowk; contamination is making children sick.,Streetlight,High,Chowk,26.861849,80.912087,Streetlight-5,train,True
SYN-01723,Street light band hai near Hazratganj; ambulance access is blocked.,Streetlight,High,Hazratganj,26.846243,80.947603,Streetlight-5,train,True
SYN-01724,Street light band hai near Gomti Nagar; ambulance access is blocked.,Streetlight,High,Gomti Nagar,26.8592,81.004595,Streetlight-5,train,True
SYN-01725,Street light band hai near Aliganj; ambulance access is blocked.,Streetlight,High,Aliganj,26.899188,80.943452,Streetlight-5,train,True
SYN-01726,Street light band hai near Alambagh; ambulance access is blocked.,Streetlight,High,Alambagh,26.812785,80.900235,Streetlight-5,train,True
SYN-01727,Street light band hai near Indira Nagar; ambulance access is blocked.,Streetlight,High,Indira Nagar,26.88477,80.993638,Streetlight-5,train,True
SYN-01728,Street light band hai near Chowk; ambulance access is blocked.,Streetlight,High,Chowk,26.859664,80.913363,Streetlight-5,train,True
SYN-01729,स्ट्रीट लाइट बंद है near Hazratganj; minor inconvenience with no immediate danger.,Streetlight,Low,Hazratganj,26.847909,80.946914,Streetlight-6,train,True
SYN-01730,स्ट्रीट लाइट बंद है near Gomti Nagar; minor inconvenience with no immediate danger.,Streetlight,Low,Gomti Nagar,26.856725,81.003519,Streetlight-6,train,True
SYN-01731,स्ट्रीट लाइट बंद है near Aliganj; minor inconvenience with no immediate danger.,Streetlight,Low,Aliganj,26.897434,80.943115,Streetlight-6,train,True
SYN-01732,स्ट्रीट लाइट बंद है near Alambagh; minor inconvenience with no immediate danger.,Streetlight,Low,Alambagh,26.812738,80.903354,Streetlight-6,train,True
SYN-01733,स्ट्रीट लाइट बंद है near Indira Nagar; minor inconvenience with no immediate danger.,Streetlight,Low,Indira Nagar,26.884894,80.993523,Streetlight-6,train,True
SYN-01734,स्ट्रीट लाइट बंद है near Chowk; minor inconvenience with no immediate danger.,Streetlight,Low,Chowk,26.861682,80.911452,Streetlight-6,train,True
SYN-01735,स्ट्रीट लाइट बंद है near Hazratganj; routine maintenance requested.,Streetlight,Low,Hazratganj,26.846345,80.944384,Streetlight-6,train,True
SYN-01736,स्ट्रीट लाइट बंद है near Gomti Nagar; routine maintenance requested.,Streetlight,Low,Gomti Nagar,26.857046,81.003257,Streetlight-6,train,True
SYN-01737,स्ट्रीट लाइट बंद है near Aliganj; routine maintenance requested.,Streetlight,Low,Aliganj,26.898818,80.945712,Streetlight-6,train,True
SYN-01738,स्ट्रीट लाइट बंद है near Alambagh; routine maintenance requested.,Streetlight,Low,Alambagh,26.81307,80.902307,Streetlight-6,train,True
SYN-01739,स्ट्रीट लाइट बंद है near Indira Nagar; routine maintenance requested.,Streetlight,Low,Indira Nagar,26.88326,80.996912,Streetlight-6,train,True
SYN-01740,स्ट्रीट लाइट बंद है near Chowk; routine maintenance requested.,Streetlight,Low,Chowk,26.860679,80.912353,Streetlight-6,train,True
SYN-01741,स्ट्रीट लाइट बंद है near Hazratganj; small issue and access remains open.,Streetlight,Low,Hazratganj,26.846792,80.947002,Streetlight-6,train,True
SYN-01742,स्ट्रीट लाइट बंद है near Gomti Nagar; small issue and access remains open.,Streetlight,Low,Gomti Nagar,26.856381,81.004647,Streetlight-6,train,True
SYN-01743,स्ट्रीट लाइट बंद है near Aliganj; small issue and access remains open.,Streetlight,Low,Aliganj,26.896994,80.944383,Streetlight-6,train,True
SYN-01744,स्ट्रीट लाइट बंद है near Alambagh; small issue and access remains open.,Streetlight,Low,Alambagh,26.812705,80.90154,Streetlight-6,train,True
SYN-01745,स्ट्रीट लाइट बंद है near Indira Nagar; small issue and access remains open.,Streetlight,Low,Indira Nagar,26.884356,80.995233,Streetlight-6,train,True
SYN-01746,स्ट्रीट लाइट बंद है near Chowk; small issue and access remains open.,Streetlight,Low,Chowk,26.861951,80.911218,Streetlight-6,train,True
SYN-01747,स्ट्रीट लाइट बंद है near Hazratganj; halki dikkat hai.,Streetlight,Low,Hazratganj,26.847274,80.944828,Streetlight-6,train,True
SYN-01748,स्ट्रीट लाइट बंद है near Gomti Nagar; halki dikkat hai.,Streetlight,Low,Gomti Nagar,26.859395,81.005407,Streetlight-6,train,True
SYN-01749,स्ट्रीट लाइट बंद है near Aliganj; halki dikkat hai.,Streetlight,Low,Aliganj,26.899478,80.943299,Streetlight-6,train,True
SYN-01750,स्ट्रीट लाइट बंद है near Alambagh; halki dikkat hai.,Streetlight,Low,Alambagh,26.811967,80.900964,Streetlight-6,train,True
SYN-01751,स्ट्रीट लाइट बंद है near Indira Nagar; halki dikkat hai.,Streetlight,Low,Indira Nagar,26.884881,80.993201,Streetlight-6,train,True
SYN-01752,स्ट्रीट लाइट बंद है near Chowk; halki dikkat hai.,Streetlight,Low,Chowk,26.858891,80.913573,Streetlight-6,train,True
SYN-01753,स्ट्रीट लाइट बंद है near Hazratganj; affecting several households for two days.,Streetlight,Medium,Hazratganj,26.846313,80.94514,Streetlight-6,train,True
SYN-01754,स्ट्रीट लाइट बंद है near Gomti Nagar; affecting several households for two days.,Streetlight,Medium,Gomti Nagar,26.857836,81.005205,Streetlight-6,train,True
SYN-01755,स्ट्रीट लाइट बंद है near Aliganj; affecting several households for two days.,Streetlight,Medium,Aliganj,26.897792,80.946426,Streetlight-6,train,True
SYN-01756,स्ट्रीट लाइट बंद है near Alambagh; affecting several households for two days.,Streetlight,Medium,Alambagh,26.811788,80.900475,Streetlight-6,train,True
SYN-01757,स्ट्रीट लाइट बंद है near Indira Nagar; affecting several households for two days.,Streetlight,Medium,Indira Nagar,26.882989,80.995613,Streetlight-6,train,True
SYN-01758,स्ट्रीट लाइट बंद है near Chowk; affecting several households for two days.,Streetlight,Medium,Chowk,26.858411,80.912649,Streetlight-6,train,True
SYN-01759,स्ट्रीट लाइट बंद है near Hazratganj; repeated problem disrupting daily use.,Streetlight,Medium,Hazratganj,26.846929,80.944201,Streetlight-6,train,True
SYN-01760,स्ट्रीट लाइट बंद है near Gomti Nagar; repeated problem disrupting daily use.,Streetlight,Medium,Gomti Nagar,26.856364,81.004417,Streetlight-6,train,True
SYN-01761,स्ट्रीट लाइट बंद है near Aliganj; repeated problem disrupting daily use.,Streetlight,Medium,Aliganj,26.898476,80.944218,Streetlight-6,train,True
SYN-01762,स्ट्रीट लाइट बंद है near Alambagh; repeated problem disrupting daily use.,Streetlight,Medium,Alambagh,26.812033,80.900827,Streetlight-6,train,True
SYN-01763,स्ट्रीट लाइट बंद है near Indira Nagar; repeated problem disrupting daily use.,Streetlight,Medium,Indira Nagar,26.883686,80.996801,Streetlight-6,train,True
SYN-01764,स्ट्रीट लाइट बंद है near Chowk; repeated problem disrupting daily use.,Streetlight,Medium,Chowk,26.859453,80.911217,Streetlight-6,train,True
SYN-01765,स्ट्रीट लाइट बंद है near Hazratganj; residents have difficulty using this lane.,Streetlight,Medium,Hazratganj,26.845592,80.946018,Streetlight-6,train,True
SYN-01766,स्ट्रीट लाइट बंद है near Gomti Nagar; residents have difficulty using this lane.,Streetlight,Medium,Gomti Nagar,26.858241,81.004479,Streetlight-6,train,True
SYN-01767,स्ट्रीट लाइट बंद है near Aliganj; residents have difficulty using this lane.,Streetlight,Medium,Aliganj,26.897893,80.945629,Streetlight-6,train,True
SYN-01768,स्ट्रीट लाइट बंद है near Alambagh; residents have difficulty using this lane.,Streetlight,Medium,Alambagh,26.812864,80.900456,Streetlight-6,train,True
SYN-01769,स्ट्रीट लाइट बंद है near Indira Nagar; residents have difficulty using this lane.,Streetlight,Medium,Indira Nagar,26.884037,80.993887,Streetlight-6,train,True
SYN-01770,स्ट्रीट लाइट बंद है near Chowk; residents have difficulty using this lane.,Streetlight,Medium,Chowk,26.859365,80.91432,Streetlight-6,train,True
SYN-01771,स्ट्रीट लाइट बंद है near Hazratganj; do din se pareshani hai.,Streetlight,Medium,Hazratganj,26.848558,80.945368,Streetlight-6,train,True
SYN-01772,स्ट्रीट लाइट बंद है near Gomti Nagar; do din se pareshani hai.,Streetlight,Medium,Gomti Nagar,26.858088,81.004808,Streetlight-6,train,True
SYN-01773,स्ट्रीट लाइट बंद है near Aliganj; do din se pareshani hai.,Streetlight,Medium,Aliganj,26.896183,80.943657,Streetlight-6,train,True
SYN-01774,स्ट्रीट लाइट बंद है near Alambagh; do din se pareshani hai.,Streetlight,Medium,Alambagh,26.810562,80.902867,Streetlight-6,train,True
SYN-01775,स्ट्रीट लाइट बंद है near Indira Nagar; do din se pareshani hai.,Streetlight,Medium,Indira Nagar,26.883886,80.993428,Streetlight-6,train,True
SYN-01776,स्ट्रीट लाइट बंद है near Chowk; do din se pareshani hai.,Streetlight,Medium,Chowk,26.860443,80.91175,Streetlight-6,train,True
SYN-01777,स्ट्रीट लाइट बंद है near Hazratganj; someone is injured and needs urgent help.,Streetlight,High,Hazratganj,26.848421,80.945772,Streetlight-6,train,True
SYN-01778,स्ट्रीट लाइट बंद है near Gomti Nagar; someone is injured and needs urgent help.,Streetlight,High,Gomti Nagar,26.857828,81.005126,Streetlight-6,train,True
SYN-01779,स्ट्रीट लाइट बंद है near Aliganj; someone is injured and needs urgent help.,Streetlight,High,Aliganj,26.898867,80.943431,Streetlight-6,train,True
SYN-01780,स्ट्रीट लाइट बंद है near Alambagh; someone is injured and needs urgent help.,Streetlight,High,Alambagh,26.811658,80.903707,Streetlight-6,train,True
SYN-01781,स्ट्रीट लाइट बंद है near Indira Nagar; someone is injured and needs urgent help.,Streetlight,High,Indira Nagar,26.88435,80.995355,Streetlight-6,train,True
SYN-01782,स्ट्रीट लाइट बंद है near Chowk; someone is injured and needs urgent help.,Streetlight,High,Chowk,26.861089,80.912802,Streetlight-6,train,True
SYN-01783,स्ट्रीट लाइट बंद है near Hazratganj; exposed live wire creates an electrocution risk.,Streetlight,High,Hazratganj,26.847334,80.948025,Streetlight-6,train,True
SYN-01784,स्ट्रीट लाइट बंद है near Gomti Nagar; exposed live wire creates an electrocution risk.,Streetlight,High,Gomti Nagar,26.856539,81.003995,Streetlight-6,train,True
SYN-01785,स्ट्रीट लाइट बंद है near Aliganj; exposed live wire creates an electrocution risk.,Streetlight,High,Aliganj,26.898121,80.943194,Streetlight-6,train,True
SYN-01786,स्ट्रीट लाइट बंद है near Alambagh; exposed live wire creates an electrocution risk.,Streetlight,High,Alambagh,26.813741,80.903355,Streetlight-6,train,True
SYN-01787,स्ट्रीट लाइट बंद है near Indira Nagar; exposed live wire creates an electrocution risk.,Streetlight,High,Indira Nagar,26.882932,80.995033,Streetlight-6,train,True
SYN-01788,स्ट्रीट लाइट बंद है near Chowk; exposed live wire creates an electrocution risk.,Streetlight,High,Chowk,26.861685,80.911709,Streetlight-6,train,True
SYN-01789,स्ट्रीट लाइट बंद है near Hazratganj; contamination is making children sick.,Streetlight,High,Hazratganj,26.847014,80.947122,Streetlight-6,train,True
SYN-01790,स्ट्रीट लाइट बंद है near Gomti Nagar; contamination is making children sick.,Streetlight,High,Gomti Nagar,26.856514,81.00355,Streetlight-6,train,True
SYN-01791,स्ट्रीट लाइट बंद है near Aliganj; contamination is making children sick.,Streetlight,High,Aliganj,26.898402,80.946531,Streetlight-6,train,True
SYN-01792,स्ट्रीट लाइट बंद है near Alambagh; contamination is making children sick.,Streetlight,High,Alambagh,26.812016,80.901539,Streetlight-6,train,True
SYN-01793,स्ट्रीट लाइट बंद है near Indira Nagar; contamination is making children sick.,Streetlight,High,Indira Nagar,26.884918,80.996664,Streetlight-6,train,True
SYN-01794,स्ट्रीट लाइट बंद है near Chowk; contamination is making children sick.,Streetlight,High,Chowk,26.861049,80.912094,Streetlight-6,train,True
SYN-01795,स्ट्रीट लाइट बंद है near Hazratganj; ambulance access is blocked.,Streetlight,High,Hazratganj,26.848554,80.948082,Streetlight-6,train,True
SYN-01796,स्ट्रीट लाइट बंद है near Gomti Nagar; ambulance access is blocked.,Streetlight,High,Gomti Nagar,26.857811,81.002533,Streetlight-6,train,True
SYN-01797,स्ट्रीट लाइट बंद है near Aliganj; ambulance access is blocked.,Streetlight,High,Aliganj,26.897651,80.9458,Streetlight-6,train,True
SYN-01798,स्ट्रीट लाइट बंद है near Alambagh; ambulance access is blocked.,Streetlight,High,Alambagh,26.812994,80.901196,Streetlight-6,train,True
SYN-01799,स्ट्रीट लाइट बंद है near Indira Nagar; ambulance access is blocked.,Streetlight,High,Indira Nagar,26.883806,80.996443,Streetlight-6,train,True
SYN-01800,स्ट्रीट लाइट बंद है near Chowk; ambulance access is blocked.,Streetlight,High,Chowk,26.860847,80.914742,Streetlight-6,train,True
SYN-01801,Public lighting is out near Hazratganj; minor inconvenience with no immediate danger.,Streetlight,Low,Hazratganj,26.84723,80.945004,Streetlight-7,train,True
SYN-01802,Public lighting is out near Gomti Nagar; minor inconvenience with no immediate danger.,Streetlight,Low,Gomti Nagar,26.858497,81.003162,Streetlight-7,train,True
SYN-01803,Public lighting is out near Aliganj; minor inconvenience with no immediate danger.,Streetlight,Low,Aliganj,26.897381,80.945689,Streetlight-7,train,True
SYN-01804,Public lighting is out near Alambagh; minor inconvenience with no immediate danger.,Streetlight,Low,Alambagh,26.813925,80.9026,Streetlight-7,train,True
SYN-01805,Public lighting is out near Indira Nagar; minor inconvenience with no immediate danger.,Streetlight,Low,Indira Nagar,26.884833,80.995016,Streetlight-7,train,True
SYN-01806,Public lighting is out near Chowk; minor inconvenience with no immediate danger.,Streetlight,Low,Chowk,26.860777,80.91229,Streetlight-7,train,True
SYN-01807,Public lighting is out near Hazratganj; routine maintenance requested.,Streetlight,Low,Hazratganj,26.845162,80.945609,Streetlight-7,train,True
SYN-01808,Public lighting is out near Gomti Nagar; routine maintenance requested.,Streetlight,Low,Gomti Nagar,26.857921,81.004283,Streetlight-7,train,True
SYN-01809,Public lighting is out near Aliganj; routine maintenance requested.,Streetlight,Low,Aliganj,26.898669,80.94467,Streetlight-7,train,True
SYN-01810,Public lighting is out near Alambagh; routine maintenance requested.,Streetlight,Low,Alambagh,26.812991,80.903366,Streetlight-7,train,True
SYN-01811,Public lighting is out near Indira Nagar; routine maintenance requested.,Streetlight,Low,Indira Nagar,26.882144,80.996389,Streetlight-7,train,True
SYN-01812,Public lighting is out near Chowk; routine maintenance requested.,Streetlight,Low,Chowk,26.861233,80.913091,Streetlight-7,train,True
SYN-01813,Public lighting is out near Hazratganj; small issue and access remains open.,Streetlight,Low,Hazratganj,26.844801,80.944781,Streetlight-7,train,True
SYN-01814,Public lighting is out near Gomti Nagar; small issue and access remains open.,Streetlight,Low,Gomti Nagar,26.858681,81.0028,Streetlight-7,train,True
SYN-01815,Public lighting is out near Aliganj; small issue and access remains open.,Streetlight,Low,Aliganj,26.899001,80.943644,Streetlight-7,train,True
SYN-01816,Public lighting is out near Alambagh; small issue and access remains open.,Streetlight,Low,Alambagh,26.811146,80.901002,Streetlight-7,train,True
SYN-01817,Public lighting is out near Indira Nagar; small issue and access remains open.,Streetlight,Low,Indira Nagar,26.884358,80.995762,Streetlight-7,train,True
SYN-01818,Public lighting is out near Chowk; small issue and access remains open.,Streetlight,Low,Chowk,26.859181,80.914014,Streetlight-7,train,True
SYN-01819,Public lighting is out near Hazratganj; halki dikkat hai.,Streetlight,Low,Hazratganj,26.844829,80.947456,Streetlight-7,train,True
SYN-01820,Public lighting is out near Gomti Nagar; halki dikkat hai.,Streetlight,Low,Gomti Nagar,26.85641,81.005472,Streetlight-7,train,True
SYN-01821,Public lighting is out near Aliganj; halki dikkat hai.,Streetlight,Low,Aliganj,26.898958,80.946459,Streetlight-7,train,True
SYN-01822,Public lighting is out near Alambagh; halki dikkat hai.,Streetlight,Low,Alambagh,26.81297,80.902245,Streetlight-7,train,True
SYN-01823,Public lighting is out near Indira Nagar; halki dikkat hai.,Streetlight,Low,Indira Nagar,26.88195,80.996137,Streetlight-7,train,True
SYN-01824,Public lighting is out near Chowk; halki dikkat hai.,Streetlight,Low,Chowk,26.861195,80.912151,Streetlight-7,train,True
SYN-01825,Public lighting is out near Hazratganj; affecting several households for two days.,Streetlight,Medium,Hazratganj,26.847358,80.947906,Streetlight-7,train,True
SYN-01826,Public lighting is out near Gomti Nagar; affecting several households for two days.,Streetlight,Medium,Gomti Nagar,26.85755,81.005827,Streetlight-7,train,True
SYN-01827,Public lighting is out near Aliganj; affecting several households for two days.,Streetlight,Medium,Aliganj,26.899903,80.944251,Streetlight-7,train,True
SYN-01828,Public lighting is out near Alambagh; affecting several households for two days.,Streetlight,Medium,Alambagh,26.812208,80.900052,Streetlight-7,train,True
SYN-01829,Public lighting is out near Indira Nagar; affecting several households for two days.,Streetlight,Medium,Indira Nagar,26.882005,80.995482,Streetlight-7,train,True
SYN-01830,Public lighting is out near Chowk; affecting several households for two days.,Streetlight,Medium,Chowk,26.861124,80.91448,Streetlight-7,train,True
SYN-01831,Public lighting is out near Hazratganj; repeated problem disrupting daily use.,Streetlight,Medium,Hazratganj,26.84802,80.947846,Streetlight-7,train,True
SYN-01832,Public lighting is out near Gomti Nagar; repeated problem disrupting daily use.,Streetlight,Medium,Gomti Nagar,26.858819,81.004591,Streetlight-7,train,True
SYN-01833,Public lighting is out near Aliganj; repeated problem disrupting daily use.,Streetlight,Medium,Aliganj,26.89902,80.945186,Streetlight-7,train,True
SYN-01834,Public lighting is out near Alambagh; repeated problem disrupting daily use.,Streetlight,Medium,Alambagh,26.812414,80.903105,Streetlight-7,train,True
SYN-01835,Public lighting is out near Indira Nagar; repeated problem disrupting daily use.,Streetlight,Medium,Indira Nagar,26.884857,80.994177,Streetlight-7,train,True
SYN-01836,Public lighting is out near Chowk; repeated problem disrupting daily use.,Streetlight,Medium,Chowk,26.85871,80.913731,Streetlight-7,train,True
SYN-01837,Public lighting is out near Hazratganj; residents have difficulty using this lane.,Streetlight,Medium,Hazratganj,26.845448,80.944895,Streetlight-7,train,True
SYN-01838,Public lighting is out near Gomti Nagar; residents have difficulty using this lane.,Streetlight,Medium,Gomti Nagar,26.858055,81.003509,Streetlight-7,train,True
SYN-01839,Public lighting is out near Aliganj; residents have difficulty using this lane.,Streetlight,Medium,Aliganj,26.897714,80.945226,Streetlight-7,train,True
SYN-01840,Public lighting is out near Alambagh; residents have difficulty using this lane.,Streetlight,Medium,Alambagh,26.81052,80.902336,Streetlight-7,train,True
SYN-01841,Public lighting is out near Indira Nagar; residents have difficulty using this lane.,Streetlight,Medium,Indira Nagar,26.88202,80.994322,Streetlight-7,train,True
SYN-01842,Public lighting is out near Chowk; residents have difficulty using this lane.,Streetlight,Medium,Chowk,26.860839,80.911619,Streetlight-7,train,True
SYN-01843,Public lighting is out near Hazratganj; do din se pareshani hai.,Streetlight,Medium,Hazratganj,26.845315,80.945491,Streetlight-7,train,True
SYN-01844,Public lighting is out near Gomti Nagar; do din se pareshani hai.,Streetlight,Medium,Gomti Nagar,26.856203,81.00573,Streetlight-7,train,True
SYN-01845,Public lighting is out near Aliganj; do din se pareshani hai.,Streetlight,Medium,Aliganj,26.898462,80.945648,Streetlight-7,train,True
SYN-01846,Public lighting is out near Alambagh; do din se pareshani hai.,Streetlight,Medium,Alambagh,26.811962,80.902291,Streetlight-7,train,True
SYN-01847,Public lighting is out near Indira Nagar; do din se pareshani hai.,Streetlight,Medium,Indira Nagar,26.882432,80.996136,Streetlight-7,train,True
SYN-01848,Public lighting is out near Chowk; do din se pareshani hai.,Streetlight,Medium,Chowk,26.859271,80.91188,Streetlight-7,train,True
SYN-01849,Public lighting is out near Hazratganj; someone is injured and needs urgent help.,Streetlight,High,Hazratganj,26.845435,80.944473,Streetlight-7,train,True
SYN-01850,Public lighting is out near Gomti Nagar; someone is injured and needs urgent help.,Streetlight,High,Gomti Nagar,26.858021,81.003664,Streetlight-7,train,True
SYN-01851,Public lighting is out near Aliganj; someone is injured and needs urgent help.,Streetlight,High,Aliganj,26.898148,80.943368,Streetlight-7,train,True
SYN-01852,Public lighting is out near Alambagh; someone is injured and needs urgent help.,Streetlight,High,Alambagh,26.810885,80.900853,Streetlight-7,train,True
SYN-01853,Public lighting is out near Indira Nagar; someone is injured and needs urgent help.,Streetlight,High,Indira Nagar,26.882328,80.994443,Streetlight-7,train,True
SYN-01854,Public lighting is out near Chowk; someone is injured and needs urgent help.,Streetlight,High,Chowk,26.858874,80.914011,Streetlight-7,train,True
SYN-01855,Public lighting is out near Hazratganj; exposed live wire creates an electrocution risk.,Streetlight,High,Hazratganj,26.846822,80.948187,Streetlight-7,train,True
SYN-01856,Public lighting is out near Gomti Nagar; exposed live wire creates an electrocution risk.,Streetlight,High,Gomti Nagar,26.859295,81.005925,Streetlight-7,train,True
SYN-01857,Public lighting is out near Aliganj; exposed live wire creates an electrocution risk.,Streetlight,High,Aliganj,26.896035,80.945676,Streetlight-7,train,True
SYN-01858,Public lighting is out near Alambagh; exposed live wire creates an electrocution risk.,Streetlight,High,Alambagh,26.811783,80.903618,Streetlight-7,train,True
SYN-01859,Public lighting is out near Indira Nagar; exposed live wire creates an electrocution risk.,Streetlight,High,Indira Nagar,26.883455,80.995485,Streetlight-7,train,True
SYN-01860,Public lighting is out near Chowk; exposed live wire creates an electrocution risk.,Streetlight,High,Chowk,26.861836,80.91373,Streetlight-7,train,True
SYN-01861,Public lighting is out near Hazratganj; contamination is making children sick.,Streetlight,High,Hazratganj,26.845984,80.947864,Streetlight-7,train,True
SYN-01862,Public lighting is out near Gomti Nagar; contamination is making children sick.,Streetlight,High,Gomti Nagar,26.85978,81.003544,Streetlight-7,train,True
SYN-01863,Public lighting is out near Aliganj; contamination is making children sick.,Streetlight,High,Aliganj,26.898161,80.944131,Streetlight-7,train,True
SYN-01864,Public lighting is out near Alambagh; contamination is making children sick.,Streetlight,High,Alambagh,26.813645,80.903288,Streetlight-7,train,True
SYN-01865,Public lighting is out near Indira Nagar; contamination is making children sick.,Streetlight,High,Indira Nagar,26.8825,80.996211,Streetlight-7,train,True
SYN-01866,Public lighting is out near Chowk; contamination is making children sick.,Streetlight,High,Chowk,26.859782,80.911175,Streetlight-7,train,True
SYN-01867,Public lighting is out near Hazratganj; ambulance access is blocked.,Streetlight,High,Hazratganj,26.848293,80.94497,Streetlight-7,train,True
SYN-01868,Public lighting is out near Gomti Nagar; ambulance access is blocked.,Streetlight,High,Gomti Nagar,26.858056,81.005793,Streetlight-7,train,True
SYN-01869,Public lighting is out near Aliganj; ambulance access is blocked.,Streetlight,High,Aliganj,26.89667,80.946825,Streetlight-7,train,True
SYN-01870,Public lighting is out near Alambagh; ambulance access is blocked.,Streetlight,High,Alambagh,26.812152,80.900029,Streetlight-7,train,True
SYN-01871,Public lighting is out near Indira Nagar; ambulance access is blocked.,Streetlight,High,Indira Nagar,26.881262,80.995681,Streetlight-7,train,True
SYN-01872,Public lighting is out near Chowk; ambulance access is blocked.,Streetlight,High,Chowk,26.861094,80.91446,Streetlight-7,train,True
SYN-01873,Streetlight bulb has fused near Hazratganj; सामान्य रखरखाव चाहिए.,Streetlight,Low,Hazratganj,26.846397,80.944616,Streetlight-8,validation,True
SYN-01874,Streetlight bulb has fused near Gomti Nagar; सामान्य रखरखाव चाहिए.,Streetlight,Low,Gomti Nagar,26.858151,81.004811,Streetlight-8,validation,True
SYN-01875,Streetlight bulb has fused near Aliganj; सामान्य रखरखाव चाहिए.,Streetlight,Low,Aliganj,26.899905,80.946101,Streetlight-8,validation,True
SYN-01876,Streetlight bulb has fused near Alambagh; सामान्य रखरखाव चाहिए.,Streetlight,Low,Alambagh,26.812586,80.903759,Streetlight-8,validation,True
SYN-01877,Streetlight bulb has fused near Indira Nagar; सामान्य रखरखाव चाहिए.,Streetlight,Low,Indira Nagar,26.883988,80.993615,Streetlight-8,validation,True
SYN-01878,Streetlight bulb has fused near Chowk; सामान्य रखरखाव चाहिए.,Streetlight,Low,Chowk,26.859837,80.912327,Streetlight-8,validation,True
SYN-01879,Streetlight bulb has fused near Hazratganj; दो दिन से परेशानी है.,Streetlight,Medium,Hazratganj,26.84505,80.944417,Streetlight-8,validation,True
SYN-01880,Streetlight bulb has fused near Gomti Nagar; दो दिन से परेशानी है.,Streetlight,Medium,Gomti Nagar,26.859177,81.004232,Streetlight-8,validation,True
SYN-01881,Streetlight bulb has fused near Aliganj; दो दिन से परेशानी है.,Streetlight,Medium,Aliganj,26.8983,80.943911,Streetlight-8,validation,True
SYN-01882,Streetlight bulb has fused near Alambagh; दो दिन से परेशानी है.,Streetlight,Medium,Alambagh,26.811035,80.901552,Streetlight-8,validation,True
SYN-01883,Streetlight bulb has fused near Indira Nagar; दो दिन से परेशानी है.,Streetlight,Medium,Indira Nagar,26.883521,80.994732,Streetlight-8,validation,True
SYN-01884,Streetlight bulb has fused near Chowk; दो दिन से परेशानी है.,Streetlight,Medium,Chowk,26.858068,80.913693,Streetlight-8,validation,True
SYN-01885,Streetlight bulb has fused near Hazratganj; तुरंत खतरा है लोग घायल हैं.,Streetlight,High,Hazratganj,26.846839,80.946766,Streetlight-8,validation,True
SYN-01886,Streetlight bulb has fused near Gomti Nagar; तुरंत खतरा है लोग घायल हैं.,Streetlight,High,Gomti Nagar,26.858473,81.005024,Streetlight-8,validation,True
SYN-01887,Streetlight bulb has fused near Aliganj; तुरंत खतरा है लोग घायल हैं.,Streetlight,High,Aliganj,26.898342,80.945804,Streetlight-8,validation,True
SYN-01888,Streetlight bulb has fused near Alambagh; तुरंत खतरा है लोग घायल हैं.,Streetlight,High,Alambagh,26.81029,80.903712,Streetlight-8,validation,True
SYN-01889,Streetlight bulb has fused near Indira Nagar; तुरंत खतरा है लोग घायल हैं.,Streetlight,High,Indira Nagar,26.881425,80.996148,Streetlight-8,validation,True
SYN-01890,Streetlight bulb has fused near Chowk; तुरंत खतरा है लोग घायल हैं.,Streetlight,High,Chowk,26.859205,80.911346,Streetlight-8,validation,True
SYN-01891,Street lamps leave the lane dark near Hazratganj; सामान्य रखरखाव चाहिए.,Streetlight,Low,Hazratganj,26.847761,80.945951,Streetlight-9,validation,True
SYN-01892,Street lamps leave the lane dark near Gomti Nagar; सामान्य रखरखाव चाहिए.,Streetlight,Low,Gomti Nagar,26.85758,81.004643,Streetlight-9,validation,True
SYN-01893,Street lamps leave the lane dark near Aliganj; सामान्य रखरखाव चाहिए.,Streetlight,Low,Aliganj,26.897896,80.945134,Streetlight-9,validation,True
SYN-01894,Street lamps leave the lane dark near Alambagh; सामान्य रखरखाव चाहिए.,Streetlight,Low,Alambagh,26.810546,80.901564,Streetlight-9,validation,True
SYN-01895,Street lamps leave the lane dark near Indira Nagar; सामान्य रखरखाव चाहिए.,Streetlight,Low,Indira Nagar,26.88419,80.995183,Streetlight-9,validation,True
SYN-01896,Street lamps leave the lane dark near Chowk; सामान्य रखरखाव चाहिए.,Streetlight,Low,Chowk,26.861841,80.911576,Streetlight-9,validation,True
SYN-01897,Street lamps leave the lane dark near Hazratganj; दो दिन से परेशानी है.,Streetlight,Medium,Hazratganj,26.847409,80.947857,Streetlight-9,validation,True
SYN-01898,Street lamps leave the lane dark near Gomti Nagar; दो दिन से परेशानी है.,Streetlight,Medium,Gomti Nagar,26.85918,81.004917,Streetlight-9,validation,True
SYN-01899,Street lamps leave the lane dark near Aliganj; दो दिन से परेशानी है.,Streetlight,Medium,Aliganj,26.897493,80.946798,Streetlight-9,validation,True
SYN-01900,Street lamps leave the lane dark near Alambagh; दो दिन से परेशानी है.,Streetlight,Medium,Alambagh,26.812214,80.90222,Streetlight-9,validation,True
SYN-01901,Street lamps leave the lane dark near Indira Nagar; दो दिन से परेशानी है.,Streetlight,Medium,Indira Nagar,26.881493,80.99302,Streetlight-9,validation,True
SYN-01902,Street lamps leave the lane dark near Chowk; दो दिन से परेशानी है.,Streetlight,Medium,Chowk,26.860387,80.913149,Streetlight-9,validation,True
SYN-01903,Street lamps leave the lane dark near Hazratganj; तुरंत खतरा है लोग घायल हैं.,Streetlight,High,Hazratganj,26.848488,80.945419,Streetlight-9,validation,True
SYN-01904,Street lamps leave the lane dark near Gomti Nagar; तुरंत खतरा है लोग घायल हैं.,Streetlight,High,Gomti Nagar,26.858993,81.005614,Streetlight-9,validation,True
SYN-01905,Street lamps leave the lane dark near Aliganj; तुरंत खतरा है लोग घायल हैं.,Streetlight,High,Aliganj,26.897375,80.944651,Streetlight-9,validation,True
SYN-01906,Street lamps leave the lane dark near Alambagh; तुरंत खतरा है लोग घायल हैं.,Streetlight,High,Alambagh,26.812584,80.90205,Streetlight-9,validation,True
SYN-01907,Street lamps leave the lane dark near Indira Nagar; तुरंत खतरा है लोग घायल हैं.,Streetlight,High,Indira Nagar,26.881644,80.993883,Streetlight-9,validation,True
SYN-01908,Street lamps leave the lane dark near Chowk; तुरंत खतरा है लोग घायल हैं.,Streetlight,High,Chowk,26.861339,80.911777,Streetlight-9,validation,True
SYN-01909,Gali ki light nahi jalti near Hazratganj; please schedule a routine inspection.,Streetlight,Low,Hazratganj,26.845425,80.947399,Streetlight-10,test,True
SYN-01910,Gali ki light nahi jalti near Gomti Nagar; please schedule a routine inspection.,Streetlight,Low,Gomti Nagar,26.859409,81.005406,Streetlight-10,test,True
SYN-01911,Gali ki light nahi jalti near Aliganj; please schedule a routine inspection.,Streetlight,Low,Aliganj,26.899729,80.946977,Streetlight-10,test,True
SYN-01912,Gali ki light nahi jalti near Alambagh; please schedule a routine inspection.,Streetlight,Low,Alambagh,26.811845,80.902199,Streetlight-10,test,True
SYN-01913,Gali ki light nahi jalti near Indira Nagar; please schedule a routine inspection.,Streetlight,Low,Indira Nagar,26.882163,80.993269,Streetlight-10,test,True
SYN-01914,Gali ki light nahi jalti near Chowk; please schedule a routine inspection.,Streetlight,Low,Chowk,26.858393,80.913902,Streetlight-10,test,True
SYN-01915,Gali ki light nahi jalti near Hazratganj; daily activities are being disrupted.,Streetlight,Medium,Hazratganj,26.846649,80.945523,Streetlight-10,test,True
SYN-01916,Gali ki light nahi jalti near Gomti Nagar; daily activities are being disrupted.,Streetlight,Medium,Gomti Nagar,26.856513,81.004622,Streetlight-10,test,True
SYN-01917,Gali ki light nahi jalti near Aliganj; daily activities are being disrupted.,Streetlight,Medium,Aliganj,26.8964,80.945478,Streetlight-10,test,True
SYN-01918,Gali ki light nahi jalti near Alambagh; daily activities are being disrupted.,Streetlight,Medium,Alambagh,26.8136,80.901271,Streetlight-10,test,True
SYN-01919,Gali ki light nahi jalti near Indira Nagar; daily activities are being disrupted.,Streetlight,Medium,Indira Nagar,26.882803,80.995465,Streetlight-10,test,True
SYN-01920,Gali ki light nahi jalti near Chowk; daily activities are being disrupted.,Streetlight,Medium,Chowk,26.859223,80.913337,Streetlight-10,test,True
SYN-01921,Gali ki light nahi jalti near Hazratganj; immediate danger to residents.,Streetlight,High,Hazratganj,26.846962,80.945658,Streetlight-10,test,True
SYN-01922,Gali ki light nahi jalti near Gomti Nagar; immediate danger to residents.,Streetlight,High,Gomti Nagar,26.857265,81.003713,Streetlight-10,test,True
SYN-01923,Gali ki light nahi jalti near Aliganj; immediate danger to residents.,Streetlight,High,Aliganj,26.896019,80.943985,Streetlight-10,test,True
SYN-01924,Gali ki light nahi jalti near Alambagh; immediate danger to residents.,Streetlight,High,Alambagh,26.810886,80.902959,Streetlight-10,test,True
SYN-01925,Gali ki light nahi jalti near Indira Nagar; immediate danger to residents.,Streetlight,High,Indira Nagar,26.882744,80.99636,Streetlight-10,test,True
SYN-01926,Gali ki light nahi jalti near Chowk; immediate danger to residents.,Streetlight,High,Chowk,26.858537,80.913932,Streetlight-10,test,True
SYN-01927,गली की बत्ती नहीं जलती near Hazratganj; please schedule a routine inspection.,Streetlight,Low,Hazratganj,26.848212,80.946051,Streetlight-11,test,True
SYN-01928,गली की बत्ती नहीं जलती near Gomti Nagar; please schedule a routine inspection.,Streetlight,Low,Gomti Nagar,26.857435,81.003222,Streetlight-11,test,True
SYN-01929,गली की बत्ती नहीं जलती near Aliganj; please schedule a routine inspection.,Streetlight,Low,Aliganj,26.898207,80.943703,Streetlight-11,test,True
SYN-01930,गली की बत्ती नहीं जलती near Alambagh; please schedule a routine inspection.,Streetlight,Low,Alambagh,26.812427,80.903367,Streetlight-11,test,True
SYN-01931,गली की बत्ती नहीं जलती near Indira Nagar; please schedule a routine inspection.,Streetlight,Low,Indira Nagar,26.884435,80.99356,Streetlight-11,test,True
SYN-01932,गली की बत्ती नहीं जलती near Chowk; please schedule a routine inspection.,Streetlight,Low,Chowk,26.860154,80.912053,Streetlight-11,test,True
SYN-01933,गली की बत्ती नहीं जलती near Hazratganj; daily activities are being disrupted.,Streetlight,Medium,Hazratganj,26.848245,80.944506,Streetlight-11,test,True
SYN-01934,गली की बत्ती नहीं जलती near Gomti Nagar; daily activities are being disrupted.,Streetlight,Medium,Gomti Nagar,26.856302,81.002075,Streetlight-11,test,True
SYN-01935,गली की बत्ती नहीं जलती near Aliganj; daily activities are being disrupted.,Streetlight,Medium,Aliganj,26.898029,80.943125,Streetlight-11,test,True
SYN-01936,गली की बत्ती नहीं जलती near Alambagh; daily activities are being disrupted.,Streetlight,Medium,Alambagh,26.812328,80.901621,Streetlight-11,test,True
SYN-01937,गली की बत्ती नहीं जलती near Indira Nagar; daily activities are being disrupted.,Streetlight,Medium,Indira Nagar,26.88336,80.996625,Streetlight-11,test,True
SYN-01938,गली की बत्ती नहीं जलती near Chowk; daily activities are being disrupted.,Streetlight,Medium,Chowk,26.860206,80.913174,Streetlight-11,test,True
SYN-01939,गली की बत्ती नहीं जलती near Hazratganj; immediate danger to residents.,Streetlight,High,Hazratganj,26.848695,80.946088,Streetlight-11,test,True
SYN-01940,गली की बत्ती नहीं जलती near Gomti Nagar; immediate danger to residents.,Streetlight,High,Gomti Nagar,26.859101,81.003463,Streetlight-11,test,True
SYN-01941,गली की बत्ती नहीं जलती near Aliganj; immediate danger to residents.,Streetlight,High,Aliganj,26.896893,80.946089,Streetlight-11,test,True
SYN-01942,गली की बत्ती नहीं जलती near Alambagh; immediate danger to residents.,Streetlight,High,Alambagh,26.812933,80.901164,Streetlight-11,test,True
SYN-01943,गली की बत्ती नहीं जलती near Indira Nagar; immediate danger to residents.,Streetlight,High,Indira Nagar,26.882859,80.995042,Streetlight-11,test,True
SYN-01944,गली की बत्ती नहीं जलती near Chowk; immediate danger to residents.,Streetlight,High,Chowk,26.859587,80.913009,Streetlight-11,test,True
SYN-01945,Water supply has stopped near Hazratganj; minor inconvenience with no immediate danger.,Water Supply,Low,Hazratganj,26.847351,80.947592,Water Supply-0,train,True
SYN-01946,Water supply has stopped near Gomti Nagar; minor inconvenience with no immediate danger.,Water Supply,Low,Gomti Nagar,26.859226,81.004456,Water Supply-0,train,True
SYN-01947,Water supply has stopped near Aliganj; minor inconvenience with no immediate danger.,Water Supply,Low,Aliganj,26.896663,80.945057,Water Supply-0,train,True
SYN-01948,Water supply has stopped near Alambagh; minor inconvenience with no immediate danger.,Water Supply,Low,Alambagh,26.811785,80.900717,Water Supply-0,train,True
SYN-01949,Water supply has stopped near Indira Nagar; minor inconvenience with no immediate danger.,Water Supply,Low,Indira Nagar,26.884795,80.995638,Water Supply-0,train,True
SYN-01950,Water supply has stopped near Chowk; minor inconvenience with no immediate danger.,Water Supply,Low,Chowk,26.861871,80.913944,Water Supply-0,train,True
SYN-01951,Water supply has stopped near Hazratganj; routine maintenance requested.,Water Supply,Low,Hazratganj,26.846634,80.945635,Water Supply-0,train,True
SYN-01952,Water supply has stopped near Gomti Nagar; routine maintenance requested.,Water Supply,Low,Gomti Nagar,26.856875,81.003951,Water Supply-0,train,True
SYN-01953,Water supply has stopped near Aliganj; routine maintenance requested.,Water Supply,Low,Aliganj,26.896251,80.944478,Water Supply-0,train,True
SYN-01954,Water supply has stopped near Alambagh; routine maintenance requested.,Water Supply,Low,Alambagh,26.810171,80.900827,Water Supply-0,train,True
SYN-01955,Water supply has stopped near Indira Nagar; routine maintenance requested.,Water Supply,Low,Indira Nagar,26.884631,80.994445,Water Supply-0,train,True
SYN-01956,Water supply has stopped near Chowk; routine maintenance requested.,Water Supply,Low,Chowk,26.859879,80.912819,Water Supply-0,train,True
SYN-01957,Water supply has stopped near Hazratganj; small issue and access remains open.,Water Supply,Low,Hazratganj,26.844886,80.948122,Water Supply-0,train,True
SYN-01958,Water supply has stopped near Gomti Nagar; small issue and access remains open.,Water Supply,Low,Gomti Nagar,26.857296,81.004815,Water Supply-0,train,True
SYN-01959,Water supply has stopped near Aliganj; small issue and access remains open.,Water Supply,Low,Aliganj,26.898085,80.946319,Water Supply-0,train,True
SYN-01960,Water supply has stopped near Alambagh; small issue and access remains open.,Water Supply,Low,Alambagh,26.813339,80.901053,Water Supply-0,train,True
SYN-01961,Water supply has stopped near Indira Nagar; small issue and access remains open.,Water Supply,Low,Indira Nagar,26.883177,80.993695,Water Supply-0,train,True
SYN-01962,Water supply has stopped near Chowk; small issue and access remains open.,Water Supply,Low,Chowk,26.860615,80.912461,Water Supply-0,train,True
SYN-01963,Water supply has stopped near Hazratganj; halki dikkat hai.,Water Supply,Low,Hazratganj,26.847313,80.947542,Water Supply-0,train,True
SYN-01964,Water supply has stopped near Gomti Nagar; halki dikkat hai.,Water Supply,Low,Gomti Nagar,26.858067,81.003505,Water Supply-0,train,True
SYN-01965,Water supply has stopped near Aliganj; halki dikkat hai.,Water Supply,Low,Aliganj,26.899629,80.945065,Water Supply-0,train,True
SYN-01966,Water supply has stopped near Alambagh; halki dikkat hai.,Water Supply,Low,Alambagh,26.811412,80.903471,Water Supply-0,train,True
SYN-01967,Water supply has stopped near Indira Nagar; halki dikkat hai.,Water Supply,Low,Indira Nagar,26.882947,80.994928,Water Supply-0,train,True
SYN-01968,Water supply has stopped near Chowk; halki dikkat hai.,Water Supply,Low,Chowk,26.860417,80.913007,Water Supply-0,train,True
SYN-01969,Water supply has stopped near Hazratganj; affecting several households for two days.,Water Supply,Medium,Hazratganj,26.845256,80.944862,Water Supply-0,train,True
SYN-01970,Water supply has stopped near Gomti Nagar; affecting several households for two days.,Water Supply,Medium,Gomti Nagar,26.856308,81.004574,Water Supply-0,train,True
SYN-01971,Water supply has stopped near Aliganj; affecting several households for two days.,Water Supply,Medium,Aliganj,26.896846,80.943748,Water Supply-0,train,True
SYN-01972,Water supply has stopped near Alambagh; affecting several households for two days.,Water Supply,Medium,Alambagh,26.811449,80.902869,Water Supply-0,train,True
SYN-01973,Water supply has stopped near Indira Nagar; affecting several households for two days.,Water Supply,Medium,Indira Nagar,26.881473,80.993921,Water Supply-0,train,True
SYN-01974,Water supply has stopped near Chowk; affecting several households for two days.,Water Supply,Medium,Chowk,26.861245,80.913881,Water Supply-0,train,True
SYN-01975,Water supply has stopped near Hazratganj; repeated problem disrupting daily use.,Water Supply,Medium,Hazratganj,26.846626,80.946115,Water Supply-0,train,True
SYN-01976,Water supply has stopped near Gomti Nagar; repeated problem disrupting daily use.,Water Supply,Medium,Gomti Nagar,26.856843,81.002645,Water Supply-0,train,True
SYN-01977,Water supply has stopped near Aliganj; repeated problem disrupting daily use.,Water Supply,Medium,Aliganj,26.899333,80.94309,Water Supply-0,train,True
SYN-01978,Water supply has stopped near Alambagh; repeated problem disrupting daily use.,Water Supply,Medium,Alambagh,26.810173,80.902294,Water Supply-0,train,True
SYN-01979,Water supply has stopped near Indira Nagar; repeated problem disrupting daily use.,Water Supply,Medium,Indira Nagar,26.881645,80.995518,Water Supply-0,train,True
SYN-01980,Water supply has stopped near Chowk; repeated problem disrupting daily use.,Water Supply,Medium,Chowk,26.858157,80.913289,Water Supply-0,train,True
SYN-01981,Water supply has stopped near Hazratganj; residents have difficulty using this lane.,Water Supply,Medium,Hazratganj,26.844924,80.945233,Water Supply-0,train,True
SYN-01982,Water supply has stopped near Gomti Nagar; residents have difficulty using this lane.,Water Supply,Medium,Gomti Nagar,26.85672,81.005833,Water Supply-0,train,True
SYN-01983,Water supply has stopped near Aliganj; residents have difficulty using this lane.,Water Supply,Medium,Aliganj,26.898397,80.945254,Water Supply-0,train,True
SYN-01984,Water supply has stopped near Alambagh; residents have difficulty using this lane.,Water Supply,Medium,Alambagh,26.810074,80.902878,Water Supply-0,train,True
SYN-01985,Water supply has stopped near Indira Nagar; residents have difficulty using this lane.,Water Supply,Medium,Indira Nagar,26.883647,80.994134,Water Supply-0,train,True
SYN-01986,Water supply has stopped near Chowk; residents have difficulty using this lane.,Water Supply,Medium,Chowk,26.858343,80.912797,Water Supply-0,train,True
SYN-01987,Water supply has stopped near Hazratganj; do din se pareshani hai.,Water Supply,Medium,Hazratganj,26.848671,80.947669,Water Supply-0,train,True
SYN-01988,Water supply has stopped near Gomti Nagar; do din se pareshani hai.,Water Supply,Medium,Gomti Nagar,26.856682,81.005321,Water Supply-0,train,True
SYN-01989,Water supply has stopped near Aliganj; do din se pareshani hai.,Water Supply,Medium,Aliganj,26.898403,80.946178,Water Supply-0,train,True
SYN-01990,Water supply has stopped near Alambagh; do din se pareshani hai.,Water Supply,Medium,Alambagh,26.813282,80.900728,Water Supply-0,train,True
SYN-01991,Water supply has stopped near Indira Nagar; do din se pareshani hai.,Water Supply,Medium,Indira Nagar,26.883639,80.994058,Water Supply-0,train,True
SYN-01992,Water supply has stopped near Chowk; do din se pareshani hai.,Water Supply,Medium,Chowk,26.860897,80.912371,Water Supply-0,train,True
SYN-01993,Water supply has stopped near Hazratganj; someone is injured and needs urgent help.,Water Supply,High,Hazratganj,26.846514,80.946562,Water Supply-0,train,True
SYN-01994,Water supply has stopped near Gomti Nagar; someone is injured and needs urgent help.,Water Supply,High,Gomti Nagar,26.856919,81.003542,Water Supply-0,train,True
SYN-01995,Water supply has stopped near Aliganj; someone is injured and needs urgent help.,Water Supply,High,Aliganj,26.896434,80.943809,Water Supply-0,train,True
SYN-01996,Water supply has stopped near Alambagh; someone is injured and needs urgent help.,Water Supply,High,Alambagh,26.813438,80.902017,Water Supply-0,train,True
SYN-01997,Water supply has stopped near Indira Nagar; someone is injured and needs urgent help.,Water Supply,High,Indira Nagar,26.882679,80.993598,Water Supply-0,train,True
SYN-01998,Water supply has stopped near Chowk; someone is injured and needs urgent help.,Water Supply,High,Chowk,26.858385,80.912903,Water Supply-0,train,True
SYN-01999,Water supply has stopped near Hazratganj; exposed live wire creates an electrocution risk.,Water Supply,High,Hazratganj,26.847159,80.944356,Water Supply-0,train,True
SYN-02000,Water supply has stopped near Gomti Nagar; exposed live wire creates an electrocution risk.,Water Supply,High,Gomti Nagar,26.859135,81.004013,Water Supply-0,train,True
SYN-02001,Water supply has stopped near Aliganj; exposed live wire creates an electrocution risk.,Water Supply,High,Aliganj,26.89647,80.944929,Water Supply-0,train,True
SYN-02002,Water supply has stopped near Alambagh; exposed live wire creates an electrocution risk.,Water Supply,High,Alambagh,26.810521,80.902414,Water Supply-0,train,True
SYN-02003,Water supply has stopped near Indira Nagar; exposed live wire creates an electrocution risk.,Water Supply,High,Indira Nagar,26.88431,80.996588,Water Supply-0,train,True
SYN-02004,Water supply has stopped near Chowk; exposed live wire creates an electrocution risk.,Water Supply,High,Chowk,26.861099,80.913597,Water Supply-0,train,True
SYN-02005,Water supply has stopped near Hazratganj; contamination is making children sick.,Water Supply,High,Hazratganj,26.846788,80.945682,Water Supply-0,train,True
SYN-02006,Water supply has stopped near Gomti Nagar; contamination is making children sick.,Water Supply,High,Gomti Nagar,26.856174,81.004119,Water Supply-0,train,True
SYN-02007,Water supply has stopped near Aliganj; contamination is making children sick.,Water Supply,High,Aliganj,26.896918,80.946209,Water Supply-0,train,True
SYN-02008,Water supply has stopped near Alambagh; contamination is making children sick.,Water Supply,High,Alambagh,26.813158,80.901525,Water Supply-0,train,True
SYN-02009,Water supply has stopped near Indira Nagar; contamination is making children sick.,Water Supply,High,Indira Nagar,26.883356,80.995966,Water Supply-0,train,True
SYN-02010,Water supply has stopped near Chowk; contamination is making children sick.,Water Supply,High,Chowk,26.861046,80.913787,Water Supply-0,train,True
SYN-02011,Water supply has stopped near Hazratganj; ambulance access is blocked.,Water Supply,High,Hazratganj,26.845091,80.944736,Water Supply-0,train,True
SYN-02012,Water supply has stopped near Gomti Nagar; ambulance access is blocked.,Water Supply,High,Gomti Nagar,26.857909,81.00293,Water Supply-0,train,True
SYN-02013,Water supply has stopped near Aliganj; ambulance access is blocked.,Water Supply,High,Aliganj,26.899436,80.944133,Water Supply-0,train,True
SYN-02014,Water supply has stopped near Alambagh; ambulance access is blocked.,Water Supply,High,Alambagh,26.813507,80.901635,Water Supply-0,train,True
SYN-02015,Water supply has stopped near Indira Nagar; ambulance access is blocked.,Water Supply,High,Indira Nagar,26.881756,80.995837,Water Supply-0,train,True
SYN-02016,Water supply has stopped near Chowk; ambulance access is blocked.,Water Supply,High,Chowk,26.861158,80.913312,Water Supply-0,train,True
SYN-02017,Water pipeline is leaking near Hazratganj; minor inconvenience with no immediate danger.,Water Supply,Low,Hazratganj,26.845171,80.944229,Water Supply-1,train,True
SYN-02018,Water pipeline is leaking near Gomti Nagar; minor inconvenience with no immediate danger.,Water Supply,Low,Gomti Nagar,26.858618,81.004751,Water Supply-1,train,True
SYN-02019,Water pipeline is leaking near Aliganj; minor inconvenience with no immediate danger.,Water Supply,Low,Aliganj,26.897264,80.944449,Water Supply-1,train,True
SYN-02020,Water pipeline is leaking near Alambagh; minor inconvenience with no immediate danger.,Water Supply,Low,Alambagh,26.810619,80.902606,Water Supply-1,train,True
SYN-02021,Water pipeline is leaking near Indira Nagar; minor inconvenience with no immediate danger.,Water Supply,Low,Indira Nagar,26.882015,80.99642,Water Supply-1,train,True
SYN-02022,Water pipeline is leaking near Chowk; minor inconvenience with no immediate danger.,Water Supply,Low,Chowk,26.859694,80.912463,Water Supply-1,train,True
SYN-02023,Water pipeline is leaking near Hazratganj; routine maintenance requested.,Water Supply,Low,Hazratganj,26.845802,80.946922,Water Supply-1,train,True
SYN-02024,Water pipeline is leaking near Gomti Nagar; routine maintenance requested.,Water Supply,Low,Gomti Nagar,26.85902,81.003653,Water Supply-1,train,True
SYN-02025,Water pipeline is leaking near Aliganj; routine maintenance requested.,Water Supply,Low,Aliganj,26.899135,80.94493,Water Supply-1,train,True
SYN-02026,Water pipeline is leaking near Alambagh; routine maintenance requested.,Water Supply,Low,Alambagh,26.811481,80.90222,Water Supply-1,train,True
SYN-02027,Water pipeline is leaking near Indira Nagar; routine maintenance requested.,Water Supply,Low,Indira Nagar,26.882015,80.994227,Water Supply-1,train,True
SYN-02028,Water pipeline is leaking near Chowk; routine maintenance requested.,Water Supply,Low,Chowk,26.859377,80.913822,Water Supply-1,train,True
SYN-02029,Water pipeline is leaking near Hazratganj; small issue and access remains open.,Water Supply,Low,Hazratganj,26.847643,80.94762,Water Supply-1,train,True
SYN-02030,Water pipeline is leaking near Gomti Nagar; small issue and access remains open.,Water Supply,Low,Gomti Nagar,26.858637,81.004991,Water Supply-1,train,True
SYN-02031,Water pipeline is leaking near Aliganj; small issue and access remains open.,Water Supply,Low,Aliganj,26.897786,80.945797,Water Supply-1,train,True
SYN-02032,Water pipeline is leaking near Alambagh; small issue and access remains open.,Water Supply,Low,Alambagh,26.810647,80.900858,Water Supply-1,train,True
SYN-02033,Water pipeline is leaking near Indira Nagar; small issue and access remains open.,Water Supply,Low,Indira Nagar,26.882602,80.994354,Water Supply-1,train,True
SYN-02034,Water pipeline is leaking near Chowk; small issue and access remains open.,Water Supply,Low,Chowk,26.860202,80.913788,Water Supply-1,train,True
SYN-02035,Water pipeline is leaking near Hazratganj; halki dikkat hai.,Water Supply,Low,Hazratganj,26.847527,80.944843,Water Supply-1,train,True
SYN-02036,Water pipeline is leaking near Gomti Nagar; halki dikkat hai.,Water Supply,Low,Gomti Nagar,26.859858,81.002021,Water Supply-1,train,True
SYN-02037,Water pipeline is leaking near Aliganj; halki dikkat hai.,Water Supply,Low,Aliganj,26.896364,80.943581,Water Supply-1,train,True
SYN-02038,Water pipeline is leaking near Alambagh; halki dikkat hai.,Water Supply,Low,Alambagh,26.813703,80.901742,Water Supply-1,train,True
SYN-02039,Water pipeline is leaking near Indira Nagar; halki dikkat hai.,Water Supply,Low,Indira Nagar,26.881256,80.993887,Water Supply-1,train,True
SYN-02040,Water pipeline is leaking near Chowk; halki dikkat hai.,Water Supply,Low,Chowk,26.85832,80.911151,Water Supply-1,train,True
SYN-02041,Water pipeline is leaking near Hazratganj; affecting several households for two days.,Water Supply,Medium,Hazratganj,26.846237,80.948138,Water Supply-1,train,True
SYN-02042,Water pipeline is leaking near Gomti Nagar; affecting several households for two days.,Water Supply,Medium,Gomti Nagar,26.858456,81.004084,Water Supply-1,train,True
SYN-02043,Water pipeline is leaking near Aliganj; affecting several households for two days.,Water Supply,Medium,Aliganj,26.898846,80.94539,Water Supply-1,train,True
SYN-02044,Water pipeline is leaking near Alambagh; affecting several households for two days.,Water Supply,Medium,Alambagh,26.813783,80.903281,Water Supply-1,train,True
SYN-02045,Water pipeline is leaking near Indira Nagar; affecting several households for two days.,Water Supply,Medium,Indira Nagar,26.883561,80.994756,Water Supply-1,train,True
SYN-02046,Water pipeline is leaking near Chowk; affecting several households for two days.,Water Supply,Medium,Chowk,26.858807,80.913628,Water Supply-1,train,True
SYN-02047,Water pipeline is leaking near Hazratganj; repeated problem disrupting daily use.,Water Supply,Medium,Hazratganj,26.847916,80.945344,Water Supply-1,train,True
SYN-02048,Water pipeline is leaking near Gomti Nagar; repeated problem disrupting daily use.,Water Supply,Medium,Gomti Nagar,26.856134,81.004398,Water Supply-1,train,True
SYN-02049,Water pipeline is leaking near Aliganj; repeated problem disrupting daily use.,Water Supply,Medium,Aliganj,26.898063,80.943927,Water Supply-1,train,True
SYN-02050,Water pipeline is leaking near Alambagh; repeated problem disrupting daily use.,Water Supply,Medium,Alambagh,26.810678,80.900144,Water Supply-1,train,True
SYN-02051,Water pipeline is leaking near Indira Nagar; repeated problem disrupting daily use.,Water Supply,Medium,Indira Nagar,26.881957,80.993001,Water Supply-1,train,True
SYN-02052,Water pipeline is leaking near Chowk; repeated problem disrupting daily use.,Water Supply,Medium,Chowk,26.85863,80.914987,Water Supply-1,train,True
SYN-02053,Water pipeline is leaking near Hazratganj; residents have difficulty using this lane.,Water Supply,Medium,Hazratganj,26.847819,80.945613,Water Supply-1,train,True
SYN-02054,Water pipeline is leaking near Gomti Nagar; residents have difficulty using this lane.,Water Supply,Medium,Gomti Nagar,26.857581,81.004344,Water Supply-1,train,True
SYN-02055,Water pipeline is leaking near Aliganj; residents have difficulty using this lane.,Water Supply,Medium,Aliganj,26.898071,80.945948,Water Supply-1,train,True
SYN-02056,Water pipeline is leaking near Alambagh; residents have difficulty using this lane.,Water Supply,Medium,Alambagh,26.810274,80.900361,Water Supply-1,train,True
SYN-02057,Water pipeline is leaking near Indira Nagar; residents have difficulty using this lane.,Water Supply,Medium,Indira Nagar,26.882138,80.996319,Water Supply-1,train,True
SYN-02058,Water pipeline is leaking near Chowk; residents have difficulty using this lane.,Water Supply,Medium,Chowk,26.86166,80.912392,Water Supply-1,train,True
SYN-02059,Water pipeline is leaking near Hazratganj; do din se pareshani hai.,Water Supply,Medium,Hazratganj,26.848553,80.945306,Water Supply-1,train,True
SYN-02060,Water pipeline is leaking near Gomti Nagar; do din se pareshani hai.,Water Supply,Medium,Gomti Nagar,26.858425,81.002778,Water Supply-1,train,True
SYN-02061,Water pipeline is leaking near Aliganj; do din se pareshani hai.,Water Supply,Medium,Aliganj,26.899719,80.9453,Water Supply-1,train,True
SYN-02062,Water pipeline is leaking near Alambagh; do din se pareshani hai.,Water Supply,Medium,Alambagh,26.811044,80.901629,Water Supply-1,train,True
SYN-02063,Water pipeline is leaking near Indira Nagar; do din se pareshani hai.,Water Supply,Medium,Indira Nagar,26.881426,80.99329,Water Supply-1,train,True
SYN-02064,Water pipeline is leaking near Chowk; do din se pareshani hai.,Water Supply,Medium,Chowk,26.859177,80.914788,Water Supply-1,train,True
SYN-02065,Water pipeline is leaking near Hazratganj; someone is injured and needs urgent help.,Water Supply,High,Hazratganj,26.847912,80.948027,Water Supply-1,train,True
SYN-02066,Water pipeline is leaking near Gomti Nagar; someone is injured and needs urgent help.,Water Supply,High,Gomti Nagar,26.859504,81.005253,Water Supply-1,train,True
SYN-02067,Water pipeline is leaking near Aliganj; someone is injured and needs urgent help.,Water Supply,High,Aliganj,26.8983,80.945777,Water Supply-1,train,True
SYN-02068,Water pipeline is leaking near Alambagh; someone is injured and needs urgent help.,Water Supply,High,Alambagh,26.813864,80.902253,Water Supply-1,train,True
SYN-02069,Water pipeline is leaking near Indira Nagar; someone is injured and needs urgent help.,Water Supply,High,Indira Nagar,26.88408,80.99603,Water Supply-1,train,True
SYN-02070,Water pipeline is leaking near Chowk; someone is injured and needs urgent help.,Water Supply,High,Chowk,26.861845,80.912835,Water Supply-1,train,True
SYN-02071,Water pipeline is leaking near Hazratganj; exposed live wire creates an electrocution risk.,Water Supply,High,Hazratganj,26.846543,80.946547,Water Supply-1,train,True
SYN-02072,Water pipeline is leaking near Gomti Nagar; exposed live wire creates an electrocution risk.,Water Supply,High,Gomti Nagar,26.856109,81.002465,Water Supply-1,train,True
SYN-02073,Water pipeline is leaking near Aliganj; exposed live wire creates an electrocution risk.,Water Supply,High,Aliganj,26.89627,80.945535,Water Supply-1,train,True
SYN-02074,Water pipeline is leaking near Alambagh; exposed live wire creates an electrocution risk.,Water Supply,High,Alambagh,26.813977,80.902708,Water Supply-1,train,True
SYN-02075,Water pipeline is leaking near Indira Nagar; exposed live wire creates an electrocution risk.,Water Supply,High,Indira Nagar,26.88192,80.994263,Water Supply-1,train,True
SYN-02076,Water pipeline is leaking near Chowk; exposed live wire creates an electrocution risk.,Water Supply,High,Chowk,26.861822,80.913066,Water Supply-1,train,True
SYN-02077,Water pipeline is leaking near Hazratganj; contamination is making children sick.,Water Supply,High,Hazratganj,26.844739,80.947529,Water Supply-1,train,True
SYN-02078,Water pipeline is leaking near Gomti Nagar; contamination is making children sick.,Water Supply,High,Gomti Nagar,26.856993,81.002372,Water Supply-1,train,True
SYN-02079,Water pipeline is leaking near Aliganj; contamination is making children sick.,Water Supply,High,Aliganj,26.898695,80.946284,Water Supply-1,train,True
SYN-02080,Water pipeline is leaking near Alambagh; contamination is making children sick.,Water Supply,High,Alambagh,26.810304,80.903726,Water Supply-1,train,True
SYN-02081,Water pipeline is leaking near Indira Nagar; contamination is making children sick.,Water Supply,High,Indira Nagar,26.882906,80.994414,Water Supply-1,train,True
SYN-02082,Water pipeline is leaking near Chowk; contamination is making children sick.,Water Supply,High,Chowk,26.861577,80.912076,Water Supply-1,train,True
SYN-02083,Water pipeline is leaking near Hazratganj; ambulance access is blocked.,Water Supply,High,Hazratganj,26.848488,80.946932,Water Supply-1,train,True
SYN-02084,Water pipeline is leaking near Gomti Nagar; ambulance access is blocked.,Water Supply,High,Gomti Nagar,26.85964,81.003996,Water Supply-1,train,True
SYN-02085,Water pipeline is leaking near Aliganj; ambulance access is blocked.,Water Supply,High,Aliganj,26.896799,80.945942,Water Supply-1,train,True
SYN-02086,Water pipeline is leaking near Alambagh; ambulance access is blocked.,Water Supply,High,Alambagh,26.813491,80.900827,Water Supply-1,train,True
SYN-02087,Water pipeline is leaking near Indira Nagar; ambulance access is blocked.,Water Supply,High,Indira Nagar,26.881811,80.993999,Water Supply-1,train,True
SYN-02088,Water pipeline is leaking near Chowk; ambulance access is blocked.,Water Supply,High,Chowk,26.860474,80.911624,Water Supply-1,train,True
SYN-02089,Tap water pressure is very low near Hazratganj; minor inconvenience with no immediate danger.,Water Supply,Low,Hazratganj,26.845127,80.947881,Water Supply-2,train,True
SYN-02090,Tap water pressure is very low near Gomti Nagar; minor inconvenience with no immediate danger.,Water Supply,Low,Gomti Nagar,26.858703,81.004654,Water Supply-2,train,True
SYN-02091,Tap water pressure is very low near Aliganj; minor inconvenience with no immediate danger.,Water Supply,Low,Aliganj,26.898455,80.946057,Water Supply-2,train,True
SYN-02092,Tap water pressure is very low near Alambagh; minor inconvenience with no immediate danger.,Water Supply,Low,Alambagh,26.812166,80.900169,Water Supply-2,train,True
SYN-02093,Tap water pressure is very low near Indira Nagar; minor inconvenience with no immediate danger.,Water Supply,Low,Indira Nagar,26.882929,80.995483,Water Supply-2,train,True
SYN-02094,Tap water pressure is very low near Chowk; minor inconvenience with no immediate danger.,Water Supply,Low,Chowk,26.859969,80.914941,Water Supply-2,train,True
SYN-02095,Tap water pressure is very low near Hazratganj; routine maintenance requested.,Water Supply,Low,Hazratganj,26.848288,80.947675,Water Supply-2,train,True
SYN-02096,Tap water pressure is very low near Gomti Nagar; routine maintenance requested.,Water Supply,Low,Gomti Nagar,26.857963,81.005938,Water Supply-2,train,True
SYN-02097,Tap water pressure is very low near Aliganj; routine maintenance requested.,Water Supply,Low,Aliganj,26.899664,80.944121,Water Supply-2,train,True
SYN-02098,Tap water pressure is very low near Alambagh; routine maintenance requested.,Water Supply,Low,Alambagh,26.810888,80.902307,Water Supply-2,train,True
SYN-02099,Tap water pressure is very low near Indira Nagar; routine maintenance requested.,Water Supply,Low,Indira Nagar,26.881217,80.996197,Water Supply-2,train,True
SYN-02100,Tap water pressure is very low near Chowk; routine maintenance requested.,Water Supply,Low,Chowk,26.859913,80.913163,Water Supply-2,train,True
SYN-02101,Tap water pressure is very low near Hazratganj; small issue and access remains open.,Water Supply,Low,Hazratganj,26.84671,80.945775,Water Supply-2,train,True
SYN-02102,Tap water pressure is very low near Gomti Nagar; small issue and access remains open.,Water Supply,Low,Gomti Nagar,26.858745,81.002699,Water Supply-2,train,True
SYN-02103,Tap water pressure is very low near Aliganj; small issue and access remains open.,Water Supply,Low,Aliganj,26.899906,80.945793,Water Supply-2,train,True
SYN-02104,Tap water pressure is very low near Alambagh; small issue and access remains open.,Water Supply,Low,Alambagh,26.81184,80.902757,Water Supply-2,train,True
SYN-02105,Tap water pressure is very low near Indira Nagar; small issue and access remains open.,Water Supply,Low,Indira Nagar,26.881047,80.993843,Water Supply-2,train,True
SYN-02106,Tap water pressure is very low near Chowk; small issue and access remains open.,Water Supply,Low,Chowk,26.860324,80.912302,Water Supply-2,train,True
SYN-02107,Tap water pressure is very low near Hazratganj; halki dikkat hai.,Water Supply,Low,Hazratganj,26.847151,80.945239,Water Supply-2,train,True
SYN-02108,Tap water pressure is very low near Gomti Nagar; halki dikkat hai.,Water Supply,Low,Gomti Nagar,26.858194,81.002949,Water Supply-2,train,True
SYN-02109,Tap water pressure is very low near Aliganj; halki dikkat hai.,Water Supply,Low,Aliganj,26.897885,80.945452,Water Supply-2,train,True
SYN-02110,Tap water pressure is very low near Alambagh; halki dikkat hai.,Water Supply,Low,Alambagh,26.811464,80.901995,Water Supply-2,train,True
SYN-02111,Tap water pressure is very low near Indira Nagar; halki dikkat hai.,Water Supply,Low,Indira Nagar,26.881842,80.995803,Water Supply-2,train,True
SYN-02112,Tap water pressure is very low near Chowk; halki dikkat hai.,Water Supply,Low,Chowk,26.859489,80.914417,Water Supply-2,train,True
SYN-02113,Tap water pressure is very low near Hazratganj; affecting several households for two days.,Water Supply,Medium,Hazratganj,26.845819,80.94492,Water Supply-2,train,True
SYN-02114,Tap water pressure is very low near Gomti Nagar; affecting several households for two days.,Water Supply,Medium,Gomti Nagar,26.856525,81.004304,Water Supply-2,train,True
SYN-02115,Tap water pressure is very low near Aliganj; affecting several households for two days.,Water Supply,Medium,Aliganj,26.896914,80.943399,Water Supply-2,train,True
SYN-02116,Tap water pressure is very low near Alambagh; affecting several households for two days.,Water Supply,Medium,Alambagh,26.81108,80.900943,Water Supply-2,train,True
SYN-02117,Tap water pressure is very low near Indira Nagar; affecting several households for two days.,Water Supply,Medium,Indira Nagar,26.882729,80.994524,Water Supply-2,train,True
SYN-02118,Tap water pressure is very low near Chowk; affecting several households for two days.,Water Supply,Medium,Chowk,26.858583,80.914837,Water Supply-2,train,True
SYN-02119,Tap water pressure is very low near Hazratganj; repeated problem disrupting daily use.,Water Supply,Medium,Hazratganj,26.845298,80.947423,Water Supply-2,train,True
SYN-02120,Tap water pressure is very low near Gomti Nagar; repeated problem disrupting daily use.,Water Supply,Medium,Gomti Nagar,26.856706,81.003998,Water Supply-2,train,True
SYN-02121,Tap water pressure is very low near Aliganj; repeated problem disrupting daily use.,Water Supply,Medium,Aliganj,26.899982,80.946398,Water Supply-2,train,True
SYN-02122,Tap water pressure is very low near Alambagh; repeated problem disrupting daily use.,Water Supply,Medium,Alambagh,26.812068,80.902882,Water Supply-2,train,True
SYN-02123,Tap water pressure is very low near Indira Nagar; repeated problem disrupting daily use.,Water Supply,Medium,Indira Nagar,26.884141,80.9942,Water Supply-2,train,True
SYN-02124,Tap water pressure is very low near Chowk; repeated problem disrupting daily use.,Water Supply,Medium,Chowk,26.860249,80.913271,Water Supply-2,train,True
SYN-02125,Tap water pressure is very low near Hazratganj; residents have difficulty using this lane.,Water Supply,Medium,Hazratganj,26.846294,80.946962,Water Supply-2,train,True
SYN-02126,Tap water pressure is very low near Gomti Nagar; residents have difficulty using this lane.,Water Supply,Medium,Gomti Nagar,26.85624,81.005255,Water Supply-2,train,True
SYN-02127,Tap water pressure is very low near Aliganj; residents have difficulty using this lane.,Water Supply,Medium,Aliganj,26.897906,80.945519,Water Supply-2,train,True
SYN-02128,Tap water pressure is very low near Alambagh; residents have difficulty using this lane.,Water Supply,Medium,Alambagh,26.811799,80.901339,Water Supply-2,train,True
SYN-02129,Tap water pressure is very low near Indira Nagar; residents have difficulty using this lane.,Water Supply,Medium,Indira Nagar,26.882444,80.995241,Water Supply-2,train,True
SYN-02130,Tap water pressure is very low near Chowk; residents have difficulty using this lane.,Water Supply,Medium,Chowk,26.861727,80.912031,Water Supply-2,train,True
SYN-02131,Tap water pressure is very low near Hazratganj; do din se pareshani hai.,Water Supply,Medium,Hazratganj,26.844779,80.944685,Water Supply-2,train,True
SYN-02132,Tap water pressure is very low near Gomti Nagar; do din se pareshani hai.,Water Supply,Medium,Gomti Nagar,26.859469,81.005852,Water Supply-2,train,True
SYN-02133,Tap water pressure is very low near Aliganj; do din se pareshani hai.,Water Supply,Medium,Aliganj,26.896796,80.945304,Water Supply-2,train,True
SYN-02134,Tap water pressure is very low near Alambagh; do din se pareshani hai.,Water Supply,Medium,Alambagh,26.812597,80.900698,Water Supply-2,train,True
SYN-02135,Tap water pressure is very low near Indira Nagar; do din se pareshani hai.,Water Supply,Medium,Indira Nagar,26.884121,80.99442,Water Supply-2,train,True
SYN-02136,Tap water pressure is very low near Chowk; do din se pareshani hai.,Water Supply,Medium,Chowk,26.860693,80.91295,Water Supply-2,train,True
SYN-02137,Tap water pressure is very low near Hazratganj; someone is injured and needs urgent help.,Water Supply,High,Hazratganj,26.847646,80.947759,Water Supply-2,train,True
SYN-02138,Tap water pressure is very low near Gomti Nagar; someone is injured and needs urgent help.,Water Supply,High,Gomti Nagar,26.857524,81.003146,Water Supply-2,train,True
SYN-02139,Tap water pressure is very low near Aliganj; someone is injured and needs urgent help.,Water Supply,High,Aliganj,26.898527,80.943579,Water Supply-2,train,True
SYN-02140,Tap water pressure is very low near Alambagh; someone is injured and needs urgent help.,Water Supply,High,Alambagh,26.81067,80.903231,Water Supply-2,train,True
SYN-02141,Tap water pressure is very low near Indira Nagar; someone is injured and needs urgent help.,Water Supply,High,Indira Nagar,26.88235,80.995525,Water Supply-2,train,True
SYN-02142,Tap water pressure is very low near Chowk; someone is injured and needs urgent help.,Water Supply,High,Chowk,26.860287,80.914396,Water Supply-2,train,True
SYN-02143,Tap water pressure is very low near Hazratganj; exposed live wire creates an electrocution risk.,Water Supply,High,Hazratganj,26.844985,80.944848,Water Supply-2,train,True
SYN-02144,Tap water pressure is very low near Gomti Nagar; exposed live wire creates an electrocution risk.,Water Supply,High,Gomti Nagar,26.856913,81.003268,Water Supply-2,train,True
SYN-02145,Tap water pressure is very low near Aliganj; exposed live wire creates an electrocution risk.,Water Supply,High,Aliganj,26.897165,80.94407,Water Supply-2,train,True
SYN-02146,Tap water pressure is very low near Alambagh; exposed live wire creates an electrocution risk.,Water Supply,High,Alambagh,26.812579,80.901085,Water Supply-2,train,True
SYN-02147,Tap water pressure is very low near Indira Nagar; exposed live wire creates an electrocution risk.,Water Supply,High,Indira Nagar,26.88278,80.996451,Water Supply-2,train,True
SYN-02148,Tap water pressure is very low near Chowk; exposed live wire creates an electrocution risk.,Water Supply,High,Chowk,26.859453,80.913348,Water Supply-2,train,True
SYN-02149,Tap water pressure is very low near Hazratganj; contamination is making children sick.,Water Supply,High,Hazratganj,26.848562,80.945856,Water Supply-2,train,True
SYN-02150,Tap water pressure is very low near Gomti Nagar; contamination is making children sick.,Water Supply,High,Gomti Nagar,26.856736,81.002092,Water Supply-2,train,True
SYN-02151,Tap water pressure is very low near Aliganj; contamination is making children sick.,Water Supply,High,Aliganj,26.898911,80.945648,Water Supply-2,train,True
SYN-02152,Tap water pressure is very low near Alambagh; contamination is making children sick.,Water Supply,High,Alambagh,26.813762,80.902803,Water Supply-2,train,True
SYN-02153,Tap water pressure is very low near Indira Nagar; contamination is making children sick.,Water Supply,High,Indira Nagar,26.88132,80.993668,Water Supply-2,train,True
SYN-02154,Tap water pressure is very low near Chowk; contamination is making children sick.,Water Supply,High,Chowk,26.858412,80.911255,Water Supply-2,train,True
SYN-02155,Tap water pressure is very low near Hazratganj; ambulance access is blocked.,Water Supply,High,Hazratganj,26.848215,80.946394,Water Supply-2,train,True
SYN-02156,Tap water pressure is very low near Gomti Nagar; ambulance access is blocked.,Water Supply,High,Gomti Nagar,26.856105,81.003588,Water Supply-2,train,True
SYN-02157,Tap water pressure is very low near Aliganj; ambulance access is blocked.,Water Supply,High,Aliganj,26.89906,80.943333,Water Supply-2,train,True
SYN-02158,Tap water pressure is very low near Alambagh; ambulance access is blocked.,Water Supply,High,Alambagh,26.81105,80.900621,Water Supply-2,train,True
SYN-02159,Tap water pressure is very low near Indira Nagar; ambulance access is blocked.,Water Supply,High,Indira Nagar,26.883619,80.996542,Water Supply-2,train,True
SYN-02160,Tap water pressure is very low near Chowk; ambulance access is blocked.,Water Supply,High,Chowk,26.859237,80.91199,Water Supply-2,train,True
SYN-02161,Drinking water looks dirty near Hazratganj; minor inconvenience with no immediate danger.,Water Supply,Low,Hazratganj,26.845837,80.946706,Water Supply-3,train,True
SYN-02162,Drinking water looks dirty near Gomti Nagar; minor inconvenience with no immediate danger.,Water Supply,Low,Gomti Nagar,26.856525,81.005354,Water Supply-3,train,True
SYN-02163,Drinking water looks dirty near Aliganj; minor inconvenience with no immediate danger.,Water Supply,Low,Aliganj,26.896114,80.945654,Water Supply-3,train,True
SYN-02164,Drinking water looks dirty near Alambagh; minor inconvenience with no immediate danger.,Water Supply,Low,Alambagh,26.813441,80.901301,Water Supply-3,train,True
SYN-02165,Drinking water looks dirty near Indira Nagar; minor inconvenience with no immediate danger.,Water Supply,Low,Indira Nagar,26.882905,80.9969,Water Supply-3,train,True
SYN-02166,Drinking water looks dirty near Chowk; minor inconvenience with no immediate danger.,Water Supply,Low,Chowk,26.860162,80.91209,Water Supply-3,train,True
SYN-02167,Drinking water looks dirty near Hazratganj; routine maintenance requested.,Water Supply,Low,Hazratganj,26.846479,80.948078,Water Supply-3,train,True
SYN-02168,Drinking water looks dirty near Gomti Nagar; routine maintenance requested.,Water Supply,Low,Gomti Nagar,26.85879,81.002708,Water Supply-3,train,True
SYN-02169,Drinking water looks dirty near Aliganj; routine maintenance requested.,Water Supply,Low,Aliganj,26.89839,80.945524,Water Supply-3,train,True
SYN-02170,Drinking water looks dirty near Alambagh; routine maintenance requested.,Water Supply,Low,Alambagh,26.812543,80.902256,Water Supply-3,train,True
SYN-02171,Drinking water looks dirty near Indira Nagar; routine maintenance requested.,Water Supply,Low,Indira Nagar,26.883094,80.995558,Water Supply-3,train,True
SYN-02172,Drinking water looks dirty near Chowk; routine maintenance requested.,Water Supply,Low,Chowk,26.859239,80.912389,Water Supply-3,train,True
SYN-02173,Drinking water looks dirty near Hazratganj; small issue and access remains open.,Water Supply,Low,Hazratganj,26.846859,80.947419,Water Supply-3,train,True
SYN-02174,Drinking water looks dirty near Gomti Nagar; small issue and access remains open.,Water Supply,Low,Gomti Nagar,26.857767,81.003463,Water Supply-3,train,True
SYN-02175,Drinking water looks dirty near Aliganj; small issue and access remains open.,Water Supply,Low,Aliganj,26.897039,80.944214,Water Supply-3,train,True
SYN-02176,Drinking water looks dirty near Alambagh; small issue and access remains open.,Water Supply,Low,Alambagh,26.81,80.903262,Water Supply-3,train,True
SYN-02177,Drinking water looks dirty near Indira Nagar; small issue and access remains open.,Water Supply,Low,Indira Nagar,26.884392,80.994376,Water Supply-3,train,True
SYN-02178,Drinking water looks dirty near Chowk; small issue and access remains open.,Water Supply,Low,Chowk,26.859877,80.911033,Water Supply-3,train,True
SYN-02179,Drinking water looks dirty near Hazratganj; halki dikkat hai.,Water Supply,Low,Hazratganj,26.848388,80.947988,Water Supply-3,train,True
SYN-02180,Drinking water looks dirty near Gomti Nagar; halki dikkat hai.,Water Supply,Low,Gomti Nagar,26.857908,81.002037,Water Supply-3,train,True
SYN-02181,Drinking water looks dirty near Aliganj; halki dikkat hai.,Water Supply,Low,Aliganj,26.897722,80.944172,Water Supply-3,train,True
SYN-02182,Drinking water looks dirty near Alambagh; halki dikkat hai.,Water Supply,Low,Alambagh,26.810925,80.900029,Water Supply-3,train,True
SYN-02183,Drinking water looks dirty near Indira Nagar; halki dikkat hai.,Water Supply,Low,Indira Nagar,26.882495,80.994647,Water Supply-3,train,True
SYN-02184,Drinking water looks dirty near Chowk; halki dikkat hai.,Water Supply,Low,Chowk,26.860242,80.912579,Water Supply-3,train,True
SYN-02185,Drinking water looks dirty near Hazratganj; affecting several households for two days.,Water Supply,Medium,Hazratganj,26.845353,80.947148,Water Supply-3,train,True
SYN-02186,Drinking water looks dirty near Gomti Nagar; affecting several households for two days.,Water Supply,Medium,Gomti Nagar,26.857559,81.003513,Water Supply-3,train,True
SYN-02187,Drinking water looks dirty near Aliganj; affecting several households for two days.,Water Supply,Medium,Aliganj,26.897052,80.944689,Water Supply-3,train,True
SYN-02188,Drinking water looks dirty near Alambagh; affecting several households for two days.,Water Supply,Medium,Alambagh,26.810958,80.903058,Water Supply-3,train,True
SYN-02189,Drinking water looks dirty near Indira Nagar; affecting several households for two days.,Water Supply,Medium,Indira Nagar,26.88464,80.99623,Water Supply-3,train,True
SYN-02190,Drinking water looks dirty near Chowk; affecting several households for two days.,Water Supply,Medium,Chowk,26.860739,80.912139,Water Supply-3,train,True
SYN-02191,Drinking water looks dirty near Hazratganj; repeated problem disrupting daily use.,Water Supply,Medium,Hazratganj,26.847672,80.947435,Water Supply-3,train,True
SYN-02192,Drinking water looks dirty near Gomti Nagar; repeated problem disrupting daily use.,Water Supply,Medium,Gomti Nagar,26.857652,81.005414,Water Supply-3,train,True
SYN-02193,Drinking water looks dirty near Aliganj; repeated problem disrupting daily use.,Water Supply,Medium,Aliganj,26.89673,80.944158,Water Supply-3,train,True
SYN-02194,Drinking water looks dirty near Alambagh; repeated problem disrupting daily use.,Water Supply,Medium,Alambagh,26.812548,80.902471,Water Supply-3,train,True
SYN-02195,Drinking water looks dirty near Indira Nagar; repeated problem disrupting daily use.,Water Supply,Medium,Indira Nagar,26.882089,80.995491,Water Supply-3,train,True
SYN-02196,Drinking water looks dirty near Chowk; repeated problem disrupting daily use.,Water Supply,Medium,Chowk,26.858751,80.911078,Water Supply-3,train,True
SYN-02197,Drinking water looks dirty near Hazratganj; residents have difficulty using this lane.,Water Supply,Medium,Hazratganj,26.844899,80.94634,Water Supply-3,train,True
SYN-02198,Drinking water looks dirty near Gomti Nagar; residents have difficulty using this lane.,Water Supply,Medium,Gomti Nagar,26.856744,81.002409,Water Supply-3,train,True
SYN-02199,Drinking water looks dirty near Aliganj; residents have difficulty using this lane.,Water Supply,Medium,Aliganj,26.897077,80.945861,Water Supply-3,train,True
SYN-02200,Drinking water looks dirty near Alambagh; residents have difficulty using this lane.,Water Supply,Medium,Alambagh,26.812908,80.900931,Water Supply-3,train,True
SYN-02201,Drinking water looks dirty near Indira Nagar; residents have difficulty using this lane.,Water Supply,Medium,Indira Nagar,26.881603,80.994974,Water Supply-3,train,True
SYN-02202,Drinking water looks dirty near Chowk; residents have difficulty using this lane.,Water Supply,Medium,Chowk,26.859368,80.912246,Water Supply-3,train,True
SYN-02203,Drinking water looks dirty near Hazratganj; do din se pareshani hai.,Water Supply,Medium,Hazratganj,26.847898,80.948192,Water Supply-3,train,True
SYN-02204,Drinking water looks dirty near Gomti Nagar; do din se pareshani hai.,Water Supply,Medium,Gomti Nagar,26.857855,81.005166,Water Supply-3,train,True
SYN-02205,Drinking water looks dirty near Aliganj; do din se pareshani hai.,Water Supply,Medium,Aliganj,26.897321,80.946374,Water Supply-3,train,True
SYN-02206,Drinking water looks dirty near Alambagh; do din se pareshani hai.,Water Supply,Medium,Alambagh,26.813807,80.900224,Water Supply-3,train,True
SYN-02207,Drinking water looks dirty near Indira Nagar; do din se pareshani hai.,Water Supply,Medium,Indira Nagar,26.884103,80.993286,Water Supply-3,train,True
SYN-02208,Drinking water looks dirty near Chowk; do din se pareshani hai.,Water Supply,Medium,Chowk,26.859881,80.911769,Water Supply-3,train,True
SYN-02209,Drinking water looks dirty near Hazratganj; someone is injured and needs urgent help.,Water Supply,High,Hazratganj,26.848066,80.947469,Water Supply-3,train,True
SYN-02210,Drinking water looks dirty near Gomti Nagar; someone is injured and needs urgent help.,Water Supply,High,Gomti Nagar,26.859313,81.002488,Water Supply-3,train,True
SYN-02211,Drinking water looks dirty near Aliganj; someone is injured and needs urgent help.,Water Supply,High,Aliganj,26.899073,80.943996,Water Supply-3,train,True
SYN-02212,Drinking water looks dirty near Alambagh; someone is injured and needs urgent help.,Water Supply,High,Alambagh,26.813085,80.901772,Water Supply-3,train,True
SYN-02213,Drinking water looks dirty near Indira Nagar; someone is injured and needs urgent help.,Water Supply,High,Indira Nagar,26.88395,80.993134,Water Supply-3,train,True
SYN-02214,Drinking water looks dirty near Chowk; someone is injured and needs urgent help.,Water Supply,High,Chowk,26.859843,80.914084,Water Supply-3,train,True
SYN-02215,Drinking water looks dirty near Hazratganj; exposed live wire creates an electrocution risk.,Water Supply,High,Hazratganj,26.846785,80.948128,Water Supply-3,train,True
SYN-02216,Drinking water looks dirty near Gomti Nagar; exposed live wire creates an electrocution risk.,Water Supply,High,Gomti Nagar,26.857891,81.004726,Water Supply-3,train,True
SYN-02217,Drinking water looks dirty near Aliganj; exposed live wire creates an electrocution risk.,Water Supply,High,Aliganj,26.897248,80.944292,Water Supply-3,train,True
SYN-02218,Drinking water looks dirty near Alambagh; exposed live wire creates an electrocution risk.,Water Supply,High,Alambagh,26.812517,80.900169,Water Supply-3,train,True
SYN-02219,Drinking water looks dirty near Indira Nagar; exposed live wire creates an electrocution risk.,Water Supply,High,Indira Nagar,26.88475,80.995084,Water Supply-3,train,True
SYN-02220,Drinking water looks dirty near Chowk; exposed live wire creates an electrocution risk.,Water Supply,High,Chowk,26.859013,80.913554,Water Supply-3,train,True
SYN-02221,Drinking water looks dirty near Hazratganj; contamination is making children sick.,Water Supply,High,Hazratganj,26.845495,80.94775,Water Supply-3,train,True
SYN-02222,Drinking water looks dirty near Gomti Nagar; contamination is making children sick.,Water Supply,High,Gomti Nagar,26.859455,81.002871,Water Supply-3,train,True
SYN-02223,Drinking water looks dirty near Aliganj; contamination is making children sick.,Water Supply,High,Aliganj,26.896452,80.945532,Water Supply-3,train,True
SYN-02224,Drinking water looks dirty near Alambagh; contamination is making children sick.,Water Supply,High,Alambagh,26.811298,80.900669,Water Supply-3,train,True
SYN-02225,Drinking water looks dirty near Indira Nagar; contamination is making children sick.,Water Supply,High,Indira Nagar,26.882104,80.993479,Water Supply-3,train,True
SYN-02226,Drinking water looks dirty near Chowk; contamination is making children sick.,Water Supply,High,Chowk,26.861157,80.911036,Water Supply-3,train,True
SYN-02227,Drinking water looks dirty near Hazratganj; ambulance access is blocked.,Water Supply,High,Hazratganj,26.844868,80.947334,Water Supply-3,train,True
SYN-02228,Drinking water looks dirty near Gomti Nagar; ambulance access is blocked.,Water Supply,High,Gomti Nagar,26.857901,81.004385,Water Supply-3,train,True
SYN-02229,Drinking water looks dirty near Aliganj; ambulance access is blocked.,Water Supply,High,Aliganj,26.897486,80.943358,Water Supply-3,train,True
SYN-02230,Drinking water looks dirty near Alambagh; ambulance access is blocked.,Water Supply,High,Alambagh,26.810631,80.900366,Water Supply-3,train,True
SYN-02231,Drinking water looks dirty near Indira Nagar; ambulance access is blocked.,Water Supply,High,Indira Nagar,26.883475,80.996723,Water Supply-3,train,True
SYN-02232,Drinking water looks dirty near Chowk; ambulance access is blocked.,Water Supply,High,Chowk,26.861988,80.913501,Water Supply-3,train,True
SYN-02233,Municipal water pipe has burst near Hazratganj; minor inconvenience with no immediate danger.,Water Supply,Low,Hazratganj,26.844939,80.946778,Water Supply-4,train,True
SYN-02234,Municipal water pipe has burst near Gomti Nagar; minor inconvenience with no immediate danger.,Water Supply,Low,Gomti Nagar,26.858805,81.005166,Water Supply-4,train,True
SYN-02235,Municipal water pipe has burst near Aliganj; minor inconvenience with no immediate danger.,Water Supply,Low,Aliganj,26.896503,80.943931,Water Supply-4,train,True
SYN-02236,Municipal water pipe has burst near Alambagh; minor inconvenience with no immediate danger.,Water Supply,Low,Alambagh,26.813927,80.903154,Water Supply-4,train,True
SYN-02237,Municipal water pipe has burst near Indira Nagar; minor inconvenience with no immediate danger.,Water Supply,Low,Indira Nagar,26.884027,80.996222,Water Supply-4,train,True
SYN-02238,Municipal water pipe has burst near Chowk; minor inconvenience with no immediate danger.,Water Supply,Low,Chowk,26.859755,80.911772,Water Supply-4,train,True
SYN-02239,Municipal water pipe has burst near Hazratganj; routine maintenance requested.,Water Supply,Low,Hazratganj,26.847457,80.945633,Water Supply-4,train,True
SYN-02240,Municipal water pipe has burst near Gomti Nagar; routine maintenance requested.,Water Supply,Low,Gomti Nagar,26.856539,81.005595,Water Supply-4,train,True
SYN-02241,Municipal water pipe has burst near Aliganj; routine maintenance requested.,Water Supply,Low,Aliganj,26.897941,80.94475,Water Supply-4,train,True
SYN-02242,Municipal water pipe has burst near Alambagh; routine maintenance requested.,Water Supply,Low,Alambagh,26.811179,80.902788,Water Supply-4,train,True
SYN-02243,Municipal water pipe has burst near Indira Nagar; routine maintenance requested.,Water Supply,Low,Indira Nagar,26.881759,80.993747,Water Supply-4,train,True
SYN-02244,Municipal water pipe has burst near Chowk; routine maintenance requested.,Water Supply,Low,Chowk,26.859391,80.91393,Water Supply-4,train,True
SYN-02245,Municipal water pipe has burst near Hazratganj; small issue and access remains open.,Water Supply,Low,Hazratganj,26.845801,80.947525,Water Supply-4,train,True
SYN-02246,Municipal water pipe has burst near Gomti Nagar; small issue and access remains open.,Water Supply,Low,Gomti Nagar,26.859658,81.004218,Water Supply-4,train,True
SYN-02247,Municipal water pipe has burst near Aliganj; small issue and access remains open.,Water Supply,Low,Aliganj,26.896276,80.94362,Water Supply-4,train,True
SYN-02248,Municipal water pipe has burst near Alambagh; small issue and access remains open.,Water Supply,Low,Alambagh,26.811183,80.901053,Water Supply-4,train,True
SYN-02249,Municipal water pipe has burst near Indira Nagar; small issue and access remains open.,Water Supply,Low,Indira Nagar,26.882468,80.993003,Water Supply-4,train,True
SYN-02250,Municipal water pipe has burst near Chowk; small issue and access remains open.,Water Supply,Low,Chowk,26.860552,80.912516,Water Supply-4,train,True
SYN-02251,Municipal water pipe has burst near Hazratganj; halki dikkat hai.,Water Supply,Low,Hazratganj,26.845442,80.944275,Water Supply-4,train,True
SYN-02252,Municipal water pipe has burst near Gomti Nagar; halki dikkat hai.,Water Supply,Low,Gomti Nagar,26.859427,81.005104,Water Supply-4,train,True
SYN-02253,Municipal water pipe has burst near Aliganj; halki dikkat hai.,Water Supply,Low,Aliganj,26.896955,80.945884,Water Supply-4,train,True
SYN-02254,Municipal water pipe has burst near Alambagh; halki dikkat hai.,Water Supply,Low,Alambagh,26.812633,80.902156,Water Supply-4,train,True
SYN-02255,Municipal water pipe has burst near Indira Nagar; halki dikkat hai.,Water Supply,Low,Indira Nagar,26.88255,80.995096,Water Supply-4,train,True
SYN-02256,Municipal water pipe has burst near Chowk; halki dikkat hai.,Water Supply,Low,Chowk,26.85999,80.913206,Water Supply-4,train,True
SYN-02257,Municipal water pipe has burst near Hazratganj; affecting several households for two days.,Water Supply,Medium,Hazratganj,26.847152,80.94549,Water Supply-4,train,True
SYN-02258,Municipal water pipe has burst near Gomti Nagar; affecting several households for two days.,Water Supply,Medium,Gomti Nagar,26.858564,81.002442,Water Supply-4,train,True
SYN-02259,Municipal water pipe has burst near Aliganj; affecting several households for two days.,Water Supply,Medium,Aliganj,26.898093,80.943267,Water Supply-4,train,True
SYN-02260,Municipal water pipe has burst near Alambagh; affecting several households for two days.,Water Supply,Medium,Alambagh,26.813341,80.900519,Water Supply-4,train,True
SYN-02261,Municipal water pipe has burst near Indira Nagar; affecting several households for two days.,Water Supply,Medium,Indira Nagar,26.884494,80.993808,Water Supply-4,train,True
SYN-02262,Municipal water pipe has burst near Chowk; affecting several households for two days.,Water Supply,Medium,Chowk,26.859941,80.911395,Water Supply-4,train,True
SYN-02263,Municipal water pipe has burst near Hazratganj; repeated problem disrupting daily use.,Water Supply,Medium,Hazratganj,26.846984,80.947545,Water Supply-4,train,True
SYN-02264,Municipal water pipe has burst near Gomti Nagar; repeated problem disrupting daily use.,Water Supply,Medium,Gomti Nagar,26.858632,81.004103,Water Supply-4,train,True
SYN-02265,Municipal water pipe has burst near Aliganj; repeated problem disrupting daily use.,Water Supply,Medium,Aliganj,26.898805,80.944024,Water Supply-4,train,True
SYN-02266,Municipal water pipe has burst near Alambagh; repeated problem disrupting daily use.,Water Supply,Medium,Alambagh,26.811465,80.902424,Water Supply-4,train,True
SYN-02267,Municipal water pipe has burst near Indira Nagar; repeated problem disrupting daily use.,Water Supply,Medium,Indira Nagar,26.881283,80.996721,Water Supply-4,train,True
SYN-02268,Municipal water pipe has burst near Chowk; repeated problem disrupting daily use.,Water Supply,Medium,Chowk,26.858835,80.912966,Water Supply-4,train,True
SYN-02269,Municipal water pipe has burst near Hazratganj; residents have difficulty using this lane.,Water Supply,Medium,Hazratganj,26.848259,80.94452,Water Supply-4,train,True
SYN-02270,Municipal water pipe has burst near Gomti Nagar; residents have difficulty using this lane.,Water Supply,Medium,Gomti Nagar,26.859204,81.002243,Water Supply-4,train,True
SYN-02271,Municipal water pipe has burst near Aliganj; residents have difficulty using this lane.,Water Supply,Medium,Aliganj,26.898232,80.946753,Water Supply-4,train,True
SYN-02272,Municipal water pipe has burst near Alambagh; residents have difficulty using this lane.,Water Supply,Medium,Alambagh,26.811664,80.901476,Water Supply-4,train,True
SYN-02273,Municipal water pipe has burst near Indira Nagar; residents have difficulty using this lane.,Water Supply,Medium,Indira Nagar,26.883834,80.996295,Water Supply-4,train,True
SYN-02274,Municipal water pipe has burst near Chowk; residents have difficulty using this lane.,Water Supply,Medium,Chowk,26.859063,80.911163,Water Supply-4,train,True
SYN-02275,Municipal water pipe has burst near Hazratganj; do din se pareshani hai.,Water Supply,Medium,Hazratganj,26.844982,80.945416,Water Supply-4,train,True
SYN-02276,Municipal water pipe has burst near Gomti Nagar; do din se pareshani hai.,Water Supply,Medium,Gomti Nagar,26.859778,81.005842,Water Supply-4,train,True
SYN-02277,Municipal water pipe has burst near Aliganj; do din se pareshani hai.,Water Supply,Medium,Aliganj,26.896388,80.945901,Water Supply-4,train,True
SYN-02278,Municipal water pipe has burst near Alambagh; do din se pareshani hai.,Water Supply,Medium,Alambagh,26.812127,80.900758,Water Supply-4,train,True
SYN-02279,Municipal water pipe has burst near Indira Nagar; do din se pareshani hai.,Water Supply,Medium,Indira Nagar,26.883105,80.993995,Water Supply-4,train,True
SYN-02280,Municipal water pipe has burst near Chowk; do din se pareshani hai.,Water Supply,Medium,Chowk,26.860501,80.911716,Water Supply-4,train,True
SYN-02281,Municipal water pipe has burst near Hazratganj; someone is injured and needs urgent help.,Water Supply,High,Hazratganj,26.847697,80.945861,Water Supply-4,train,True
SYN-02282,Municipal water pipe has burst near Gomti Nagar; someone is injured and needs urgent help.,Water Supply,High,Gomti Nagar,26.856422,81.004554,Water Supply-4,train,True
SYN-02283,Municipal water pipe has burst near Aliganj; someone is injured and needs urgent help.,Water Supply,High,Aliganj,26.897432,80.944835,Water Supply-4,train,True
SYN-02284,Municipal water pipe has burst near Alambagh; someone is injured and needs urgent help.,Water Supply,High,Alambagh,26.812661,80.903531,Water Supply-4,train,True
SYN-02285,Municipal water pipe has burst near Indira Nagar; someone is injured and needs urgent help.,Water Supply,High,Indira Nagar,26.881667,80.993722,Water Supply-4,train,True
SYN-02286,Municipal water pipe has burst near Chowk; someone is injured and needs urgent help.,Water Supply,High,Chowk,26.859606,80.91235,Water Supply-4,train,True
SYN-02287,Municipal water pipe has burst near Hazratganj; exposed live wire creates an electrocution risk.,Water Supply,High,Hazratganj,26.845333,80.948194,Water Supply-4,train,True
SYN-02288,Municipal water pipe has burst near Gomti Nagar; exposed live wire creates an electrocution risk.,Water Supply,High,Gomti Nagar,26.857772,81.003409,Water Supply-4,train,True
SYN-02289,Municipal water pipe has burst near Aliganj; exposed live wire creates an electrocution risk.,Water Supply,High,Aliganj,26.897261,80.946966,Water Supply-4,train,True
SYN-02290,Municipal water pipe has burst near Alambagh; exposed live wire creates an electrocution risk.,Water Supply,High,Alambagh,26.811299,80.901487,Water Supply-4,train,True
SYN-02291,Municipal water pipe has burst near Indira Nagar; exposed live wire creates an electrocution risk.,Water Supply,High,Indira Nagar,26.884057,80.994722,Water Supply-4,train,True
SYN-02292,Municipal water pipe has burst near Chowk; exposed live wire creates an electrocution risk.,Water Supply,High,Chowk,26.860903,80.913434,Water Supply-4,train,True
SYN-02293,Municipal water pipe has burst near Hazratganj; contamination is making children sick.,Water Supply,High,Hazratganj,26.846953,80.945056,Water Supply-4,train,True
SYN-02294,Municipal water pipe has burst near Gomti Nagar; contamination is making children sick.,Water Supply,High,Gomti Nagar,26.859063,81.005705,Water Supply-4,train,True
SYN-02295,Municipal water pipe has burst near Aliganj; contamination is making children sick.,Water Supply,High,Aliganj,26.897016,80.946847,Water Supply-4,train,True
SYN-02296,Municipal water pipe has burst near Alambagh; contamination is making children sick.,Water Supply,High,Alambagh,26.81179,80.901588,Water Supply-4,train,True
SYN-02297,Municipal water pipe has burst near Indira Nagar; contamination is making children sick.,Water Supply,High,Indira Nagar,26.883905,80.996932,Water Supply-4,train,True
SYN-02298,Municipal water pipe has burst near Chowk; contamination is making children sick.,Water Supply,High,Chowk,26.860383,80.91307,Water Supply-4,train,True
SYN-02299,Municipal water pipe has burst near Hazratganj; ambulance access is blocked.,Water Supply,High,Hazratganj,26.848674,80.945407,Water Supply-4,train,True
SYN-02300,Municipal water pipe has burst near Gomti Nagar; ambulance access is blocked.,Water Supply,High,Gomti Nagar,26.857201,81.002888,Water Supply-4,train,True
SYN-02301,Municipal water pipe has burst near Aliganj; ambulance access is blocked.,Water Supply,High,Aliganj,26.899423,80.943087,Water Supply-4,train,True
SYN-02302,Municipal water pipe has burst near Alambagh; ambulance access is blocked.,Water Supply,High,Alambagh,26.813288,80.902759,Water Supply-4,train,True
SYN-02303,Municipal water pipe has burst near Indira Nagar; ambulance access is blocked.,Water Supply,High,Indira Nagar,26.882104,80.995215,Water Supply-4,train,True
SYN-02304,Municipal water pipe has burst near Chowk; ambulance access is blocked.,Water Supply,High,Chowk,26.860225,80.914704,Water Supply-4,train,True
SYN-02305,Pani ki supply band hai near Hazratganj; minor inconvenience with no immediate danger.,Water Supply,Low,Hazratganj,26.845319,80.944351,Water Supply-5,train,True
SYN-02306,Pani ki supply band hai near Gomti Nagar; minor inconvenience with no immediate danger.,Water Supply,Low,Gomti Nagar,26.857423,81.002554,Water Supply-5,train,True
SYN-02307,Pani ki supply band hai near Aliganj; minor inconvenience with no immediate danger.,Water Supply,Low,Aliganj,26.897468,80.945329,Water Supply-5,train,True
SYN-02308,Pani ki supply band hai near Alambagh; minor inconvenience with no immediate danger.,Water Supply,Low,Alambagh,26.810932,80.903244,Water Supply-5,train,True
SYN-02309,Pani ki supply band hai near Indira Nagar; minor inconvenience with no immediate danger.,Water Supply,Low,Indira Nagar,26.881368,80.994599,Water Supply-5,train,True
SYN-02310,Pani ki supply band hai near Chowk; minor inconvenience with no immediate danger.,Water Supply,Low,Chowk,26.861672,80.913937,Water Supply-5,train,True
SYN-02311,Pani ki supply band hai near Hazratganj; routine maintenance requested.,Water Supply,Low,Hazratganj,26.847594,80.947372,Water Supply-5,train,True
SYN-02312,Pani ki supply band hai near Gomti Nagar; routine maintenance requested.,Water Supply,Low,Gomti Nagar,26.856692,81.005303,Water Supply-5,train,True
SYN-02313,Pani ki supply band hai near Aliganj; routine maintenance requested.,Water Supply,Low,Aliganj,26.898758,80.945305,Water Supply-5,train,True
SYN-02314,Pani ki supply band hai near Alambagh; routine maintenance requested.,Water Supply,Low,Alambagh,26.813631,80.902381,Water Supply-5,train,True
SYN-02315,Pani ki supply band hai near Indira Nagar; routine maintenance requested.,Water Supply,Low,Indira Nagar,26.882202,80.995923,Water Supply-5,train,True
SYN-02316,Pani ki supply band hai near Chowk; routine maintenance requested.,Water Supply,Low,Chowk,26.860305,80.911314,Water Supply-5,train,True
SYN-02317,Pani ki supply band hai near Hazratganj; small issue and access remains open.,Water Supply,Low,Hazratganj,26.844924,80.947284,Water Supply-5,train,True
SYN-02318,Pani ki supply band hai near Gomti Nagar; small issue and access remains open.,Water Supply,Low,Gomti Nagar,26.857392,81.005269,Water Supply-5,train,True
SYN-02319,Pani ki supply band hai near Aliganj; small issue and access remains open.,Water Supply,Low,Aliganj,26.897666,80.946471,Water Supply-5,train,True
SYN-02320,Pani ki supply band hai near Alambagh; small issue and access remains open.,Water Supply,Low,Alambagh,26.813479,80.900907,Water Supply-5,train,True
SYN-02321,Pani ki supply band hai near Indira Nagar; small issue and access remains open.,Water Supply,Low,Indira Nagar,26.883611,80.995409,Water Supply-5,train,True
SYN-02322,Pani ki supply band hai near Chowk; small issue and access remains open.,Water Supply,Low,Chowk,26.858046,80.91411,Water Supply-5,train,True
SYN-02323,Pani ki supply band hai near Hazratganj; halki dikkat hai.,Water Supply,Low,Hazratganj,26.84623,80.945419,Water Supply-5,train,True
SYN-02324,Pani ki supply band hai near Gomti Nagar; halki dikkat hai.,Water Supply,Low,Gomti Nagar,26.856165,81.00416,Water Supply-5,train,True
SYN-02325,Pani ki supply band hai near Aliganj; halki dikkat hai.,Water Supply,Low,Aliganj,26.896598,80.94501,Water Supply-5,train,True
SYN-02326,Pani ki supply band hai near Alambagh; halki dikkat hai.,Water Supply,Low,Alambagh,26.810883,80.900202,Water Supply-5,train,True
SYN-02327,Pani ki supply band hai near Indira Nagar; halki dikkat hai.,Water Supply,Low,Indira Nagar,26.883926,80.994572,Water Supply-5,train,True
SYN-02328,Pani ki supply band hai near Chowk; halki dikkat hai.,Water Supply,Low,Chowk,26.859782,80.913381,Water Supply-5,train,True
SYN-02329,Pani ki supply band hai near Hazratganj; affecting several households for two days.,Water Supply,Medium,Hazratganj,26.846719,80.945088,Water Supply-5,train,True
SYN-02330,Pani ki supply band hai near Gomti Nagar; affecting several households for two days.,Water Supply,Medium,Gomti Nagar,26.857159,81.003577,Water Supply-5,train,True
SYN-02331,Pani ki supply band hai near Aliganj; affecting several households for two days.,Water Supply,Medium,Aliganj,26.896529,80.94333,Water Supply-5,train,True
SYN-02332,Pani ki supply band hai near Alambagh; affecting several households for two days.,Water Supply,Medium,Alambagh,26.812286,80.900197,Water Supply-5,train,True
SYN-02333,Pani ki supply band hai near Indira Nagar; affecting several households for two days.,Water Supply,Medium,Indira Nagar,26.882597,80.99334,Water Supply-5,train,True
SYN-02334,Pani ki supply band hai near Chowk; affecting several households for two days.,Water Supply,Medium,Chowk,26.860007,80.914095,Water Supply-5,train,True
SYN-02335,Pani ki supply band hai near Hazratganj; repeated problem disrupting daily use.,Water Supply,Medium,Hazratganj,26.845222,80.944739,Water Supply-5,train,True
SYN-02336,Pani ki supply band hai near Gomti Nagar; repeated problem disrupting daily use.,Water Supply,Medium,Gomti Nagar,26.858237,81.003951,Water Supply-5,train,True
SYN-02337,Pani ki supply band hai near Aliganj; repeated problem disrupting daily use.,Water Supply,Medium,Aliganj,26.898609,80.943784,Water Supply-5,train,True
SYN-02338,Pani ki supply band hai near Alambagh; repeated problem disrupting daily use.,Water Supply,Medium,Alambagh,26.812464,80.902943,Water Supply-5,train,True
SYN-02339,Pani ki supply band hai near Indira Nagar; repeated problem disrupting daily use.,Water Supply,Medium,Indira Nagar,26.881985,80.993287,Water Supply-5,train,True
SYN-02340,Pani ki supply band hai near Chowk; repeated problem disrupting daily use.,Water Supply,Medium,Chowk,26.861107,80.912294,Water Supply-5,train,True
SYN-02341,Pani ki supply band hai near Hazratganj; residents have difficulty using this lane.,Water Supply,Medium,Hazratganj,26.848397,80.944558,Water Supply-5,train,True
SYN-02342,Pani ki supply band hai near Gomti Nagar; residents have difficulty using this lane.,Water Supply,Medium,Gomti Nagar,26.858687,81.003694,Water Supply-5,train,True
SYN-02343,Pani ki supply band hai near Aliganj; residents have difficulty using this lane.,Water Supply,Medium,Aliganj,26.897393,80.944283,Water Supply-5,train,True
SYN-02344,Pani ki supply band hai near Alambagh; residents have difficulty using this lane.,Water Supply,Medium,Alambagh,26.812376,80.900097,Water Supply-5,train,True
SYN-02345,Pani ki supply band hai near Indira Nagar; residents have difficulty using this lane.,Water Supply,Medium,Indira Nagar,26.882219,80.996951,Water Supply-5,train,True
SYN-02346,Pani ki supply band hai near Chowk; residents have difficulty using this lane.,Water Supply,Medium,Chowk,26.860465,80.914961,Water Supply-5,train,True
SYN-02347,Pani ki supply band hai near Hazratganj; do din se pareshani hai.,Water Supply,Medium,Hazratganj,26.846469,80.944783,Water Supply-5,train,True
SYN-02348,Pani ki supply band hai near Gomti Nagar; do din se pareshani hai.,Water Supply,Medium,Gomti Nagar,26.85618,81.005273,Water Supply-5,train,True
SYN-02349,Pani ki supply band hai near Aliganj; do din se pareshani hai.,Water Supply,Medium,Aliganj,26.896799,80.944495,Water Supply-5,train,True
SYN-02350,Pani ki supply band hai near Alambagh; do din se pareshani hai.,Water Supply,Medium,Alambagh,26.813031,80.903411,Water Supply-5,train,True
SYN-02351,Pani ki supply band hai near Indira Nagar; do din se pareshani hai.,Water Supply,Medium,Indira Nagar,26.881449,80.993218,Water Supply-5,train,True
SYN-02352,Pani ki supply band hai near Chowk; do din se pareshani hai.,Water Supply,Medium,Chowk,26.861796,80.914707,Water Supply-5,train,True
SYN-02353,Pani ki supply band hai near Hazratganj; someone is injured and needs urgent help.,Water Supply,High,Hazratganj,26.848175,80.947481,Water Supply-5,train,True
SYN-02354,Pani ki supply band hai near Gomti Nagar; someone is injured and needs urgent help.,Water Supply,High,Gomti Nagar,26.856055,81.004775,Water Supply-5,train,True
SYN-02355,Pani ki supply band hai near Aliganj; someone is injured and needs urgent help.,Water Supply,High,Aliganj,26.896445,80.9448,Water Supply-5,train,True
SYN-02356,Pani ki supply band hai near Alambagh; someone is injured and needs urgent help.,Water Supply,High,Alambagh,26.810091,80.900836,Water Supply-5,train,True
SYN-02357,Pani ki supply band hai near Indira Nagar; someone is injured and needs urgent help.,Water Supply,High,Indira Nagar,26.883152,80.993815,Water Supply-5,train,True
SYN-02358,Pani ki supply band hai near Chowk; someone is injured and needs urgent help.,Water Supply,High,Chowk,26.860093,80.912035,Water Supply-5,train,True
SYN-02359,Pani ki supply band hai near Hazratganj; exposed live wire creates an electrocution risk.,Water Supply,High,Hazratganj,26.846632,80.94712,Water Supply-5,train,True
SYN-02360,Pani ki supply band hai near Gomti Nagar; exposed live wire creates an electrocution risk.,Water Supply,High,Gomti Nagar,26.856565,81.004795,Water Supply-5,train,True
SYN-02361,Pani ki supply band hai near Aliganj; exposed live wire creates an electrocution risk.,Water Supply,High,Aliganj,26.896074,80.945332,Water Supply-5,train,True
SYN-02362,Pani ki supply band hai near Alambagh; exposed live wire creates an electrocution risk.,Water Supply,High,Alambagh,26.812654,80.900174,Water Supply-5,train,True
SYN-02363,Pani ki supply band hai near Indira Nagar; exposed live wire creates an electrocution risk.,Water Supply,High,Indira Nagar,26.881681,80.994136,Water Supply-5,train,True
SYN-02364,Pani ki supply band hai near Chowk; exposed live wire creates an electrocution risk.,Water Supply,High,Chowk,26.861157,80.913472,Water Supply-5,train,True
SYN-02365,Pani ki supply band hai near Hazratganj; contamination is making children sick.,Water Supply,High,Hazratganj,26.844912,80.946819,Water Supply-5,train,True
SYN-02366,Pani ki supply band hai near Gomti Nagar; contamination is making children sick.,Water Supply,High,Gomti Nagar,26.856033,81.003555,Water Supply-5,train,True
SYN-02367,Pani ki supply band hai near Aliganj; contamination is making children sick.,Water Supply,High,Aliganj,26.897085,80.946408,Water Supply-5,train,True
SYN-02368,Pani ki supply band hai near Alambagh; contamination is making children sick.,Water Supply,High,Alambagh,26.81264,80.903457,Water Supply-5,train,True
SYN-02369,Pani ki supply band hai near Indira Nagar; contamination is making children sick.,Water Supply,High,Indira Nagar,26.881076,80.99647,Water Supply-5,train,True
SYN-02370,Pani ki supply band hai near Chowk; contamination is making children sick.,Water Supply,High,Chowk,26.860598,80.911925,Water Supply-5,train,True
SYN-02371,Pani ki supply band hai near Hazratganj; ambulance access is blocked.,Water Supply,High,Hazratganj,26.846223,80.948106,Water Supply-5,train,True
SYN-02372,Pani ki supply band hai near Gomti Nagar; ambulance access is blocked.,Water Supply,High,Gomti Nagar,26.856398,81.003262,Water Supply-5,train,True
SYN-02373,Pani ki supply band hai near Aliganj; ambulance access is blocked.,Water Supply,High,Aliganj,26.899467,80.945126,Water Supply-5,train,True
SYN-02374,Pani ki supply band hai near Alambagh; ambulance access is blocked.,Water Supply,High,Alambagh,26.810746,80.902003,Water Supply-5,train,True
SYN-02375,Pani ki supply band hai near Indira Nagar; ambulance access is blocked.,Water Supply,High,Indira Nagar,26.882832,80.996705,Water Supply-5,train,True
SYN-02376,Pani ki supply band hai near Chowk; ambulance access is blocked.,Water Supply,High,Chowk,26.858086,80.91199,Water Supply-5,train,True
SYN-02377,पानी की सप्लाई बंद है near Hazratganj; minor inconvenience with no immediate danger.,Water Supply,Low,Hazratganj,26.846818,80.945534,Water Supply-6,train,True
SYN-02378,पानी की सप्लाई बंद है near Gomti Nagar; minor inconvenience with no immediate danger.,Water Supply,Low,Gomti Nagar,26.857574,81.002628,Water Supply-6,train,True
SYN-02379,पानी की सप्लाई बंद है near Aliganj; minor inconvenience with no immediate danger.,Water Supply,Low,Aliganj,26.897387,80.944408,Water Supply-6,train,True
SYN-02380,पानी की सप्लाई बंद है near Alambagh; minor inconvenience with no immediate danger.,Water Supply,Low,Alambagh,26.812501,80.900945,Water Supply-6,train,True
SYN-02381,पानी की सप्लाई बंद है near Indira Nagar; minor inconvenience with no immediate danger.,Water Supply,Low,Indira Nagar,26.884913,80.995005,Water Supply-6,train,True
SYN-02382,पानी की सप्लाई बंद है near Chowk; minor inconvenience with no immediate danger.,Water Supply,Low,Chowk,26.861248,80.913503,Water Supply-6,train,True
SYN-02383,पानी की सप्लाई बंद है near Hazratganj; routine maintenance requested.,Water Supply,Low,Hazratganj,26.848215,80.947762,Water Supply-6,train,True
SYN-02384,पानी की सप्लाई बंद है near Gomti Nagar; routine maintenance requested.,Water Supply,Low,Gomti Nagar,26.859259,81.002118,Water Supply-6,train,True
SYN-02385,पानी की सप्लाई बंद है near Aliganj; routine maintenance requested.,Water Supply,Low,Aliganj,26.89822,80.944121,Water Supply-6,train,True
SYN-02386,पानी की सप्लाई बंद है near Alambagh; routine maintenance requested.,Water Supply,Low,Alambagh,26.810607,80.903589,Water Supply-6,train,True
SYN-02387,पानी की सप्लाई बंद है near Indira Nagar; routine maintenance requested.,Water Supply,Low,Indira Nagar,26.883628,80.993351,Water Supply-6,train,True
SYN-02388,पानी की सप्लाई बंद है near Chowk; routine maintenance requested.,Water Supply,Low,Chowk,26.859529,80.914842,Water Supply-6,train,True
SYN-02389,पानी की सप्लाई बंद है near Hazratganj; small issue and access remains open.,Water Supply,Low,Hazratganj,26.84715,80.946702,Water Supply-6,train,True
SYN-02390,पानी की सप्लाई बंद है near Gomti Nagar; small issue and access remains open.,Water Supply,Low,Gomti Nagar,26.85691,81.002961,Water Supply-6,train,True
SYN-02391,पानी की सप्लाई बंद है near Aliganj; small issue and access remains open.,Water Supply,Low,Aliganj,26.896611,80.946882,Water Supply-6,train,True
SYN-02392,पानी की सप्लाई बंद है near Alambagh; small issue and access remains open.,Water Supply,Low,Alambagh,26.813639,80.901317,Water Supply-6,train,True
SYN-02393,पानी की सप्लाई बंद है near Indira Nagar; small issue and access remains open.,Water Supply,Low,Indira Nagar,26.883169,80.993827,Water Supply-6,train,True
SYN-02394,पानी की सप्लाई बंद है near Chowk; small issue and access remains open.,Water Supply,Low,Chowk,26.858554,80.913165,Water Supply-6,train,True
SYN-02395,पानी की सप्लाई बंद है near Hazratganj; halki dikkat hai.,Water Supply,Low,Hazratganj,26.8479,80.94765,Water Supply-6,train,True
SYN-02396,पानी की सप्लाई बंद है near Gomti Nagar; halki dikkat hai.,Water Supply,Low,Gomti Nagar,26.857236,81.004821,Water Supply-6,train,True
SYN-02397,पानी की सप्लाई बंद है near Aliganj; halki dikkat hai.,Water Supply,Low,Aliganj,26.898095,80.943541,Water Supply-6,train,True
SYN-02398,पानी की सप्लाई बंद है near Alambagh; halki dikkat hai.,Water Supply,Low,Alambagh,26.813983,80.903903,Water Supply-6,train,True
SYN-02399,पानी की सप्लाई बंद है near Indira Nagar; halki dikkat hai.,Water Supply,Low,Indira Nagar,26.881581,80.996732,Water Supply-6,train,True
SYN-02400,पानी की सप्लाई बंद है near Chowk; halki dikkat hai.,Water Supply,Low,Chowk,26.861668,80.91227,Water Supply-6,train,True
SYN-02401,पानी की सप्लाई बंद है near Hazratganj; affecting several households for two days.,Water Supply,Medium,Hazratganj,26.846929,80.947994,Water Supply-6,train,True
SYN-02402,पानी की सप्लाई बंद है near Gomti Nagar; affecting several households for two days.,Water Supply,Medium,Gomti Nagar,26.856474,81.00327,Water Supply-6,train,True
SYN-02403,पानी की सप्लाई बंद है near Aliganj; affecting several households for two days.,Water Supply,Medium,Aliganj,26.899519,80.945908,Water Supply-6,train,True
SYN-02404,पानी की सप्लाई बंद है near Alambagh; affecting several households for two days.,Water Supply,Medium,Alambagh,26.813062,80.903521,Water Supply-6,train,True
SYN-02405,पानी की सप्लाई बंद है near Indira Nagar; affecting several households for two days.,Water Supply,Medium,Indira Nagar,26.882656,80.994645,Water Supply-6,train,True
SYN-02406,पानी की सप्लाई बंद है near Chowk; affecting several households for two days.,Water Supply,Medium,Chowk,26.859772,80.914735,Water Supply-6,train,True
SYN-02407,पानी की सप्लाई बंद है near Hazratganj; repeated problem disrupting daily use.,Water Supply,Medium,Hazratganj,26.848277,80.947933,Water Supply-6,train,True
SYN-02408,पानी की सप्लाई बंद है near Gomti Nagar; repeated problem disrupting daily use.,Water Supply,Medium,Gomti Nagar,26.857095,81.005116,Water Supply-6,train,True
SYN-02409,पानी की सप्लाई बंद है near Aliganj; repeated problem disrupting daily use.,Water Supply,Medium,Aliganj,26.896427,80.943739,Water Supply-6,train,True
SYN-02410,पानी की सप्लाई बंद है near Alambagh; repeated problem disrupting daily use.,Water Supply,Medium,Alambagh,26.81305,80.902448,Water Supply-6,train,True
SYN-02411,पानी की सप्लाई बंद है near Indira Nagar; repeated problem disrupting daily use.,Water Supply,Medium,Indira Nagar,26.882067,80.995268,Water Supply-6,train,True
SYN-02412,पानी की सप्लाई बंद है near Chowk; repeated problem disrupting daily use.,Water Supply,Medium,Chowk,26.858924,80.911929,Water Supply-6,train,True
SYN-02413,पानी की सप्लाई बंद है near Hazratganj; residents have difficulty using this lane.,Water Supply,Medium,Hazratganj,26.84745,80.945637,Water Supply-6,train,True
SYN-02414,पानी की सप्लाई बंद है near Gomti Nagar; residents have difficulty using this lane.,Water Supply,Medium,Gomti Nagar,26.858753,81.003906,Water Supply-6,train,True
SYN-02415,पानी की सप्लाई बंद है near Aliganj; residents have difficulty using this lane.,Water Supply,Medium,Aliganj,26.898009,80.945419,Water Supply-6,train,True
SYN-02416,पानी की सप्लाई बंद है near Alambagh; residents have difficulty using this lane.,Water Supply,Medium,Alambagh,26.812848,80.901496,Water Supply-6,train,True
SYN-02417,पानी की सप्लाई बंद है near Indira Nagar; residents have difficulty using this lane.,Water Supply,Medium,Indira Nagar,26.884409,80.994966,Water Supply-6,train,True
SYN-02418,पानी की सप्लाई बंद है near Chowk; residents have difficulty using this lane.,Water Supply,Medium,Chowk,26.85855,80.911773,Water Supply-6,train,True
SYN-02419,पानी की सप्लाई बंद है near Hazratganj; do din se pareshani hai.,Water Supply,Medium,Hazratganj,26.844829,80.947258,Water Supply-6,train,True
SYN-02420,पानी की सप्लाई बंद है near Gomti Nagar; do din se pareshani hai.,Water Supply,Medium,Gomti Nagar,26.85606,81.003079,Water Supply-6,train,True
SYN-02421,पानी की सप्लाई बंद है near Aliganj; do din se pareshani hai.,Water Supply,Medium,Aliganj,26.897652,80.945969,Water Supply-6,train,True
SYN-02422,पानी की सप्लाई बंद है near Alambagh; do din se pareshani hai.,Water Supply,Medium,Alambagh,26.813953,80.903031,Water Supply-6,train,True
SYN-02423,पानी की सप्लाई बंद है near Indira Nagar; do din se pareshani hai.,Water Supply,Medium,Indira Nagar,26.881265,80.996708,Water Supply-6,train,True
SYN-02424,पानी की सप्लाई बंद है near Chowk; do din se pareshani hai.,Water Supply,Medium,Chowk,26.861943,80.914469,Water Supply-6,train,True
SYN-02425,पानी की सप्लाई बंद है near Hazratganj; someone is injured and needs urgent help.,Water Supply,High,Hazratganj,26.84666,80.9455,Water Supply-6,train,True
SYN-02426,पानी की सप्लाई बंद है near Gomti Nagar; someone is injured and needs urgent help.,Water Supply,High,Gomti Nagar,26.85783,81.002987,Water Supply-6,train,True
SYN-02427,पानी की सप्लाई बंद है near Aliganj; someone is injured and needs urgent help.,Water Supply,High,Aliganj,26.897619,80.943167,Water Supply-6,train,True
SYN-02428,पानी की सप्लाई बंद है near Alambagh; someone is injured and needs urgent help.,Water Supply,High,Alambagh,26.812941,80.901521,Water Supply-6,train,True
SYN-02429,पानी की सप्लाई बंद है near Indira Nagar; someone is injured and needs urgent help.,Water Supply,High,Indira Nagar,26.882252,80.995446,Water Supply-6,train,True
SYN-02430,पानी की सप्लाई बंद है near Chowk; someone is injured and needs urgent help.,Water Supply,High,Chowk,26.86097,80.913375,Water Supply-6,train,True
SYN-02431,पानी की सप्लाई बंद है near Hazratganj; exposed live wire creates an electrocution risk.,Water Supply,High,Hazratganj,26.846801,80.947703,Water Supply-6,train,True
SYN-02432,पानी की सप्लाई बंद है near Gomti Nagar; exposed live wire creates an electrocution risk.,Water Supply,High,Gomti Nagar,26.859148,81.004083,Water Supply-6,train,True
SYN-02433,पानी की सप्लाई बंद है near Aliganj; exposed live wire creates an electrocution risk.,Water Supply,High,Aliganj,26.897806,80.946308,Water Supply-6,train,True
SYN-02434,पानी की सप्लाई बंद है near Alambagh; exposed live wire creates an electrocution risk.,Water Supply,High,Alambagh,26.81017,80.903983,Water Supply-6,train,True
SYN-02435,पानी की सप्लाई बंद है near Indira Nagar; exposed live wire creates an electrocution risk.,Water Supply,High,Indira Nagar,26.883075,80.994582,Water Supply-6,train,True
SYN-02436,पानी की सप्लाई बंद है near Chowk; exposed live wire creates an electrocution risk.,Water Supply,High,Chowk,26.860941,80.913231,Water Supply-6,train,True
SYN-02437,पानी की सप्लाई बंद है near Hazratganj; contamination is making children sick.,Water Supply,High,Hazratganj,26.846765,80.946723,Water Supply-6,train,True
SYN-02438,पानी की सप्लाई बंद है near Gomti Nagar; contamination is making children sick.,Water Supply,High,Gomti Nagar,26.856197,81.003165,Water Supply-6,train,True
SYN-02439,पानी की सप्लाई बंद है near Aliganj; contamination is making children sick.,Water Supply,High,Aliganj,26.897592,80.944218,Water Supply-6,train,True
SYN-02440,पानी की सप्लाई बंद है near Alambagh; contamination is making children sick.,Water Supply,High,Alambagh,26.81331,80.901845,Water Supply-6,train,True
SYN-02441,पानी की सप्लाई बंद है near Indira Nagar; contamination is making children sick.,Water Supply,High,Indira Nagar,26.88269,80.995453,Water Supply-6,train,True
SYN-02442,पानी की सप्लाई बंद है near Chowk; contamination is making children sick.,Water Supply,High,Chowk,26.858218,80.913068,Water Supply-6,train,True
SYN-02443,पानी की सप्लाई बंद है near Hazratganj; ambulance access is blocked.,Water Supply,High,Hazratganj,26.845269,80.94752,Water Supply-6,train,True
SYN-02444,पानी की सप्लाई बंद है near Gomti Nagar; ambulance access is blocked.,Water Supply,High,Gomti Nagar,26.857807,81.004891,Water Supply-6,train,True
SYN-02445,पानी की सप्लाई बंद है near Aliganj; ambulance access is blocked.,Water Supply,High,Aliganj,26.896453,80.946115,Water Supply-6,train,True
SYN-02446,पानी की सप्लाई बंद है near Alambagh; ambulance access is blocked.,Water Supply,High,Alambagh,26.813751,80.902784,Water Supply-6,train,True
SYN-02447,पानी की सप्लाई बंद है near Indira Nagar; ambulance access is blocked.,Water Supply,High,Indira Nagar,26.881541,80.994654,Water Supply-6,train,True
SYN-02448,पानी की सप्लाई बंद है near Chowk; ambulance access is blocked.,Water Supply,High,Chowk,26.859804,80.911716,Water Supply-6,train,True
SYN-02449,No water reaches our taps near Hazratganj; minor inconvenience with no immediate danger.,Water Supply,Low,Hazratganj,26.847061,80.947051,Water Supply-7,train,True
SYN-02450,No water reaches our taps near Gomti Nagar; minor inconvenience with no immediate danger.,Water Supply,Low,Gomti Nagar,26.856808,81.003819,Water Supply-7,train,True
SYN-02451,No water reaches our taps near Aliganj; minor inconvenience with no immediate danger.,Water Supply,Low,Aliganj,26.897,80.945767,Water Supply-7,train,True
SYN-02452,No water reaches our taps near Alambagh; minor inconvenience with no immediate danger.,Water Supply,Low,Alambagh,26.813629,80.903186,Water Supply-7,train,True
SYN-02453,No water reaches our taps near Indira Nagar; minor inconvenience with no immediate danger.,Water Supply,Low,Indira Nagar,26.883873,80.993494,Water Supply-7,train,True
SYN-02454,No water reaches our taps near Chowk; minor inconvenience with no immediate danger.,Water Supply,Low,Chowk,26.858457,80.912798,Water Supply-7,train,True
SYN-02455,No water reaches our taps near Hazratganj; routine maintenance requested.,Water Supply,Low,Hazratganj,26.846152,80.946295,Water Supply-7,train,True
SYN-02456,No water reaches our taps near Gomti Nagar; routine maintenance requested.,Water Supply,Low,Gomti Nagar,26.857536,81.005164,Water Supply-7,train,True
SYN-02457,No water reaches our taps near Aliganj; routine maintenance requested.,Water Supply,Low,Aliganj,26.898047,80.946799,Water Supply-7,train,True
SYN-02458,No water reaches our taps near Alambagh; routine maintenance requested.,Water Supply,Low,Alambagh,26.811515,80.901522,Water Supply-7,train,True
SYN-02459,No water reaches our taps near Indira Nagar; routine maintenance requested.,Water Supply,Low,Indira Nagar,26.884073,80.996649,Water Supply-7,train,True
SYN-02460,No water reaches our taps near Chowk; routine maintenance requested.,Water Supply,Low,Chowk,26.860262,80.913638,Water Supply-7,train,True
SYN-02461,No water reaches our taps near Hazratganj; small issue and access remains open.,Water Supply,Low,Hazratganj,26.8453,80.947675,Water Supply-7,train,True
SYN-02462,No water reaches our taps near Gomti Nagar; small issue and access remains open.,Water Supply,Low,Gomti Nagar,26.856715,81.004848,Water Supply-7,train,True
SYN-02463,No water reaches our taps near Aliganj; small issue and access remains open.,Water Supply,Low,Aliganj,26.897678,80.944238,Water Supply-7,train,True
SYN-02464,No water reaches our taps near Alambagh; small issue and access remains open.,Water Supply,Low,Alambagh,26.813075,80.901785,Water Supply-7,train,True
SYN-02465,No water reaches our taps near Indira Nagar; small issue and access remains open.,Water Supply,Low,Indira Nagar,26.883506,80.99347,Water Supply-7,train,True
SYN-02466,No water reaches our taps near Chowk; small issue and access remains open.,Water Supply,Low,Chowk,26.858526,80.911811,Water Supply-7,train,True
SYN-02467,No water reaches our taps near Hazratganj; halki dikkat hai.,Water Supply,Low,Hazratganj,26.84719,80.945212,Water Supply-7,train,True
SYN-02468,No water reaches our taps near Gomti Nagar; halki dikkat hai.,Water Supply,Low,Gomti Nagar,26.857835,81.005422,Water Supply-7,train,True
SYN-02469,No water reaches our taps near Aliganj; halki dikkat hai.,Water Supply,Low,Aliganj,26.898174,80.943023,Water Supply-7,train,True
SYN-02470,No water reaches our taps near Alambagh; halki dikkat hai.,Water Supply,Low,Alambagh,26.813531,80.900952,Water Supply-7,train,True
SYN-02471,No water reaches our taps near Indira Nagar; halki dikkat hai.,Water Supply,Low,Indira Nagar,26.883355,80.994903,Water Supply-7,train,True
SYN-02472,No water reaches our taps near Chowk; halki dikkat hai.,Water Supply,Low,Chowk,26.859641,80.911318,Water Supply-7,train,True
SYN-02473,No water reaches our taps near Hazratganj; affecting several households for two days.,Water Supply,Medium,Hazratganj,26.8471,80.945179,Water Supply-7,train,True
SYN-02474,No water reaches our taps near Gomti Nagar; affecting several households for two days.,Water Supply,Medium,Gomti Nagar,26.858189,81.004479,Water Supply-7,train,True
SYN-02475,No water reaches our taps near Aliganj; affecting several households for two days.,Water Supply,Medium,Aliganj,26.89823,80.946301,Water Supply-7,train,True
SYN-02476,No water reaches our taps near Alambagh; affecting several households for two days.,Water Supply,Medium,Alambagh,26.810196,80.900593,Water Supply-7,train,True
SYN-02477,No water reaches our taps near Indira Nagar; affecting several households for two days.,Water Supply,Medium,Indira Nagar,26.883613,80.993147,Water Supply-7,train,True
SYN-02478,No water reaches our taps near Chowk; affecting several households for two days.,Water Supply,Medium,Chowk,26.861415,80.913668,Water Supply-7,train,True
SYN-02479,No water reaches our taps near Hazratganj; repeated problem disrupting daily use.,Water Supply,Medium,Hazratganj,26.848052,80.945394,Water Supply-7,train,True
SYN-02480,No water reaches our taps near Gomti Nagar; repeated problem disrupting daily use.,Water Supply,Medium,Gomti Nagar,26.859682,81.002196,Water Supply-7,train,True
SYN-02481,No water reaches our taps near Aliganj; repeated problem disrupting daily use.,Water Supply,Medium,Aliganj,26.897668,80.943713,Water Supply-7,train,True
SYN-02482,No water reaches our taps near Alambagh; repeated problem disrupting daily use.,Water Supply,Medium,Alambagh,26.812688,80.902444,Water Supply-7,train,True
SYN-02483,No water reaches our taps near Indira Nagar; repeated problem disrupting daily use.,Water Supply,Medium,Indira Nagar,26.883766,80.99538,Water Supply-7,train,True
SYN-02484,No water reaches our taps near Chowk; repeated problem disrupting daily use.,Water Supply,Medium,Chowk,26.861149,80.91171,Water Supply-7,train,True
SYN-02485,No water reaches our taps near Hazratganj; residents have difficulty using this lane.,Water Supply,Medium,Hazratganj,26.846521,80.946516,Water Supply-7,train,True
SYN-02486,No water reaches our taps near Gomti Nagar; residents have difficulty using this lane.,Water Supply,Medium,Gomti Nagar,26.859726,81.002373,Water Supply-7,train,True
SYN-02487,No water reaches our taps near Aliganj; residents have difficulty using this lane.,Water Supply,Medium,Aliganj,26.897197,80.944474,Water Supply-7,train,True
SYN-02488,No water reaches our taps near Alambagh; residents have difficulty using this lane.,Water Supply,Medium,Alambagh,26.811516,80.900271,Water Supply-7,train,True
SYN-02489,No water reaches our taps near Indira Nagar; residents have difficulty using this lane.,Water Supply,Medium,Indira Nagar,26.882709,80.995202,Water Supply-7,train,True
SYN-02490,No water reaches our taps near Chowk; residents have difficulty using this lane.,Water Supply,Medium,Chowk,26.859171,80.911538,Water Supply-7,train,True
SYN-02491,No water reaches our taps near Hazratganj; do din se pareshani hai.,Water Supply,Medium,Hazratganj,26.847478,80.945298,Water Supply-7,train,True
SYN-02492,No water reaches our taps near Gomti Nagar; do din se pareshani hai.,Water Supply,Medium,Gomti Nagar,26.858108,81.004099,Water Supply-7,train,True
SYN-02493,No water reaches our taps near Aliganj; do din se pareshani hai.,Water Supply,Medium,Aliganj,26.898783,80.945448,Water Supply-7,train,True
SYN-02494,No water reaches our taps near Alambagh; do din se pareshani hai.,Water Supply,Medium,Alambagh,26.810437,80.902919,Water Supply-7,train,True
SYN-02495,No water reaches our taps near Indira Nagar; do din se pareshani hai.,Water Supply,Medium,Indira Nagar,26.883516,80.996949,Water Supply-7,train,True
SYN-02496,No water reaches our taps near Chowk; do din se pareshani hai.,Water Supply,Medium,Chowk,26.859935,80.913755,Water Supply-7,train,True
SYN-02497,No water reaches our taps near Hazratganj; someone is injured and needs urgent help.,Water Supply,High,Hazratganj,26.848436,80.948145,Water Supply-7,train,True
SYN-02498,No water reaches our taps near Gomti Nagar; someone is injured and needs urgent help.,Water Supply,High,Gomti Nagar,26.857149,81.004435,Water Supply-7,train,True
SYN-02499,No water reaches our taps near Aliganj; someone is injured and needs urgent help.,Water Supply,High,Aliganj,26.897266,80.945102,Water Supply-7,train,True
SYN-02500,No water reaches our taps near Alambagh; someone is injured and needs urgent help.,Water Supply,High,Alambagh,26.81398,80.901415,Water Supply-7,train,True
SYN-02501,No water reaches our taps near Indira Nagar; someone is injured and needs urgent help.,Water Supply,High,Indira Nagar,26.881519,80.995251,Water Supply-7,train,True
SYN-02502,No water reaches our taps near Chowk; someone is injured and needs urgent help.,Water Supply,High,Chowk,26.860079,80.913527,Water Supply-7,train,True
SYN-02503,No water reaches our taps near Hazratganj; exposed live wire creates an electrocution risk.,Water Supply,High,Hazratganj,26.84667,80.94492,Water Supply-7,train,True
SYN-02504,No water reaches our taps near Gomti Nagar; exposed live wire creates an electrocution risk.,Water Supply,High,Gomti Nagar,26.858438,81.004834,Water Supply-7,train,True
SYN-02505,No water reaches our taps near Aliganj; exposed live wire creates an electrocution risk.,Water Supply,High,Aliganj,26.899917,80.943006,Water Supply-7,train,True
SYN-02506,No water reaches our taps near Alambagh; exposed live wire creates an electrocution risk.,Water Supply,High,Alambagh,26.810096,80.902502,Water Supply-7,train,True
SYN-02507,No water reaches our taps near Indira Nagar; exposed live wire creates an electrocution risk.,Water Supply,High,Indira Nagar,26.881472,80.996392,Water Supply-7,train,True
SYN-02508,No water reaches our taps near Chowk; exposed live wire creates an electrocution risk.,Water Supply,High,Chowk,26.861198,80.914996,Water Supply-7,train,True
SYN-02509,No water reaches our taps near Hazratganj; contamination is making children sick.,Water Supply,High,Hazratganj,26.846356,80.945535,Water Supply-7,train,True
SYN-02510,No water reaches our taps near Gomti Nagar; contamination is making children sick.,Water Supply,High,Gomti Nagar,26.858242,81.00455,Water Supply-7,train,True
SYN-02511,No water reaches our taps near Aliganj; contamination is making children sick.,Water Supply,High,Aliganj,26.896045,80.943805,Water Supply-7,train,True
SYN-02512,No water reaches our taps near Alambagh; contamination is making children sick.,Water Supply,High,Alambagh,26.811127,80.903161,Water Supply-7,train,True
SYN-02513,No water reaches our taps near Indira Nagar; contamination is making children sick.,Water Supply,High,Indira Nagar,26.882231,80.995027,Water Supply-7,train,True
SYN-02514,No water reaches our taps near Chowk; contamination is making children sick.,Water Supply,High,Chowk,26.859296,80.911025,Water Supply-7,train,True
SYN-02515,No water reaches our taps near Hazratganj; ambulance access is blocked.,Water Supply,High,Hazratganj,26.847443,80.945565,Water Supply-7,train,True
SYN-02516,No water reaches our taps near Gomti Nagar; ambulance access is blocked.,Water Supply,High,Gomti Nagar,26.858898,81.004464,Water Supply-7,train,True
SYN-02517,No water reaches our taps near Aliganj; ambulance access is blocked.,Water Supply,High,Aliganj,26.896116,80.943703,Water Supply-7,train,True
SYN-02518,No water reaches our taps near Alambagh; ambulance access is blocked.,Water Supply,High,Alambagh,26.811322,80.901352,Water Supply-7,train,True
SYN-02519,No water reaches our taps near Indira Nagar; ambulance access is blocked.,Water Supply,High,Indira Nagar,26.88369,80.996665,Water Supply-7,train,True
SYN-02520,No water reaches our taps near Chowk; ambulance access is blocked.,Water Supply,High,Chowk,26.861189,80.913583,Water Supply-7,train,True
SYN-02521,Water main leaks continuously near Hazratganj; सामान्य रखरखाव चाहिए.,Water Supply,Low,Hazratganj,26.846626,80.946709,Water Supply-8,validation,True
SYN-02522,Water main leaks continuously near Gomti Nagar; सामान्य रखरखाव चाहिए.,Water Supply,Low,Gomti Nagar,26.859568,81.004148,Water Supply-8,validation,True
SYN-02523,Water main leaks continuously near Aliganj; सामान्य रखरखाव चाहिए.,Water Supply,Low,Aliganj,26.89734,80.946136,Water Supply-8,validation,True
SYN-02524,Water main leaks continuously near Alambagh; सामान्य रखरखाव चाहिए.,Water Supply,Low,Alambagh,26.811656,80.90297,Water Supply-8,validation,True
SYN-02525,Water main leaks continuously near Indira Nagar; सामान्य रखरखाव चाहिए.,Water Supply,Low,Indira Nagar,26.88434,80.994197,Water Supply-8,validation,True
SYN-02526,Water main leaks continuously near Chowk; सामान्य रखरखाव चाहिए.,Water Supply,Low,Chowk,26.8609,80.912262,Water Supply-8,validation,True
SYN-02527,Water main leaks continuously near Hazratganj; दो दिन से परेशानी है.,Water Supply,Medium,Hazratganj,26.846844,80.945033,Water Supply-8,validation,True
SYN-02528,Water main leaks continuously near Gomti Nagar; दो दिन से परेशानी है.,Water Supply,Medium,Gomti Nagar,26.858742,81.005198,Water Supply-8,validation,True
SYN-02529,Water main leaks continuously near Aliganj; दो दिन से परेशानी है.,Water Supply,Medium,Aliganj,26.899552,80.944414,Water Supply-8,validation,True
SYN-02530,Water main leaks continuously near Alambagh; दो दिन से परेशानी है.,Water Supply,Medium,Alambagh,26.813878,80.901122,Water Supply-8,validation,True
SYN-02531,Water main leaks continuously near Indira Nagar; दो दिन से परेशानी है.,Water Supply,Medium,Indira Nagar,26.881125,80.996934,Water Supply-8,validation,True
SYN-02532,Water main leaks continuously near Chowk; दो दिन से परेशानी है.,Water Supply,Medium,Chowk,26.860506,80.91437,Water Supply-8,validation,True
SYN-02533,Water main leaks continuously near Hazratganj; तुरंत खतरा है लोग घायल हैं.,Water Supply,High,Hazratganj,26.846984,80.945758,Water Supply-8,validation,True
SYN-02534,Water main leaks continuously near Gomti Nagar; तुरंत खतरा है लोग घायल हैं.,Water Supply,High,Gomti Nagar,26.858381,81.005458,Water Supply-8,validation,True
SYN-02535,Water main leaks continuously near Aliganj; तुरंत खतरा है लोग घायल हैं.,Water Supply,High,Aliganj,26.899006,80.945821,Water Supply-8,validation,True
SYN-02536,Water main leaks continuously near Alambagh; तुरंत खतरा है लोग घायल हैं.,Water Supply,High,Alambagh,26.811258,80.900127,Water Supply-8,validation,True
SYN-02537,Water main leaks continuously near Indira Nagar; तुरंत खतरा है लोग घायल हैं.,Water Supply,High,Indira Nagar,26.882655,80.994988,Water Supply-8,validation,True
SYN-02538,Water main leaks continuously near Chowk; तुरंत खतरा है लोग घायल हैं.,Water Supply,High,Chowk,26.858951,80.912808,Water Supply-8,validation,True
SYN-02539,Tap water has a foul smell near Hazratganj; सामान्य रखरखाव चाहिए.,Water Supply,Low,Hazratganj,26.848503,80.945065,Water Supply-9,validation,True
SYN-02540,Tap water has a foul smell near Gomti Nagar; सामान्य रखरखाव चाहिए.,Water Supply,Low,Gomti Nagar,26.857209,81.002449,Water Supply-9,validation,True
SYN-02541,Tap water has a foul smell near Aliganj; सामान्य रखरखाव चाहिए.,Water Supply,Low,Aliganj,26.89914,80.946111,Water Supply-9,validation,True
SYN-02542,Tap water has a foul smell near Alambagh; सामान्य रखरखाव चाहिए.,Water Supply,Low,Alambagh,26.813653,80.901775,Water Supply-9,validation,True
SYN-02543,Tap water has a foul smell near Indira Nagar; सामान्य रखरखाव चाहिए.,Water Supply,Low,Indira Nagar,26.8811,80.994931,Water Supply-9,validation,True
SYN-02544,Tap water has a foul smell near Chowk; सामान्य रखरखाव चाहिए.,Water Supply,Low,Chowk,26.86,80.911761,Water Supply-9,validation,True
SYN-02545,Tap water has a foul smell near Hazratganj; दो दिन से परेशानी है.,Water Supply,Medium,Hazratganj,26.848395,80.94713,Water Supply-9,validation,True
SYN-02546,Tap water has a foul smell near Gomti Nagar; दो दिन से परेशानी है.,Water Supply,Medium,Gomti Nagar,26.858095,81.005102,Water Supply-9,validation,True
SYN-02547,Tap water has a foul smell near Aliganj; दो दिन से परेशानी है.,Water Supply,Medium,Aliganj,26.896573,80.946487,Water Supply-9,validation,True
SYN-02548,Tap water has a foul smell near Alambagh; दो दिन से परेशानी है.,Water Supply,Medium,Alambagh,26.813289,80.903752,Water Supply-9,validation,True
SYN-02549,Tap water has a foul smell near Indira Nagar; दो दिन से परेशानी है.,Water Supply,Medium,Indira Nagar,26.883707,80.993531,Water Supply-9,validation,True
SYN-02550,Tap water has a foul smell near Chowk; दो दिन से परेशानी है.,Water Supply,Medium,Chowk,26.860898,80.912837,Water Supply-9,validation,True
SYN-02551,Tap water has a foul smell near Hazratganj; तुरंत खतरा है लोग घायल हैं.,Water Supply,High,Hazratganj,26.847555,80.946289,Water Supply-9,validation,True
SYN-02552,Tap water has a foul smell near Gomti Nagar; तुरंत खतरा है लोग घायल हैं.,Water Supply,High,Gomti Nagar,26.856016,81.005729,Water Supply-9,validation,True
SYN-02553,Tap water has a foul smell near Aliganj; तुरंत खतरा है लोग घायल हैं.,Water Supply,High,Aliganj,26.898748,80.945377,Water Supply-9,validation,True
SYN-02554,Tap water has a foul smell near Alambagh; तुरंत खतरा है लोग घायल हैं.,Water Supply,High,Alambagh,26.810348,80.901868,Water Supply-9,validation,True
SYN-02555,Tap water has a foul smell near Indira Nagar; तुरंत खतरा है लोग घायल हैं.,Water Supply,High,Indira Nagar,26.881185,80.995082,Water Supply-9,validation,True
SYN-02556,Tap water has a foul smell near Chowk; तुरंत खतरा है लोग घायल हैं.,Water Supply,High,Chowk,26.860636,80.91225,Water Supply-9,validation,True
SYN-02557,Nal mein ganda pani aa raha hai near Hazratganj; please schedule a routine inspection.,Water Supply,Low,Hazratganj,26.84701,80.945449,Water Supply-10,test,True
SYN-02558,Nal mein ganda pani aa raha hai near Gomti Nagar; please schedule a routine inspection.,Water Supply,Low,Gomti Nagar,26.859569,81.003284,Water Supply-10,test,True
SYN-02559,Nal mein ganda pani aa raha hai near Aliganj; please schedule a routine inspection.,Water Supply,Low,Aliganj,26.89677,80.944107,Water Supply-10,test,True
SYN-02560,Nal mein ganda pani aa raha hai near Alambagh; please schedule a routine inspection.,Water Supply,Low,Alambagh,26.811277,80.901764,Water Supply-10,test,True
SYN-02561,Nal mein ganda pani aa raha hai near Indira Nagar; please schedule a routine inspection.,Water Supply,Low,Indira Nagar,26.881471,80.993597,Water Supply-10,test,True
SYN-02562,Nal mein ganda pani aa raha hai near Chowk; please schedule a routine inspection.,Water Supply,Low,Chowk,26.859095,80.911061,Water Supply-10,test,True
SYN-02563,Nal mein ganda pani aa raha hai near Hazratganj; daily activities are being disrupted.,Water Supply,Medium,Hazratganj,26.847192,80.946256,Water Supply-10,test,True
SYN-02564,Nal mein ganda pani aa raha hai near Gomti Nagar; daily activities are being disrupted.,Water Supply,Medium,Gomti Nagar,26.856826,81.003401,Water Supply-10,test,True
SYN-02565,Nal mein ganda pani aa raha hai near Aliganj; daily activities are being disrupted.,Water Supply,Medium,Aliganj,26.897274,80.943566,Water Supply-10,test,True
SYN-02566,Nal mein ganda pani aa raha hai near Alambagh; daily activities are being disrupted.,Water Supply,Medium,Alambagh,26.812817,80.901133,Water Supply-10,test,True
SYN-02567,Nal mein ganda pani aa raha hai near Indira Nagar; daily activities are being disrupted.,Water Supply,Medium,Indira Nagar,26.881979,80.993285,Water Supply-10,test,True
SYN-02568,Nal mein ganda pani aa raha hai near Chowk; daily activities are being disrupted.,Water Supply,Medium,Chowk,26.860453,80.912355,Water Supply-10,test,True
SYN-02569,Nal mein ganda pani aa raha hai near Hazratganj; immediate danger to residents.,Water Supply,High,Hazratganj,26.846475,80.94472,Water Supply-10,test,True
SYN-02570,Nal mein ganda pani aa raha hai near Gomti Nagar; immediate danger to residents.,Water Supply,High,Gomti Nagar,26.857883,81.004702,Water Supply-10,test,True
SYN-02571,Nal mein ganda pani aa raha hai near Aliganj; immediate danger to residents.,Water Supply,High,Aliganj,26.896424,80.943215,Water Supply-10,test,True
SYN-02572,Nal mein ganda pani aa raha hai near Alambagh; immediate danger to residents.,Water Supply,High,Alambagh,26.811706,80.900716,Water Supply-10,test,True
SYN-02573,Nal mein ganda pani aa raha hai near Indira Nagar; immediate danger to residents.,Water Supply,High,Indira Nagar,26.883384,80.995371,Water Supply-10,test,True
SYN-02574,Nal mein ganda pani aa raha hai near Chowk; immediate danger to residents.,Water Supply,High,Chowk,26.861345,80.913797,Water Supply-10,test,True
SYN-02575,नल में गंदा पानी आ रहा है near Hazratganj; please schedule a routine inspection.,Water Supply,Low,Hazratganj,26.847165,80.94545,Water Supply-11,test,True
SYN-02576,नल में गंदा पानी आ रहा है near Gomti Nagar; please schedule a routine inspection.,Water Supply,Low,Gomti Nagar,26.85927,81.004852,Water Supply-11,test,True
SYN-02577,नल में गंदा पानी आ रहा है near Aliganj; please schedule a routine inspection.,Water Supply,Low,Aliganj,26.898683,80.945134,Water Supply-11,test,True
SYN-02578,नल में गंदा पानी आ रहा है near Alambagh; please schedule a routine inspection.,Water Supply,Low,Alambagh,26.813895,80.903023,Water Supply-11,test,True
SYN-02579,नल में गंदा पानी आ रहा है near Indira Nagar; please schedule a routine inspection.,Water Supply,Low,Indira Nagar,26.882863,80.993527,Water Supply-11,test,True
SYN-02580,नल में गंदा पानी आ रहा है near Chowk; please schedule a routine inspection.,Water Supply,Low,Chowk,26.861251,80.914679,Water Supply-11,test,True
SYN-02581,नल में गंदा पानी आ रहा है near Hazratganj; daily activities are being disrupted.,Water Supply,Medium,Hazratganj,26.846573,80.946022,Water Supply-11,test,True
SYN-02582,नल में गंदा पानी आ रहा है near Gomti Nagar; daily activities are being disrupted.,Water Supply,Medium,Gomti Nagar,26.858738,81.004841,Water Supply-11,test,True
SYN-02583,नल में गंदा पानी आ रहा है near Aliganj; daily activities are being disrupted.,Water Supply,Medium,Aliganj,26.897862,80.943927,Water Supply-11,test,True
SYN-02584,नल में गंदा पानी आ रहा है near Alambagh; daily activities are being disrupted.,Water Supply,Medium,Alambagh,26.810895,80.903444,Water Supply-11,test,True
SYN-02585,नल में गंदा पानी आ रहा है near Indira Nagar; daily activities are being disrupted.,Water Supply,Medium,Indira Nagar,26.883468,80.996651,Water Supply-11,test,True
SYN-02586,नल में गंदा पानी आ रहा है near Chowk; daily activities are being disrupted.,Water Supply,Medium,Chowk,26.859568,80.913798,Water Supply-11,test,True
SYN-02587,नल में गंदा पानी आ रहा है near Hazratganj; immediate danger to residents.,Water Supply,High,Hazratganj,26.847361,80.947355,Water Supply-11,test,True
SYN-02588,नल में गंदा पानी आ रहा है near Gomti Nagar; immediate danger to residents.,Water Supply,High,Gomti Nagar,26.85953,81.003813,Water Supply-11,test,True
SYN-02589,नल में गंदा पानी आ रहा है near Aliganj; immediate danger to residents.,Water Supply,High,Aliganj,26.896121,80.944901,Water Supply-11,test,True
SYN-02590,नल में गंदा पानी आ रहा है near Alambagh; immediate danger to residents.,Water Supply,High,Alambagh,26.811406,80.901845,Water Supply-11,test,True
SYN-02591,नल में गंदा पानी आ रहा है near Indira Nagar; immediate danger to residents.,Water Supply,High,Indira Nagar,26.881683,80.996072,Water Supply-11,test,True
SYN-02592,नल में गंदा पानी आ रहा है near Chowk; immediate danger to residents.,Water Supply,High,Chowk,26.860418,80.91151,Water Supply-11,test,True
SYN-02593,Sewer line is blocked near Hazratganj; minor inconvenience with no immediate danger.,Sewerage,Low,Hazratganj,26.845112,80.94747,Sewerage-0,train,True
SYN-02594,Sewer line is blocked near Gomti Nagar; minor inconvenience with no immediate danger.,Sewerage,Low,Gomti Nagar,26.859187,81.003303,Sewerage-0,train,True
SYN-02595,Sewer line is blocked near Aliganj; minor inconvenience with no immediate danger.,Sewerage,Low,Aliganj,26.898598,80.94617,Sewerage-0,train,True
SYN-02596,Sewer line is blocked near Alambagh; minor inconvenience with no immediate danger.,Sewerage,Low,Alambagh,26.812131,80.901603,Sewerage-0,train,True
SYN-02597,Sewer line is blocked near Indira Nagar; minor inconvenience with no immediate danger.,Sewerage,Low,Indira Nagar,26.882654,80.995483,Sewerage-0,train,True
SYN-02598,Sewer line is blocked near Chowk; minor inconvenience with no immediate danger.,Sewerage,Low,Chowk,26.860192,80.914896,Sewerage-0,train,True
SYN-02599,Sewer line is blocked near Hazratganj; routine maintenance requested.,Sewerage,Low,Hazratganj,26.846235,80.945563,Sewerage-0,train,True
SYN-02600,Sewer line is blocked near Gomti Nagar; routine maintenance requested.,Sewerage,Low,Gomti Nagar,26.859256,81.004364,Sewerage-0,train,True
SYN-02601,Sewer line is blocked near Aliganj; routine maintenance requested.,Sewerage,Low,Aliganj,26.899137,80.944741,Sewerage-0,train,True
SYN-02602,Sewer line is blocked near Alambagh; routine maintenance requested.,Sewerage,Low,Alambagh,26.813149,80.902178,Sewerage-0,train,True
SYN-02603,Sewer line is blocked near Indira Nagar; routine maintenance requested.,Sewerage,Low,Indira Nagar,26.881945,80.99565,Sewerage-0,train,True
SYN-02604,Sewer line is blocked near Chowk; routine maintenance requested.,Sewerage,Low,Chowk,26.858312,80.914723,Sewerage-0,train,True
SYN-02605,Sewer line is blocked near Hazratganj; small issue and access remains open.,Sewerage,Low,Hazratganj,26.846997,80.946147,Sewerage-0,train,True
SYN-02606,Sewer line is blocked near Gomti Nagar; small issue and access remains open.,Sewerage,Low,Gomti Nagar,26.858369,81.003852,Sewerage-0,train,True
SYN-02607,Sewer line is blocked near Aliganj; small issue and access remains open.,Sewerage,Low,Aliganj,26.89822,80.946288,Sewerage-0,train,True
SYN-02608,Sewer line is blocked near Alambagh; small issue and access remains open.,Sewerage,Low,Alambagh,26.810705,80.903824,Sewerage-0,train,True
SYN-02609,Sewer line is blocked near Indira Nagar; small issue and access remains open.,Sewerage,Low,Indira Nagar,26.881278,80.993435,Sewerage-0,train,True
SYN-02610,Sewer line is blocked near Chowk; small issue and access remains open.,Sewerage,Low,Chowk,26.861256,80.914085,Sewerage-0,train,True
SYN-02611,Sewer line is blocked near Hazratganj; halki dikkat hai.,Sewerage,Low,Hazratganj,26.846216,80.946177,Sewerage-0,train,True
SYN-02612,Sewer line is blocked near Gomti Nagar; halki dikkat hai.,Sewerage,Low,Gomti Nagar,26.858641,81.002362,Sewerage-0,train,True
SYN-02613,Sewer line is blocked near Aliganj; halki dikkat hai.,Sewerage,Low,Aliganj,26.899268,80.946549,Sewerage-0,train,True
SYN-02614,Sewer line is blocked near Alambagh; halki dikkat hai.,Sewerage,Low,Alambagh,26.813613,80.902545,Sewerage-0,train,True
SYN-02615,Sewer line is blocked near Indira Nagar; halki dikkat hai.,Sewerage,Low,Indira Nagar,26.881001,80.993587,Sewerage-0,train,True
SYN-02616,Sewer line is blocked near Chowk; halki dikkat hai.,Sewerage,Low,Chowk,26.858597,80.913125,Sewerage-0,train,True
SYN-02617,Sewer line is blocked near Hazratganj; affecting several households for two days.,Sewerage,Medium,Hazratganj,26.84626,80.946512,Sewerage-0,train,True
SYN-02618,Sewer line is blocked near Gomti Nagar; affecting several households for two days.,Sewerage,Medium,Gomti Nagar,26.856783,81.004726,Sewerage-0,train,True
SYN-02619,Sewer line is blocked near Aliganj; affecting several households for two days.,Sewerage,Medium,Aliganj,26.897266,80.945281,Sewerage-0,train,True
SYN-02620,Sewer line is blocked near Alambagh; affecting several households for two days.,Sewerage,Medium,Alambagh,26.813653,80.901218,Sewerage-0,train,True
SYN-02621,Sewer line is blocked near Indira Nagar; affecting several households for two days.,Sewerage,Medium,Indira Nagar,26.884773,80.994739,Sewerage-0,train,True
SYN-02622,Sewer line is blocked near Chowk; affecting several households for two days.,Sewerage,Medium,Chowk,26.86193,80.912377,Sewerage-0,train,True
SYN-02623,Sewer line is blocked near Hazratganj; repeated problem disrupting daily use.,Sewerage,Medium,Hazratganj,26.845057,80.944232,Sewerage-0,train,True
SYN-02624,Sewer line is blocked near Gomti Nagar; repeated problem disrupting daily use.,Sewerage,Medium,Gomti Nagar,26.859946,81.003617,Sewerage-0,train,True
SYN-02625,Sewer line is blocked near Aliganj; repeated problem disrupting daily use.,Sewerage,Medium,Aliganj,26.89651,80.944177,Sewerage-0,train,True
SYN-02626,Sewer line is blocked near Alambagh; repeated problem disrupting daily use.,Sewerage,Medium,Alambagh,26.811477,80.902196,Sewerage-0,train,True
SYN-02627,Sewer line is blocked near Indira Nagar; repeated problem disrupting daily use.,Sewerage,Medium,Indira Nagar,26.881213,80.995813,Sewerage-0,train,True
SYN-02628,Sewer line is blocked near Chowk; repeated problem disrupting daily use.,Sewerage,Medium,Chowk,26.861283,80.912437,Sewerage-0,train,True
SYN-02629,Sewer line is blocked near Hazratganj; residents have difficulty using this lane.,Sewerage,Medium,Hazratganj,26.848145,80.947663,Sewerage-0,train,True
SYN-02630,Sewer line is blocked near Gomti Nagar; residents have difficulty using this lane.,Sewerage,Medium,Gomti Nagar,26.856941,81.004809,Sewerage-0,train,True
SYN-02631,Sewer line is blocked near Aliganj; residents have difficulty using this lane.,Sewerage,Medium,Aliganj,26.897577,80.944273,Sewerage-0,train,True
SYN-02632,Sewer line is blocked near Alambagh; residents have difficulty using this lane.,Sewerage,Medium,Alambagh,26.811531,80.901526,Sewerage-0,train,True
SYN-02633,Sewer line is blocked near Indira Nagar; residents have difficulty using this lane.,Sewerage,Medium,Indira Nagar,26.88318,80.99565,Sewerage-0,train,True
SYN-02634,Sewer line is blocked near Chowk; residents have difficulty using this lane.,Sewerage,Medium,Chowk,26.859899,80.911753,Sewerage-0,train,True
SYN-02635,Sewer line is blocked near Hazratganj; do din se pareshani hai.,Sewerage,Medium,Hazratganj,26.846238,80.947898,Sewerage-0,train,True
SYN-02636,Sewer line is blocked near Gomti Nagar; do din se pareshani hai.,Sewerage,Medium,Gomti Nagar,26.85936,81.002617,Sewerage-0,train,True
SYN-02637,Sewer line is blocked near Aliganj; do din se pareshani hai.,Sewerage,Medium,Aliganj,26.89999,80.94568,Sewerage-0,train,True
SYN-02638,Sewer line is blocked near Alambagh; do din se pareshani hai.,Sewerage,Medium,Alambagh,26.810537,80.900287,Sewerage-0,train,True
SYN-02639,Sewer line is blocked near Indira Nagar; do din se pareshani hai.,Sewerage,Medium,Indira Nagar,26.881063,80.995885,Sewerage-0,train,True
SYN-02640,Sewer line is blocked near Chowk; do din se pareshani hai.,Sewerage,Medium,Chowk,26.859947,80.912747,Sewerage-0,train,True
SYN-02641,Sewer line is blocked near Hazratganj; someone is injured and needs urgent help.,Sewerage,High,Hazratganj,26.848661,80.944539,Sewerage-0,train,True
SYN-02642,Sewer line is blocked near Gomti Nagar; someone is injured and needs urgent help.,Sewerage,High,Gomti Nagar,26.858569,81.003663,Sewerage-0,train,True
SYN-02643,Sewer line is blocked near Aliganj; someone is injured and needs urgent help.,Sewerage,High,Aliganj,26.897824,80.946156,Sewerage-0,train,True
SYN-02644,Sewer line is blocked near Alambagh; someone is injured and needs urgent help.,Sewerage,High,Alambagh,26.812418,80.901703,Sewerage-0,train,True
SYN-02645,Sewer line is blocked near Indira Nagar; someone is injured and needs urgent help.,Sewerage,High,Indira Nagar,26.881719,80.995038,Sewerage-0,train,True
SYN-02646,Sewer line is blocked near Chowk; someone is injured and needs urgent help.,Sewerage,High,Chowk,26.860208,80.9128,Sewerage-0,train,True
SYN-02647,Sewer line is blocked near Hazratganj; exposed live wire creates an electrocution risk.,Sewerage,High,Hazratganj,26.846121,80.944943,Sewerage-0,train,True
SYN-02648,Sewer line is blocked near Gomti Nagar; exposed live wire creates an electrocution risk.,Sewerage,High,Gomti Nagar,26.858418,81.004312,Sewerage-0,train,True
SYN-02649,Sewer line is blocked near Aliganj; exposed live wire creates an electrocution risk.,Sewerage,High,Aliganj,26.899387,80.943947,Sewerage-0,train,True
SYN-02650,Sewer line is blocked near Alambagh; exposed live wire creates an electrocution risk.,Sewerage,High,Alambagh,26.812007,80.901643,Sewerage-0,train,True
SYN-02651,Sewer line is blocked near Indira Nagar; exposed live wire creates an electrocution risk.,Sewerage,High,Indira Nagar,26.883185,80.994468,Sewerage-0,train,True
SYN-02652,Sewer line is blocked near Chowk; exposed live wire creates an electrocution risk.,Sewerage,High,Chowk,26.861913,80.913273,Sewerage-0,train,True
SYN-02653,Sewer line is blocked near Hazratganj; contamination is making children sick.,Sewerage,High,Hazratganj,26.84752,80.944653,Sewerage-0,train,True
SYN-02654,Sewer line is blocked near Gomti Nagar; contamination is making children sick.,Sewerage,High,Gomti Nagar,26.857926,81.004762,Sewerage-0,train,True
SYN-02655,Sewer line is blocked near Aliganj; contamination is making children sick.,Sewerage,High,Aliganj,26.896568,80.945925,Sewerage-0,train,True
SYN-02656,Sewer line is blocked near Alambagh; contamination is making children sick.,Sewerage,High,Alambagh,26.813934,80.903935,Sewerage-0,train,True
SYN-02657,Sewer line is blocked near Indira Nagar; contamination is making children sick.,Sewerage,High,Indira Nagar,26.884115,80.99486,Sewerage-0,train,True
SYN-02658,Sewer line is blocked near Chowk; contamination is making children sick.,Sewerage,High,Chowk,26.858313,80.91456,Sewerage-0,train,True
SYN-02659,Sewer line is blocked near Hazratganj; ambulance access is blocked.,Sewerage,High,Hazratganj,26.845054,80.94609,Sewerage-0,train,True
SYN-02660,Sewer line is blocked near Gomti Nagar; ambulance access is blocked.,Sewerage,High,Gomti Nagar,26.858967,81.005842,Sewerage-0,train,True
SYN-02661,Sewer line is blocked near Aliganj; ambulance access is blocked.,Sewerage,High,Aliganj,26.896312,80.945535,Sewerage-0,train,True
SYN-02662,Sewer line is blocked near Alambagh; ambulance access is blocked.,Sewerage,High,Alambagh,26.813192,80.90125,Sewerage-0,train,True
SYN-02663,Sewer line is blocked near Indira Nagar; ambulance access is blocked.,Sewerage,High,Indira Nagar,26.881211,80.994374,Sewerage-0,train,True
SYN-02664,Sewer line is blocked near Chowk; ambulance access is blocked.,Sewerage,High,Chowk,26.861114,80.912875,Sewerage-0,train,True
SYN-02665,Sewage is overflowing from manhole near Hazratganj; minor inconvenience with no immediate danger.,Sewerage,Low,Hazratganj,26.846751,80.946077,Sewerage-1,train,True
SYN-02666,Sewage is overflowing from manhole near Gomti Nagar; minor inconvenience with no immediate danger.,Sewerage,Low,Gomti Nagar,26.858935,81.003684,Sewerage-1,train,True
SYN-02667,Sewage is overflowing from manhole near Aliganj; minor inconvenience with no immediate danger.,Sewerage,Low,Aliganj,26.899842,80.946193,Sewerage-1,train,True
SYN-02668,Sewage is overflowing from manhole near Alambagh; minor inconvenience with no immediate danger.,Sewerage,Low,Alambagh,26.811157,80.900141,Sewerage-1,train,True
SYN-02669,Sewage is overflowing from manhole near Indira Nagar; minor inconvenience with no immediate danger.,Sewerage,Low,Indira Nagar,26.884691,80.995998,Sewerage-1,train,True
SYN-02670,Sewage is overflowing from manhole near Chowk; minor inconvenience with no immediate danger.,Sewerage,Low,Chowk,26.860908,80.913255,Sewerage-1,train,True
SYN-02671,Sewage is overflowing from manhole near Hazratganj; routine maintenance requested.,Sewerage,Low,Hazratganj,26.844946,80.946093,Sewerage-1,train,True
SYN-02672,Sewage is overflowing from manhole near Gomti Nagar; routine maintenance requested.,Sewerage,Low,Gomti Nagar,26.856676,81.002206,Sewerage-1,train,True
SYN-02673,Sewage is overflowing from manhole near Aliganj; routine maintenance requested.,Sewerage,Low,Aliganj,26.899961,80.946236,Sewerage-1,train,True
SYN-02674,Sewage is overflowing from manhole near Alambagh; routine maintenance requested.,Sewerage,Low,Alambagh,26.812497,80.901147,Sewerage-1,train,True
SYN-02675,Sewage is overflowing from manhole near Indira Nagar; routine maintenance requested.,Sewerage,Low,Indira Nagar,26.88133,80.995022,Sewerage-1,train,True
SYN-02676,Sewage is overflowing from manhole near Chowk; routine maintenance requested.,Sewerage,Low,Chowk,26.861406,80.912111,Sewerage-1,train,True
SYN-02677,Sewage is overflowing from manhole near Hazratganj; small issue and access remains open.,Sewerage,Low,Hazratganj,26.84523,80.945324,Sewerage-1,train,True
SYN-02678,Sewage is overflowing from manhole near Gomti Nagar; small issue and access remains open.,Sewerage,Low,Gomti Nagar,26.859431,81.002057,Sewerage-1,train,True
SYN-02679,Sewage is overflowing from manhole near Aliganj; small issue and access remains open.,Sewerage,Low,Aliganj,26.896446,80.943698,Sewerage-1,train,True
SYN-02680,Sewage is overflowing from manhole near Alambagh; small issue and access remains open.,Sewerage,Low,Alambagh,26.812367,80.900605,Sewerage-1,train,True
SYN-02681,Sewage is overflowing from manhole near Indira Nagar; small issue and access remains open.,Sewerage,Low,Indira Nagar,26.882787,80.996231,Sewerage-1,train,True
SYN-02682,Sewage is overflowing from manhole near Chowk; small issue and access remains open.,Sewerage,Low,Chowk,26.859045,80.913803,Sewerage-1,train,True
SYN-02683,Sewage is overflowing from manhole near Hazratganj; halki dikkat hai.,Sewerage,Low,Hazratganj,26.84664,80.947397,Sewerage-1,train,True
SYN-02684,Sewage is overflowing from manhole near Gomti Nagar; halki dikkat hai.,Sewerage,Low,Gomti Nagar,26.859448,81.003371,Sewerage-1,train,True
SYN-02685,Sewage is overflowing from manhole near Aliganj; halki dikkat hai.,Sewerage,Low,Aliganj,26.896338,80.94358,Sewerage-1,train,True
SYN-02686,Sewage is overflowing from manhole near Alambagh; halki dikkat hai.,Sewerage,Low,Alambagh,26.813736,80.900617,Sewerage-1,train,True
SYN-02687,Sewage is overflowing from manhole near Indira Nagar; halki dikkat hai.,Sewerage,Low,Indira Nagar,26.882984,80.996974,Sewerage-1,train,True
SYN-02688,Sewage is overflowing from manhole near Chowk; halki dikkat hai.,Sewerage,Low,Chowk,26.861081,80.911952,Sewerage-1,train,True
SYN-02689,Sewage is overflowing from manhole near Hazratganj; affecting several households for two days.,Sewerage,Medium,Hazratganj,26.846461,80.94675,Sewerage-1,train,True
SYN-02690,Sewage is overflowing from manhole near Gomti Nagar; affecting several households for two days.,Sewerage,Medium,Gomti Nagar,26.856843,81.004937,Sewerage-1,train,True
SYN-02691,Sewage is overflowing from manhole near Aliganj; affecting several households for two days.,Sewerage,Medium,Aliganj,26.89738,80.945569,Sewerage-1,train,True
SYN-02692,Sewage is overflowing from manhole near Alambagh; affecting several households for two days.,Sewerage,Medium,Alambagh,26.813022,80.900464,Sewerage-1,train,True
SYN-02693,Sewage is overflowing from manhole near Indira Nagar; affecting several households for two days.,Sewerage,Medium,Indira Nagar,26.88167,80.994595,Sewerage-1,train,True
SYN-02694,Sewage is overflowing from manhole near Chowk; affecting several households for two days.,Sewerage,Medium,Chowk,26.859205,80.913985,Sewerage-1,train,True
SYN-02695,Sewage is overflowing from manhole near Hazratganj; repeated problem disrupting daily use.,Sewerage,Medium,Hazratganj,26.84771,80.94633,Sewerage-1,train,True
SYN-02696,Sewage is overflowing from manhole near Gomti Nagar; repeated problem disrupting daily use.,Sewerage,Medium,Gomti Nagar,26.857519,81.004822,Sewerage-1,train,True
SYN-02697,Sewage is overflowing from manhole near Aliganj; repeated problem disrupting daily use.,Sewerage,Medium,Aliganj,26.897898,80.943581,Sewerage-1,train,True
SYN-02698,Sewage is overflowing from manhole near Alambagh; repeated problem disrupting daily use.,Sewerage,Medium,Alambagh,26.813481,80.900047,Sewerage-1,train,True
SYN-02699,Sewage is overflowing from manhole near Indira Nagar; repeated problem disrupting daily use.,Sewerage,Medium,Indira Nagar,26.884709,80.994795,Sewerage-1,train,True
SYN-02700,Sewage is overflowing from manhole near Chowk; repeated problem disrupting daily use.,Sewerage,Medium,Chowk,26.860714,80.914847,Sewerage-1,train,True
SYN-02701,Sewage is overflowing from manhole near Hazratganj; residents have difficulty using this lane.,Sewerage,Medium,Hazratganj,26.847432,80.944364,Sewerage-1,train,True
SYN-02702,Sewage is overflowing from manhole near Gomti Nagar; residents have difficulty using this lane.,Sewerage,Medium,Gomti Nagar,26.859671,81.00455,Sewerage-1,train,True
SYN-02703,Sewage is overflowing from manhole near Aliganj; residents have difficulty using this lane.,Sewerage,Medium,Aliganj,26.899825,80.944727,Sewerage-1,train,True
SYN-02704,Sewage is overflowing from manhole near Alambagh; residents have difficulty using this lane.,Sewerage,Medium,Alambagh,26.813672,80.903433,Sewerage-1,train,True
SYN-02705,Sewage is overflowing from manhole near Indira Nagar; residents have difficulty using this lane.,Sewerage,Medium,Indira Nagar,26.88234,80.994068,Sewerage-1,train,True
SYN-02706,Sewage is overflowing from manhole near Chowk; residents have difficulty using this lane.,Sewerage,Medium,Chowk,26.858393,80.913617,Sewerage-1,train,True
SYN-02707,Sewage is overflowing from manhole near Hazratganj; do din se pareshani hai.,Sewerage,Medium,Hazratganj,26.846265,80.947293,Sewerage-1,train,True
SYN-02708,Sewage is overflowing from manhole near Gomti Nagar; do din se pareshani hai.,Sewerage,Medium,Gomti Nagar,26.858996,81.004937,Sewerage-1,train,True
SYN-02709,Sewage is overflowing from manhole near Aliganj; do din se pareshani hai.,Sewerage,Medium,Aliganj,26.898355,80.94378,Sewerage-1,train,True
SYN-02710,Sewage is overflowing from manhole near Alambagh; do din se pareshani hai.,Sewerage,Medium,Alambagh,26.81135,80.902761,Sewerage-1,train,True
SYN-02711,Sewage is overflowing from manhole near Indira Nagar; do din se pareshani hai.,Sewerage,Medium,Indira Nagar,26.88172,80.99519,Sewerage-1,train,True
SYN-02712,Sewage is overflowing from manhole near Chowk; do din se pareshani hai.,Sewerage,Medium,Chowk,26.860691,80.914327,Sewerage-1,train,True
SYN-02713,Sewage is overflowing from manhole near Hazratganj; someone is injured and needs urgent help.,Sewerage,High,Hazratganj,26.844748,80.944591,Sewerage-1,train,True
SYN-02714,Sewage is overflowing from manhole near Gomti Nagar; someone is injured and needs urgent help.,Sewerage,High,Gomti Nagar,26.856416,81.003784,Sewerage-1,train,True
SYN-02715,Sewage is overflowing from manhole near Aliganj; someone is injured and needs urgent help.,Sewerage,High,Aliganj,26.896878,80.944133,Sewerage-1,train,True
SYN-02716,Sewage is overflowing from manhole near Alambagh; someone is injured and needs urgent help.,Sewerage,High,Alambagh,26.810772,80.900095,Sewerage-1,train,True
SYN-02717,Sewage is overflowing from manhole near Indira Nagar; someone is injured and needs urgent help.,Sewerage,High,Indira Nagar,26.881368,80.996754,Sewerage-1,train,True
SYN-02718,Sewage is overflowing from manhole near Chowk; someone is injured and needs urgent help.,Sewerage,High,Chowk,26.860626,80.914342,Sewerage-1,train,True
SYN-02719,Sewage is overflowing from manhole near Hazratganj; exposed live wire creates an electrocution risk.,Sewerage,High,Hazratganj,26.848502,80.946752,Sewerage-1,train,True
SYN-02720,Sewage is overflowing from manhole near Gomti Nagar; exposed live wire creates an electrocution risk.,Sewerage,High,Gomti Nagar,26.858832,81.00248,Sewerage-1,train,True
SYN-02721,Sewage is overflowing from manhole near Aliganj; exposed live wire creates an electrocution risk.,Sewerage,High,Aliganj,26.899426,80.94352,Sewerage-1,train,True
SYN-02722,Sewage is overflowing from manhole near Alambagh; exposed live wire creates an electrocution risk.,Sewerage,High,Alambagh,26.812626,80.9036,Sewerage-1,train,True
SYN-02723,Sewage is overflowing from manhole near Indira Nagar; exposed live wire creates an electrocution risk.,Sewerage,High,Indira Nagar,26.883264,80.996869,Sewerage-1,train,True
SYN-02724,Sewage is overflowing from manhole near Chowk; exposed live wire creates an electrocution risk.,Sewerage,High,Chowk,26.861584,80.913783,Sewerage-1,train,True
SYN-02725,Sewage is overflowing from manhole near Hazratganj; contamination is making children sick.,Sewerage,High,Hazratganj,26.845713,80.946068,Sewerage-1,train,True
SYN-02726,Sewage is overflowing from manhole near Gomti Nagar; contamination is making children sick.,Sewerage,High,Gomti Nagar,26.859745,81.004555,Sewerage-1,train,True
SYN-02727,Sewage is overflowing from manhole near Aliganj; contamination is making children sick.,Sewerage,High,Aliganj,26.899691,80.944106,Sewerage-1,train,True
SYN-02728,Sewage is overflowing from manhole near Alambagh; contamination is making children sick.,Sewerage,High,Alambagh,26.811708,80.903614,Sewerage-1,train,True
SYN-02729,Sewage is overflowing from manhole near Indira Nagar; contamination is making children sick.,Sewerage,High,Indira Nagar,26.88408,80.994294,Sewerage-1,train,True
SYN-02730,Sewage is overflowing from manhole near Chowk; contamination is making children sick.,Sewerage,High,Chowk,26.858648,80.911296,Sewerage-1,train,True
SYN-02731,Sewage is overflowing from manhole near Hazratganj; ambulance access is blocked.,Sewerage,High,Hazratganj,26.847808,80.945731,Sewerage-1,train,True
SYN-02732,Sewage is overflowing from manhole near Gomti Nagar; ambulance access is blocked.,Sewerage,High,Gomti Nagar,26.857331,81.00224,Sewerage-1,train,True
SYN-02733,Sewage is overflowing from manhole near Aliganj; ambulance access is blocked.,Sewerage,High,Aliganj,26.899822,80.944059,Sewerage-1,train,True
SYN-02734,Sewage is overflowing from manhole near Alambagh; ambulance access is blocked.,Sewerage,High,Alambagh,26.811762,80.901967,Sewerage-1,train,True
SYN-02735,Sewage is overflowing from manhole near Indira Nagar; ambulance access is blocked.,Sewerage,High,Indira Nagar,26.884714,80.995441,Sewerage-1,train,True
SYN-02736,Sewage is overflowing from manhole near Chowk; ambulance access is blocked.,Sewerage,High,Chowk,26.858714,80.912968,Sewerage-1,train,True
SYN-02737,Sewer cover is missing near Hazratganj; minor inconvenience with no immediate danger.,Sewerage,Low,Hazratganj,26.845275,80.947275,Sewerage-2,train,True
SYN-02738,Sewer cover is missing near Gomti Nagar; minor inconvenience with no immediate danger.,Sewerage,Low,Gomti Nagar,26.856874,81.004573,Sewerage-2,train,True
SYN-02739,Sewer cover is missing near Aliganj; minor inconvenience with no immediate danger.,Sewerage,Low,Aliganj,26.89965,80.945862,Sewerage-2,train,True
SYN-02740,Sewer cover is missing near Alambagh; minor inconvenience with no immediate danger.,Sewerage,Low,Alambagh,26.810413,80.900292,Sewerage-2,train,True
SYN-02741,Sewer cover is missing near Indira Nagar; minor inconvenience with no immediate danger.,Sewerage,Low,Indira Nagar,26.883285,80.994002,Sewerage-2,train,True
SYN-02742,Sewer cover is missing near Chowk; minor inconvenience with no immediate danger.,Sewerage,Low,Chowk,26.859784,80.914586,Sewerage-2,train,True
SYN-02743,Sewer cover is missing near Hazratganj; routine maintenance requested.,Sewerage,Low,Hazratganj,26.845295,80.946761,Sewerage-2,train,True
SYN-02744,Sewer cover is missing near Gomti Nagar; routine maintenance requested.,Sewerage,Low,Gomti Nagar,26.859732,81.004658,Sewerage-2,train,True
SYN-02745,Sewer cover is missing near Aliganj; routine maintenance requested.,Sewerage,Low,Aliganj,26.897066,80.9458,Sewerage-2,train,True
SYN-02746,Sewer cover is missing near Alambagh; routine maintenance requested.,Sewerage,Low,Alambagh,26.813618,80.902299,Sewerage-2,train,True
SYN-02747,Sewer cover is missing near Indira Nagar; routine maintenance requested.,Sewerage,Low,Indira Nagar,26.883062,80.99676,Sewerage-2,train,True
SYN-02748,Sewer cover is missing near Chowk; routine maintenance requested.,Sewerage,Low,Chowk,26.859963,80.912744,Sewerage-2,train,True
SYN-02749,Sewer cover is missing near Hazratganj; small issue and access remains open.,Sewerage,Low,Hazratganj,26.848076,80.947324,Sewerage-2,train,True
SYN-02750,Sewer cover is missing near Gomti Nagar; small issue and access remains open.,Sewerage,Low,Gomti Nagar,26.859142,81.004161,Sewerage-2,train,True
SYN-02751,Sewer cover is missing near Aliganj; small issue and access remains open.,Sewerage,Low,Aliganj,26.896013,80.946817,Sewerage-2,train,True
SYN-02752,Sewer cover is missing near Alambagh; small issue and access remains open.,Sewerage,Low,Alambagh,26.813272,80.901928,Sewerage-2,train,True
SYN-02753,Sewer cover is missing near Indira Nagar; small issue and access remains open.,Sewerage,Low,Indira Nagar,26.883269,80.99674,Sewerage-2,train,True
SYN-02754,Sewer cover is missing near Chowk; small issue and access remains open.,Sewerage,Low,Chowk,26.859436,80.913727,Sewerage-2,train,True
SYN-02755,Sewer cover is missing near Hazratganj; halki dikkat hai.,Sewerage,Low,Hazratganj,26.846302,80.946729,Sewerage-2,train,True
SYN-02756,Sewer cover is missing near Gomti Nagar; halki dikkat hai.,Sewerage,Low,Gomti Nagar,26.859835,81.002363,Sewerage-2,train,True
SYN-02757,Sewer cover is missing near Aliganj; halki dikkat hai.,Sewerage,Low,Aliganj,26.898139,80.946844,Sewerage-2,train,True
SYN-02758,Sewer cover is missing near Alambagh; halki dikkat hai.,Sewerage,Low,Alambagh,26.810322,80.901839,Sewerage-2,train,True
SYN-02759,Sewer cover is missing near Indira Nagar; halki dikkat hai.,Sewerage,Low,Indira Nagar,26.884066,80.995591,Sewerage-2,train,True
SYN-02760,Sewer cover is missing near Chowk; halki dikkat hai.,Sewerage,Low,Chowk,26.858706,80.911157,Sewerage-2,train,True
SYN-02761,Sewer cover is missing near Hazratganj; affecting several households for two days.,Sewerage,Medium,Hazratganj,26.846237,80.944964,Sewerage-2,train,True
SYN-02762,Sewer cover is missing near Gomti Nagar; affecting several households for two days.,Sewerage,Medium,Gomti Nagar,26.858784,81.005586,Sewerage-2,train,True
SYN-02763,Sewer cover is missing near Aliganj; affecting several households for two days.,Sewerage,Medium,Aliganj,26.898522,80.944437,Sewerage-2,train,True
SYN-02764,Sewer cover is missing near Alambagh; affecting several households for two days.,Sewerage,Medium,Alambagh,26.810339,80.902531,Sewerage-2,train,True
SYN-02765,Sewer cover is missing near Indira Nagar; affecting several households for two days.,Sewerage,Medium,Indira Nagar,26.883941,80.99356,Sewerage-2,train,True
SYN-02766,Sewer cover is missing near Chowk; affecting several households for two days.,Sewerage,Medium,Chowk,26.858772,80.913879,Sewerage-2,train,True
SYN-02767,Sewer cover is missing near Hazratganj; repeated problem disrupting daily use.,Sewerage,Medium,Hazratganj,26.847072,80.946157,Sewerage-2,train,True
SYN-02768,Sewer cover is missing near Gomti Nagar; repeated problem disrupting daily use.,Sewerage,Medium,Gomti Nagar,26.856252,81.004162,Sewerage-2,train,True
SYN-02769,Sewer cover is missing near Aliganj; repeated problem disrupting daily use.,Sewerage,Medium,Aliganj,26.897231,80.945136,Sewerage-2,train,True
SYN-02770,Sewer cover is missing near Alambagh; repeated problem disrupting daily use.,Sewerage,Medium,Alambagh,26.813337,80.901797,Sewerage-2,train,True
SYN-02771,Sewer cover is missing near Indira Nagar; repeated problem disrupting daily use.,Sewerage,Medium,Indira Nagar,26.884983,80.993148,Sewerage-2,train,True
SYN-02772,Sewer cover is missing near Chowk; repeated problem disrupting daily use.,Sewerage,Medium,Chowk,26.858224,80.914151,Sewerage-2,train,True
SYN-02773,Sewer cover is missing near Hazratganj; residents have difficulty using this lane.,Sewerage,Medium,Hazratganj,26.844871,80.944673,Sewerage-2,train,True
SYN-02774,Sewer cover is missing near Gomti Nagar; residents have difficulty using this lane.,Sewerage,Medium,Gomti Nagar,26.859228,81.004669,Sewerage-2,train,True
SYN-02775,Sewer cover is missing near Aliganj; residents have difficulty using this lane.,Sewerage,Medium,Aliganj,26.897833,80.945712,Sewerage-2,train,True
SYN-02776,Sewer cover is missing near Alambagh; residents have difficulty using this lane.,Sewerage,Medium,Alambagh,26.813497,80.900596,Sewerage-2,train,True
SYN-02777,Sewer cover is missing near Indira Nagar; residents have difficulty using this lane.,Sewerage,Medium,Indira Nagar,26.883317,80.996699,Sewerage-2,train,True
SYN-02778,Sewer cover is missing near Chowk; residents have difficulty using this lane.,Sewerage,Medium,Chowk,26.858148,80.911566,Sewerage-2,train,True
SYN-02779,Sewer cover is missing near Hazratganj; do din se pareshani hai.,Sewerage,Medium,Hazratganj,26.847315,80.946085,Sewerage-2,train,True
SYN-02780,Sewer cover is missing near Gomti Nagar; do din se pareshani hai.,Sewerage,Medium,Gomti Nagar,26.859672,81.002183,Sewerage-2,train,True
SYN-02781,Sewer cover is missing near Aliganj; do din se pareshani hai.,Sewerage,Medium,Aliganj,26.898805,80.943522,Sewerage-2,train,True
SYN-02782,Sewer cover is missing near Alambagh; do din se pareshani hai.,Sewerage,Medium,Alambagh,26.810689,80.9002,Sewerage-2,train,True
SYN-02783,Sewer cover is missing near Indira Nagar; do din se pareshani hai.,Sewerage,Medium,Indira Nagar,26.882229,80.996175,Sewerage-2,train,True
SYN-02784,Sewer cover is missing near Chowk; do din se pareshani hai.,Sewerage,Medium,Chowk,26.859825,80.911683,Sewerage-2,train,True
SYN-02785,Sewer cover is missing near Hazratganj; someone is injured and needs urgent help.,Sewerage,High,Hazratganj,26.847064,80.947471,Sewerage-2,train,True
SYN-02786,Sewer cover is missing near Gomti Nagar; someone is injured and needs urgent help.,Sewerage,High,Gomti Nagar,26.856425,81.003989,Sewerage-2,train,True
SYN-02787,Sewer cover is missing near Aliganj; someone is injured and needs urgent help.,Sewerage,High,Aliganj,26.899197,80.943882,Sewerage-2,train,True
SYN-02788,Sewer cover is missing near Alambagh; someone is injured and needs urgent help.,Sewerage,High,Alambagh,26.813218,80.901705,Sewerage-2,train,True
SYN-02789,Sewer cover is missing near Indira Nagar; someone is injured and needs urgent help.,Sewerage,High,Indira Nagar,26.884246,80.996929,Sewerage-2,train,True
SYN-02790,Sewer cover is missing near Chowk; someone is injured and needs urgent help.,Sewerage,High,Chowk,26.860714,80.912297,Sewerage-2,train,True
SYN-02791,Sewer cover is missing near Hazratganj; exposed live wire creates an electrocution risk.,Sewerage,High,Hazratganj,26.848603,80.946504,Sewerage-2,train,True
SYN-02792,Sewer cover is missing near Gomti Nagar; exposed live wire creates an electrocution risk.,Sewerage,High,Gomti Nagar,26.856549,81.005346,Sewerage-2,train,True
SYN-02793,Sewer cover is missing near Aliganj; exposed live wire creates an electrocution risk.,Sewerage,High,Aliganj,26.899172,80.946057,Sewerage-2,train,True
SYN-02794,Sewer cover is missing near Alambagh; exposed live wire creates an electrocution risk.,Sewerage,High,Alambagh,26.812372,80.901342,Sewerage-2,train,True
SYN-02795,Sewer cover is missing near Indira Nagar; exposed live wire creates an electrocution risk.,Sewerage,High,Indira Nagar,26.881483,80.993565,Sewerage-2,train,True
SYN-02796,Sewer cover is missing near Chowk; exposed live wire creates an electrocution risk.,Sewerage,High,Chowk,26.859661,80.913785,Sewerage-2,train,True
SYN-02797,Sewer cover is missing near Hazratganj; contamination is making children sick.,Sewerage,High,Hazratganj,26.846914,80.945955,Sewerage-2,train,True
SYN-02798,Sewer cover is missing near Gomti Nagar; contamination is making children sick.,Sewerage,High,Gomti Nagar,26.859703,81.002163,Sewerage-2,train,True
SYN-02799,Sewer cover is missing near Aliganj; contamination is making children sick.,Sewerage,High,Aliganj,26.8964,80.946389,Sewerage-2,train,True
SYN-02800,Sewer cover is missing near Alambagh; contamination is making children sick.,Sewerage,High,Alambagh,26.81245,80.903111,Sewerage-2,train,True
SYN-02801,Sewer cover is missing near Indira Nagar; contamination is making children sick.,Sewerage,High,Indira Nagar,26.881063,80.994948,Sewerage-2,train,True
SYN-02802,Sewer cover is missing near Chowk; contamination is making children sick.,Sewerage,High,Chowk,26.858025,80.911718,Sewerage-2,train,True
SYN-02803,Sewer cover is missing near Hazratganj; ambulance access is blocked.,Sewerage,High,Hazratganj,26.845057,80.946807,Sewerage-2,train,True
SYN-02804,Sewer cover is missing near Gomti Nagar; ambulance access is blocked.,Sewerage,High,Gomti Nagar,26.859548,81.003665,Sewerage-2,train,True
SYN-02805,Sewer cover is missing near Aliganj; ambulance access is blocked.,Sewerage,High,Aliganj,26.89923,80.94609,Sewerage-2,train,True
SYN-02806,Sewer cover is missing near Alambagh; ambulance access is blocked.,Sewerage,High,Alambagh,26.812769,80.900825,Sewerage-2,train,True
SYN-02807,Sewer cover is missing near Indira Nagar; ambulance access is blocked.,Sewerage,High,Indira Nagar,26.883559,80.995092,Sewerage-2,train,True
SYN-02808,Sewer cover is missing near Chowk; ambulance access is blocked.,Sewerage,High,Chowk,26.859648,80.914752,Sewerage-2,train,True
SYN-02809,Underground sewer pipe is clogged near Hazratganj; minor inconvenience with no immediate danger.,Sewerage,Low,Hazratganj,26.847142,80.94435,Sewerage-3,train,True
SYN-02810,Underground sewer pipe is clogged near Gomti Nagar; minor inconvenience with no immediate danger.,Sewerage,Low,Gomti Nagar,26.85672,81.004,Sewerage-3,train,True
SYN-02811,Underground sewer pipe is clogged near Aliganj; minor inconvenience with no immediate danger.,Sewerage,Low,Aliganj,26.899801,80.945509,Sewerage-3,train,True
SYN-02812,Underground sewer pipe is clogged near Alambagh; minor inconvenience with no immediate danger.,Sewerage,Low,Alambagh,26.81313,80.901391,Sewerage-3,train,True
SYN-02813,Underground sewer pipe is clogged near Indira Nagar; minor inconvenience with no immediate danger.,Sewerage,Low,Indira Nagar,26.881018,80.993943,Sewerage-3,train,True
SYN-02814,Underground sewer pipe is clogged near Chowk; minor inconvenience with no immediate danger.,Sewerage,Low,Chowk,26.85847,80.913121,Sewerage-3,train,True
SYN-02815,Underground sewer pipe is clogged near Hazratganj; routine maintenance requested.,Sewerage,Low,Hazratganj,26.845083,80.945648,Sewerage-3,train,True
SYN-02816,Underground sewer pipe is clogged near Gomti Nagar; routine maintenance requested.,Sewerage,Low,Gomti Nagar,26.859045,81.004159,Sewerage-3,train,True
SYN-02817,Underground sewer pipe is clogged near Aliganj; routine maintenance requested.,Sewerage,Low,Aliganj,26.896877,80.946081,Sewerage-3,train,True
SYN-02818,Underground sewer pipe is clogged near Alambagh; routine maintenance requested.,Sewerage,Low,Alambagh,26.812637,80.901106,Sewerage-3,train,True
SYN-02819,Underground sewer pipe is clogged near Indira Nagar; routine maintenance requested.,Sewerage,Low,Indira Nagar,26.881775,80.996186,Sewerage-3,train,True
SYN-02820,Underground sewer pipe is clogged near Chowk; routine maintenance requested.,Sewerage,Low,Chowk,26.860741,80.914874,Sewerage-3,train,True
SYN-02821,Underground sewer pipe is clogged near Hazratganj; small issue and access remains open.,Sewerage,Low,Hazratganj,26.846598,80.944905,Sewerage-3,train,True
SYN-02822,Underground sewer pipe is clogged near Gomti Nagar; small issue and access remains open.,Sewerage,Low,Gomti Nagar,26.858681,81.002172,Sewerage-3,train,True
SYN-02823,Underground sewer pipe is clogged near Aliganj; small issue and access remains open.,Sewerage,Low,Aliganj,26.898579,80.94414,Sewerage-3,train,True
SYN-02824,Underground sewer pipe is clogged near Alambagh; small issue and access remains open.,Sewerage,Low,Alambagh,26.811739,80.901337,Sewerage-3,train,True
SYN-02825,Underground sewer pipe is clogged near Indira Nagar; small issue and access remains open.,Sewerage,Low,Indira Nagar,26.884221,80.996034,Sewerage-3,train,True
SYN-02826,Underground sewer pipe is clogged near Chowk; small issue and access remains open.,Sewerage,Low,Chowk,26.858173,80.913962,Sewerage-3,train,True
SYN-02827,Underground sewer pipe is clogged near Hazratganj; halki dikkat hai.,Sewerage,Low,Hazratganj,26.848399,80.944904,Sewerage-3,train,True
SYN-02828,Underground sewer pipe is clogged near Gomti Nagar; halki dikkat hai.,Sewerage,Low,Gomti Nagar,26.859142,81.00394,Sewerage-3,train,True
SYN-02829,Underground sewer pipe is clogged near Aliganj; halki dikkat hai.,Sewerage,Low,Aliganj,26.896464,80.94658,Sewerage-3,train,True
SYN-02830,Underground sewer pipe is clogged near Alambagh; halki dikkat hai.,Sewerage,Low,Alambagh,26.812886,80.902371,Sewerage-3,train,True
SYN-02831,Underground sewer pipe is clogged near Indira Nagar; halki dikkat hai.,Sewerage,Low,Indira Nagar,26.882304,80.993795,Sewerage-3,train,True
SYN-02832,Underground sewer pipe is clogged near Chowk; halki dikkat hai.,Sewerage,Low,Chowk,26.860707,80.912303,Sewerage-3,train,True
SYN-02833,Underground sewer pipe is clogged near Hazratganj; affecting several households for two days.,Sewerage,Medium,Hazratganj,26.847816,80.945505,Sewerage-3,train,True
SYN-02834,Underground sewer pipe is clogged near Gomti Nagar; affecting several households for two days.,Sewerage,Medium,Gomti Nagar,26.856392,81.004951,Sewerage-3,train,True
SYN-02835,Underground sewer pipe is clogged near Aliganj; affecting several households for two days.,Sewerage,Medium,Aliganj,26.89948,80.944502,Sewerage-3,train,True
SYN-02836,Underground sewer pipe is clogged near Alambagh; affecting several households for two days.,Sewerage,Medium,Alambagh,26.810883,80.901884,Sewerage-3,train,True
SYN-02837,Underground sewer pipe is clogged near Indira Nagar; affecting several households for two days.,Sewerage,Medium,Indira Nagar,26.882938,80.996562,Sewerage-3,train,True
SYN-02838,Underground sewer pipe is clogged near Chowk; affecting several households for two days.,Sewerage,Medium,Chowk,26.85858,80.914712,Sewerage-3,train,True
SYN-02839,Underground sewer pipe is clogged near Hazratganj; repeated problem disrupting daily use.,Sewerage,Medium,Hazratganj,26.84652,80.945749,Sewerage-3,train,True
SYN-02840,Underground sewer pipe is clogged near Gomti Nagar; repeated problem disrupting daily use.,Sewerage,Medium,Gomti Nagar,26.856546,81.004879,Sewerage-3,train,True
SYN-02841,Underground sewer pipe is clogged near Aliganj; repeated problem disrupting daily use.,Sewerage,Medium,Aliganj,26.898528,80.946902,Sewerage-3,train,True
SYN-02842,Underground sewer pipe is clogged near Alambagh; repeated problem disrupting daily use.,Sewerage,Medium,Alambagh,26.810809,80.900509,Sewerage-3,train,True
SYN-02843,Underground sewer pipe is clogged near Indira Nagar; repeated problem disrupting daily use.,Sewerage,Medium,Indira Nagar,26.883769,80.993239,Sewerage-3,train,True
SYN-02844,Underground sewer pipe is clogged near Chowk; repeated problem disrupting daily use.,Sewerage,Medium,Chowk,26.858546,80.914407,Sewerage-3,train,True
SYN-02845,Underground sewer pipe is clogged near Hazratganj; residents have difficulty using this lane.,Sewerage,Medium,Hazratganj,26.846534,80.944885,Sewerage-3,train,True
SYN-02846,Underground sewer pipe is clogged near Gomti Nagar; residents have difficulty using this lane.,Sewerage,Medium,Gomti Nagar,26.857374,81.005546,Sewerage-3,train,True
SYN-02847,Underground sewer pipe is clogged near Aliganj; residents have difficulty using this lane.,Sewerage,Medium,Aliganj,26.898415,80.946158,Sewerage-3,train,True
SYN-02848,Underground sewer pipe is clogged near Alambagh; residents have difficulty using this lane.,Sewerage,Medium,Alambagh,26.812552,80.902446,Sewerage-3,train,True
SYN-02849,Underground sewer pipe is clogged near Indira Nagar; residents have difficulty using this lane.,Sewerage,Medium,Indira Nagar,26.88168,80.996881,Sewerage-3,train,True
SYN-02850,Underground sewer pipe is clogged near Chowk; residents have difficulty using this lane.,Sewerage,Medium,Chowk,26.86142,80.911346,Sewerage-3,train,True
SYN-02851,Underground sewer pipe is clogged near Hazratganj; do din se pareshani hai.,Sewerage,Medium,Hazratganj,26.848128,80.946157,Sewerage-3,train,True
SYN-02852,Underground sewer pipe is clogged near Gomti Nagar; do din se pareshani hai.,Sewerage,Medium,Gomti Nagar,26.859983,81.004366,Sewerage-3,train,True
SYN-02853,Underground sewer pipe is clogged near Aliganj; do din se pareshani hai.,Sewerage,Medium,Aliganj,26.899348,80.944117,Sewerage-3,train,True
SYN-02854,Underground sewer pipe is clogged near Alambagh; do din se pareshani hai.,Sewerage,Medium,Alambagh,26.81292,80.902945,Sewerage-3,train,True
SYN-02855,Underground sewer pipe is clogged near Indira Nagar; do din se pareshani hai.,Sewerage,Medium,Indira Nagar,26.881987,80.994309,Sewerage-3,train,True
SYN-02856,Underground sewer pipe is clogged near Chowk; do din se pareshani hai.,Sewerage,Medium,Chowk,26.860318,80.914567,Sewerage-3,train,True
SYN-02857,Underground sewer pipe is clogged near Hazratganj; someone is injured and needs urgent help.,Sewerage,High,Hazratganj,26.847067,80.944796,Sewerage-3,train,True
SYN-02858,Underground sewer pipe is clogged near Gomti Nagar; someone is injured and needs urgent help.,Sewerage,High,Gomti Nagar,26.858295,81.00202,Sewerage-3,train,True
SYN-02859,Underground sewer pipe is clogged near Aliganj; someone is injured and needs urgent help.,Sewerage,High,Aliganj,26.899921,80.94316,Sewerage-3,train,True
SYN-02860,Underground sewer pipe is clogged near Alambagh; someone is injured and needs urgent help.,Sewerage,High,Alambagh,26.811883,80.903074,Sewerage-3,train,True
SYN-02861,Underground sewer pipe is clogged near Indira Nagar; someone is injured and needs urgent help.,Sewerage,High,Indira Nagar,26.881134,80.995124,Sewerage-3,train,True
SYN-02862,Underground sewer pipe is clogged near Chowk; someone is injured and needs urgent help.,Sewerage,High,Chowk,26.859917,80.914192,Sewerage-3,train,True
SYN-02863,Underground sewer pipe is clogged near Hazratganj; exposed live wire creates an electrocution risk.,Sewerage,High,Hazratganj,26.847985,80.94601,Sewerage-3,train,True
SYN-02864,Underground sewer pipe is clogged near Gomti Nagar; exposed live wire creates an electrocution risk.,Sewerage,High,Gomti Nagar,26.856962,81.004234,Sewerage-3,train,True
SYN-02865,Underground sewer pipe is clogged near Aliganj; exposed live wire creates an electrocution risk.,Sewerage,High,Aliganj,26.89605,80.945927,Sewerage-3,train,True
SYN-02866,Underground sewer pipe is clogged near Alambagh; exposed live wire creates an electrocution risk.,Sewerage,High,Alambagh,26.8138,80.900531,Sewerage-3,train,True
SYN-02867,Underground sewer pipe is clogged near Indira Nagar; exposed live wire creates an electrocution risk.,Sewerage,High,Indira Nagar,26.882183,80.995591,Sewerage-3,train,True
SYN-02868,Underground sewer pipe is clogged near Chowk; exposed live wire creates an electrocution risk.,Sewerage,High,Chowk,26.858363,80.912919,Sewerage-3,train,True
SYN-02869,Underground sewer pipe is clogged near Hazratganj; contamination is making children sick.,Sewerage,High,Hazratganj,26.845919,80.947013,Sewerage-3,train,True
SYN-02870,Underground sewer pipe is clogged near Gomti Nagar; contamination is making children sick.,Sewerage,High,Gomti Nagar,26.859432,81.004989,Sewerage-3,train,True
SYN-02871,Underground sewer pipe is clogged near Aliganj; contamination is making children sick.,Sewerage,High,Aliganj,26.896098,80.944819,Sewerage-3,train,True
SYN-02872,Underground sewer pipe is clogged near Alambagh; contamination is making children sick.,Sewerage,High,Alambagh,26.813087,80.903497,Sewerage-3,train,True
SYN-02873,Underground sewer pipe is clogged near Indira Nagar; contamination is making children sick.,Sewerage,High,Indira Nagar,26.882621,80.996159,Sewerage-3,train,True
SYN-02874,Underground sewer pipe is clogged near Chowk; contamination is making children sick.,Sewerage,High,Chowk,26.859482,80.912857,Sewerage-3,train,True
SYN-02875,Underground sewer pipe is clogged near Hazratganj; ambulance access is blocked.,Sewerage,High,Hazratganj,26.847234,80.947642,Sewerage-3,train,True
SYN-02876,Underground sewer pipe is clogged near Gomti Nagar; ambulance access is blocked.,Sewerage,High,Gomti Nagar,26.856283,81.005574,Sewerage-3,train,True
SYN-02877,Underground sewer pipe is clogged near Aliganj; ambulance access is blocked.,Sewerage,High,Aliganj,26.897332,80.943131,Sewerage-3,train,True
SYN-02878,Underground sewer pipe is clogged near Alambagh; ambulance access is blocked.,Sewerage,High,Alambagh,26.811704,80.901079,Sewerage-3,train,True
SYN-02879,Underground sewer pipe is clogged near Indira Nagar; ambulance access is blocked.,Sewerage,High,Indira Nagar,26.884784,80.99517,Sewerage-3,train,True
SYN-02880,Underground sewer pipe is clogged near Chowk; ambulance access is blocked.,Sewerage,High,Chowk,26.861178,80.914151,Sewerage-3,train,True
SYN-02881,Sewage is backing up into houses near Hazratganj; minor inconvenience with no immediate danger.,Sewerage,Low,Hazratganj,26.845024,80.947723,Sewerage-4,train,True
SYN-02882,Sewage is backing up into houses near Gomti Nagar; minor inconvenience with no immediate danger.,Sewerage,Low,Gomti Nagar,26.858943,81.002219,Sewerage-4,train,True
SYN-02883,Sewage is backing up into houses near Aliganj; minor inconvenience with no immediate danger.,Sewerage,Low,Aliganj,26.899781,80.945699,Sewerage-4,train,True
SYN-02884,Sewage is backing up into houses near Alambagh; minor inconvenience with no immediate danger.,Sewerage,Low,Alambagh,26.813552,80.900444,Sewerage-4,train,True
SYN-02885,Sewage is backing up into houses near Indira Nagar; minor inconvenience with no immediate danger.,Sewerage,Low,Indira Nagar,26.882462,80.995477,Sewerage-4,train,True
SYN-02886,Sewage is backing up into houses near Chowk; minor inconvenience with no immediate danger.,Sewerage,Low,Chowk,26.859462,80.911701,Sewerage-4,train,True
SYN-02887,Sewage is backing up into houses near Hazratganj; routine maintenance requested.,Sewerage,Low,Hazratganj,26.846935,80.944468,Sewerage-4,train,True
SYN-02888,Sewage is backing up into houses near Gomti Nagar; routine maintenance requested.,Sewerage,Low,Gomti Nagar,26.858837,81.002819,Sewerage-4,train,True
SYN-02889,Sewage is backing up into houses near Aliganj; routine maintenance requested.,Sewerage,Low,Aliganj,26.899925,80.943955,Sewerage-4,train,True
SYN-02890,Sewage is backing up into houses near Alambagh; routine maintenance requested.,Sewerage,Low,Alambagh,26.810454,80.901914,Sewerage-4,train,True
SYN-02891,Sewage is backing up into houses near Indira Nagar; routine maintenance requested.,Sewerage,Low,Indira Nagar,26.884757,80.99532,Sewerage-4,train,True
SYN-02892,Sewage is backing up into houses near Chowk; routine maintenance requested.,Sewerage,Low,Chowk,26.861836,80.911839,Sewerage-4,train,True
SYN-02893,Sewage is backing up into houses near Hazratganj; small issue and access remains open.,Sewerage,Low,Hazratganj,26.84768,80.945102,Sewerage-4,train,True
SYN-02894,Sewage is backing up into houses near Gomti Nagar; small issue and access remains open.,Sewerage,Low,Gomti Nagar,26.857411,81.003069,Sewerage-4,train,True
SYN-02895,Sewage is backing up into houses near Aliganj; small issue and access remains open.,Sewerage,Low,Aliganj,26.898721,80.944109,Sewerage-4,train,True
SYN-02896,Sewage is backing up into houses near Alambagh; small issue and access remains open.,Sewerage,Low,Alambagh,26.810253,80.901381,Sewerage-4,train,True
SYN-02897,Sewage is backing up into houses near Indira Nagar; small issue and access remains open.,Sewerage,Low,Indira Nagar,26.882945,80.995107,Sewerage-4,train,True
SYN-02898,Sewage is backing up into houses near Chowk; small issue and access remains open.,Sewerage,Low,Chowk,26.858491,80.913839,Sewerage-4,train,True
SYN-02899,Sewage is backing up into houses near Hazratganj; halki dikkat hai.,Sewerage,Low,Hazratganj,26.847413,80.946331,Sewerage-4,train,True
SYN-02900,Sewage is backing up into houses near Gomti Nagar; halki dikkat hai.,Sewerage,Low,Gomti Nagar,26.857169,81.004484,Sewerage-4,train,True
SYN-02901,Sewage is backing up into houses near Aliganj; halki dikkat hai.,Sewerage,Low,Aliganj,26.8992,80.946781,Sewerage-4,train,True
SYN-02902,Sewage is backing up into houses near Alambagh; halki dikkat hai.,Sewerage,Low,Alambagh,26.813235,80.903764,Sewerage-4,train,True
SYN-02903,Sewage is backing up into houses near Indira Nagar; halki dikkat hai.,Sewerage,Low,Indira Nagar,26.881263,80.996568,Sewerage-4,train,True
SYN-02904,Sewage is backing up into houses near Chowk; halki dikkat hai.,Sewerage,Low,Chowk,26.859831,80.911321,Sewerage-4,train,True
SYN-02905,Sewage is backing up into houses near Hazratganj; affecting several households for two days.,Sewerage,Medium,Hazratganj,26.848292,80.945353,Sewerage-4,train,True
SYN-02906,Sewage is backing up into houses near Gomti Nagar; affecting several households for two days.,Sewerage,Medium,Gomti Nagar,26.859827,81.002437,Sewerage-4,train,True
SYN-02907,Sewage is backing up into houses near Aliganj; affecting several households for two days.,Sewerage,Medium,Aliganj,26.897104,80.945788,Sewerage-4,train,True
SYN-02908,Sewage is backing up into houses near Alambagh; affecting several households for two days.,Sewerage,Medium,Alambagh,26.811985,80.9035,Sewerage-4,train,True
SYN-02909,Sewage is backing up into houses near Indira Nagar; affecting several households for two days.,Sewerage,Medium,Indira Nagar,26.883083,80.995509,Sewerage-4,train,True
SYN-02910,Sewage is backing up into houses near Chowk; affecting several households for two days.,Sewerage,Medium,Chowk,26.859173,80.914878,Sewerage-4,train,True
SYN-02911,Sewage is backing up into houses near Hazratganj; repeated problem disrupting daily use.,Sewerage,Medium,Hazratganj,26.846866,80.944728,Sewerage-4,train,True
SYN-02912,Sewage is backing up into houses near Gomti Nagar; repeated problem disrupting daily use.,Sewerage,Medium,Gomti Nagar,26.857387,81.003775,Sewerage-4,train,True
SYN-02913,Sewage is backing up into houses near Aliganj; repeated problem disrupting daily use.,Sewerage,Medium,Aliganj,26.898579,80.944166,Sewerage-4,train,True
SYN-02914,Sewage is backing up into houses near Alambagh; repeated problem disrupting daily use.,Sewerage,Medium,Alambagh,26.810252,80.903487,Sewerage-4,train,True
SYN-02915,Sewage is backing up into houses near Indira Nagar; repeated problem disrupting daily use.,Sewerage,Medium,Indira Nagar,26.881929,80.99679,Sewerage-4,train,True
SYN-02916,Sewage is backing up into houses near Chowk; repeated problem disrupting daily use.,Sewerage,Medium,Chowk,26.860579,80.912647,Sewerage-4,train,True
SYN-02917,Sewage is backing up into houses near Hazratganj; residents have difficulty using this lane.,Sewerage,Medium,Hazratganj,26.846071,80.946784,Sewerage-4,train,True
SYN-02918,Sewage is backing up into houses near Gomti Nagar; residents have difficulty using this lane.,Sewerage,Medium,Gomti Nagar,26.857305,81.004373,Sewerage-4,train,True
SYN-02919,Sewage is backing up into houses near Aliganj; residents have difficulty using this lane.,Sewerage,Medium,Aliganj,26.898787,80.946368,Sewerage-4,train,True
SYN-02920,Sewage is backing up into houses near Alambagh; residents have difficulty using this lane.,Sewerage,Medium,Alambagh,26.811781,80.901216,Sewerage-4,train,True
SYN-02921,Sewage is backing up into houses near Indira Nagar; residents have difficulty using this lane.,Sewerage,Medium,Indira Nagar,26.881528,80.996157,Sewerage-4,train,True
SYN-02922,Sewage is backing up into houses near Chowk; residents have difficulty using this lane.,Sewerage,Medium,Chowk,26.858687,80.91204,Sewerage-4,train,True
SYN-02923,Sewage is backing up into houses near Hazratganj; do din se pareshani hai.,Sewerage,Medium,Hazratganj,26.846637,80.948083,Sewerage-4,train,True
SYN-02924,Sewage is backing up into houses near Gomti Nagar; do din se pareshani hai.,Sewerage,Medium,Gomti Nagar,26.859079,81.002189,Sewerage-4,train,True
SYN-02925,Sewage is backing up into houses near Aliganj; do din se pareshani hai.,Sewerage,Medium,Aliganj,26.897412,80.944824,Sewerage-4,train,True
SYN-02926,Sewage is backing up into houses near Alambagh; do din se pareshani hai.,Sewerage,Medium,Alambagh,26.810665,80.903697,Sewerage-4,train,True
SYN-02927,Sewage is backing up into houses near Indira Nagar; do din se pareshani hai.,Sewerage,Medium,Indira Nagar,26.883847,80.994141,Sewerage-4,train,True
SYN-02928,Sewage is backing up into houses near Chowk; do din se pareshani hai.,Sewerage,Medium,Chowk,26.861893,80.914357,Sewerage-4,train,True
SYN-02929,Sewage is backing up into houses near Hazratganj; someone is injured and needs urgent help.,Sewerage,High,Hazratganj,26.847471,80.946865,Sewerage-4,train,True
SYN-02930,Sewage is backing up into houses near Gomti Nagar; someone is injured and needs urgent help.,Sewerage,High,Gomti Nagar,26.856614,81.002952,Sewerage-4,train,True
SYN-02931,Sewage is backing up into houses near Aliganj; someone is injured and needs urgent help.,Sewerage,High,Aliganj,26.896165,80.944267,Sewerage-4,train,True
SYN-02932,Sewage is backing up into houses near Alambagh; someone is injured and needs urgent help.,Sewerage,High,Alambagh,26.810506,80.901042,Sewerage-4,train,True
SYN-02933,Sewage is backing up into houses near Indira Nagar; someone is injured and needs urgent help.,Sewerage,High,Indira Nagar,26.881738,80.99525,Sewerage-4,train,True
SYN-02934,Sewage is backing up into houses near Chowk; someone is injured and needs urgent help.,Sewerage,High,Chowk,26.858139,80.912268,Sewerage-4,train,True
SYN-02935,Sewage is backing up into houses near Hazratganj; exposed live wire creates an electrocution risk.,Sewerage,High,Hazratganj,26.846075,80.945692,Sewerage-4,train,True
SYN-02936,Sewage is backing up into houses near Gomti Nagar; exposed live wire creates an electrocution risk.,Sewerage,High,Gomti Nagar,26.858159,81.00265,Sewerage-4,train,True
SYN-02937,Sewage is backing up into houses near Aliganj; exposed live wire creates an electrocution risk.,Sewerage,High,Aliganj,26.897206,80.946682,Sewerage-4,train,True
SYN-02938,Sewage is backing up into houses near Alambagh; exposed live wire creates an electrocution risk.,Sewerage,High,Alambagh,26.811618,80.901998,Sewerage-4,train,True
SYN-02939,Sewage is backing up into houses near Indira Nagar; exposed live wire creates an electrocution risk.,Sewerage,High,Indira Nagar,26.881582,80.994832,Sewerage-4,train,True
SYN-02940,Sewage is backing up into houses near Chowk; exposed live wire creates an electrocution risk.,Sewerage,High,Chowk,26.859281,80.911017,Sewerage-4,train,True
SYN-02941,Sewage is backing up into houses near Hazratganj; contamination is making children sick.,Sewerage,High,Hazratganj,26.847654,80.948102,Sewerage-4,train,True
SYN-02942,Sewage is backing up into houses near Gomti Nagar; contamination is making children sick.,Sewerage,High,Gomti Nagar,26.857325,81.004822,Sewerage-4,train,True
SYN-02943,Sewage is backing up into houses near Aliganj; contamination is making children sick.,Sewerage,High,Aliganj,26.897896,80.944159,Sewerage-4,train,True
SYN-02944,Sewage is backing up into houses near Alambagh; contamination is making children sick.,Sewerage,High,Alambagh,26.813776,80.903923,Sewerage-4,train,True
SYN-02945,Sewage is backing up into houses near Indira Nagar; contamination is making children sick.,Sewerage,High,Indira Nagar,26.883295,80.993588,Sewerage-4,train,True
SYN-02946,Sewage is backing up into houses near Chowk; contamination is making children sick.,Sewerage,High,Chowk,26.860261,80.914628,Sewerage-4,train,True
SYN-02947,Sewage is backing up into houses near Hazratganj; ambulance access is blocked.,Sewerage,High,Hazratganj,26.846468,80.946957,Sewerage-4,train,True
SYN-02948,Sewage is backing up into houses near Gomti Nagar; ambulance access is blocked.,Sewerage,High,Gomti Nagar,26.858927,81.005601,Sewerage-4,train,True
SYN-02949,Sewage is backing up into houses near Aliganj; ambulance access is blocked.,Sewerage,High,Aliganj,26.896558,80.945204,Sewerage-4,train,True
SYN-02950,Sewage is backing up into houses near Alambagh; ambulance access is blocked.,Sewerage,High,Alambagh,26.811232,80.901607,Sewerage-4,train,True
SYN-02951,Sewage is backing up into houses near Indira Nagar; ambulance access is blocked.,Sewerage,High,Indira Nagar,26.884364,80.994784,Sewerage-4,train,True
SYN-02952,Sewage is backing up into houses near Chowk; ambulance access is blocked.,Sewerage,High,Chowk,26.85837,80.91122,Sewerage-4,train,True
SYN-02953,Sewer ka pani bahar aa raha hai near Hazratganj; minor inconvenience with no immediate danger.,Sewerage,Low,Hazratganj,26.847265,80.946534,Sewerage-5,train,True
SYN-02954,Sewer ka pani bahar aa raha hai near Gomti Nagar; minor inconvenience with no immediate danger.,Sewerage,Low,Gomti Nagar,26.856889,81.005743,Sewerage-5,train,True
SYN-02955,Sewer ka pani bahar aa raha hai near Aliganj; minor inconvenience with no immediate danger.,Sewerage,Low,Aliganj,26.897112,80.94309,Sewerage-5,train,True
SYN-02956,Sewer ka pani bahar aa raha hai near Alambagh; minor inconvenience with no immediate danger.,Sewerage,Low,Alambagh,26.812154,80.901782,Sewerage-5,train,True
SYN-02957,Sewer ka pani bahar aa raha hai near Indira Nagar; minor inconvenience with no immediate danger.,Sewerage,Low,Indira Nagar,26.883686,80.99335,Sewerage-5,train,True
SYN-02958,Sewer ka pani bahar aa raha hai near Chowk; minor inconvenience with no immediate danger.,Sewerage,Low,Chowk,26.860047,80.911778,Sewerage-5,train,True
SYN-02959,Sewer ka pani bahar aa raha hai near Hazratganj; routine maintenance requested.,Sewerage,Low,Hazratganj,26.845971,80.94662,Sewerage-5,train,True
SYN-02960,Sewer ka pani bahar aa raha hai near Gomti Nagar; routine maintenance requested.,Sewerage,Low,Gomti Nagar,26.859774,81.005634,Sewerage-5,train,True
SYN-02961,Sewer ka pani bahar aa raha hai near Aliganj; routine maintenance requested.,Sewerage,Low,Aliganj,26.897444,80.943592,Sewerage-5,train,True
SYN-02962,Sewer ka pani bahar aa raha hai near Alambagh; routine maintenance requested.,Sewerage,Low,Alambagh,26.813415,80.901479,Sewerage-5,train,True
SYN-02963,Sewer ka pani bahar aa raha hai near Indira Nagar; routine maintenance requested.,Sewerage,Low,Indira Nagar,26.882491,80.994139,Sewerage-5,train,True
SYN-02964,Sewer ka pani bahar aa raha hai near Chowk; routine maintenance requested.,Sewerage,Low,Chowk,26.859405,80.91491,Sewerage-5,train,True
SYN-02965,Sewer ka pani bahar aa raha hai near Hazratganj; small issue and access remains open.,Sewerage,Low,Hazratganj,26.848197,80.94455,Sewerage-5,train,True
SYN-02966,Sewer ka pani bahar aa raha hai near Gomti Nagar; small issue and access remains open.,Sewerage,Low,Gomti Nagar,26.858911,81.003777,Sewerage-5,train,True
SYN-02967,Sewer ka pani bahar aa raha hai near Aliganj; small issue and access remains open.,Sewerage,Low,Aliganj,26.89997,80.946215,Sewerage-5,train,True
SYN-02968,Sewer ka pani bahar aa raha hai near Alambagh; small issue and access remains open.,Sewerage,Low,Alambagh,26.811155,80.903223,Sewerage-5,train,True
SYN-02969,Sewer ka pani bahar aa raha hai near Indira Nagar; small issue and access remains open.,Sewerage,Low,Indira Nagar,26.884881,80.994695,Sewerage-5,train,True
SYN-02970,Sewer ka pani bahar aa raha hai near Chowk; small issue and access remains open.,Sewerage,Low,Chowk,26.861586,80.911558,Sewerage-5,train,True
SYN-02971,Sewer ka pani bahar aa raha hai near Hazratganj; halki dikkat hai.,Sewerage,Low,Hazratganj,26.847049,80.944544,Sewerage-5,train,True
SYN-02972,Sewer ka pani bahar aa raha hai near Gomti Nagar; halki dikkat hai.,Sewerage,Low,Gomti Nagar,26.856831,81.003898,Sewerage-5,train,True
SYN-02973,Sewer ka pani bahar aa raha hai near Aliganj; halki dikkat hai.,Sewerage,Low,Aliganj,26.89947,80.946947,Sewerage-5,train,True
SYN-02974,Sewer ka pani bahar aa raha hai near Alambagh; halki dikkat hai.,Sewerage,Low,Alambagh,26.810264,80.90384,Sewerage-5,train,True
SYN-02975,Sewer ka pani bahar aa raha hai near Indira Nagar; halki dikkat hai.,Sewerage,Low,Indira Nagar,26.884024,80.993354,Sewerage-5,train,True
SYN-02976,Sewer ka pani bahar aa raha hai near Chowk; halki dikkat hai.,Sewerage,Low,Chowk,26.859638,80.914658,Sewerage-5,train,True
SYN-02977,Sewer ka pani bahar aa raha hai near Hazratganj; affecting several households for two days.,Sewerage,Medium,Hazratganj,26.846358,80.946423,Sewerage-5,train,True
SYN-02978,Sewer ka pani bahar aa raha hai near Gomti Nagar; affecting several households for two days.,Sewerage,Medium,Gomti Nagar,26.858841,81.005021,Sewerage-5,train,True
SYN-02979,Sewer ka pani bahar aa raha hai near Aliganj; affecting several households for two days.,Sewerage,Medium,Aliganj,26.896548,80.943744,Sewerage-5,train,True
SYN-02980,Sewer ka pani bahar aa raha hai near Alambagh; affecting several households for two days.,Sewerage,Medium,Alambagh,26.811527,80.902215,Sewerage-5,train,True
SYN-02981,Sewer ka pani bahar aa raha hai near Indira Nagar; affecting several households for two days.,Sewerage,Medium,Indira Nagar,26.881169,80.996305,Sewerage-5,train,True
SYN-02982,Sewer ka pani bahar aa raha hai near Chowk; affecting several households for two days.,Sewerage,Medium,Chowk,26.861338,80.912216,Sewerage-5,train,True
SYN-02983,Sewer ka pani bahar aa raha hai near Hazratganj; repeated problem disrupting daily use.,Sewerage,Medium,Hazratganj,26.846937,80.946054,Sewerage-5,train,True
SYN-02984,Sewer ka pani bahar aa raha hai near Gomti Nagar; repeated problem disrupting daily use.,Sewerage,Medium,Gomti Nagar,26.856107,81.00201,Sewerage-5,train,True
SYN-02985,Sewer ka pani bahar aa raha hai near Aliganj; repeated problem disrupting daily use.,Sewerage,Medium,Aliganj,26.897051,80.946824,Sewerage-5,train,True
SYN-02986,Sewer ka pani bahar aa raha hai near Alambagh; repeated problem disrupting daily use.,Sewerage,Medium,Alambagh,26.813337,80.90189,Sewerage-5,train,True
SYN-02987,Sewer ka pani bahar aa raha hai near Indira Nagar; repeated problem disrupting daily use.,Sewerage,Medium,Indira Nagar,26.883615,80.996571,Sewerage-5,train,True
SYN-02988,Sewer ka pani bahar aa raha hai near Chowk; repeated problem disrupting daily use.,Sewerage,Medium,Chowk,26.859669,80.912968,Sewerage-5,train,True
SYN-02989,Sewer ka pani bahar aa raha hai near Hazratganj; residents have difficulty using this lane.,Sewerage,Medium,Hazratganj,26.847451,80.945179,Sewerage-5,train,True
SYN-02990,Sewer ka pani bahar aa raha hai near Gomti Nagar; residents have difficulty using this lane.,Sewerage,Medium,Gomti Nagar,26.856477,81.003109,Sewerage-5,train,True
SYN-02991,Sewer ka pani bahar aa raha hai near Aliganj; residents have difficulty using this lane.,Sewerage,Medium,Aliganj,26.899977,80.943267,Sewerage-5,train,True
SYN-02992,Sewer ka pani bahar aa raha hai near Alambagh; residents have difficulty using this lane.,Sewerage,Medium,Alambagh,26.812982,80.902324,Sewerage-5,train,True
SYN-02993,Sewer ka pani bahar aa raha hai near Indira Nagar; residents have difficulty using this lane.,Sewerage,Medium,Indira Nagar,26.883262,80.996473,Sewerage-5,train,True
SYN-02994,Sewer ka pani bahar aa raha hai near Chowk; residents have difficulty using this lane.,Sewerage,Medium,Chowk,26.860512,80.912904,Sewerage-5,train,True
SYN-02995,Sewer ka pani bahar aa raha hai near Hazratganj; do din se pareshani hai.,Sewerage,Medium,Hazratganj,26.847477,80.944678,Sewerage-5,train,True
SYN-02996,Sewer ka pani bahar aa raha hai near Gomti Nagar; do din se pareshani hai.,Sewerage,Medium,Gomti Nagar,26.85805,81.004301,Sewerage-5,train,True
SYN-02997,Sewer ka pani bahar aa raha hai near Aliganj; do din se pareshani hai.,Sewerage,Medium,Aliganj,26.899381,80.943651,Sewerage-5,train,True
SYN-02998,Sewer ka pani bahar aa raha hai near Alambagh; do din se pareshani hai.,Sewerage,Medium,Alambagh,26.810234,80.901279,Sewerage-5,train,True
SYN-02999,Sewer ka pani bahar aa raha hai near Indira Nagar; do din se pareshani hai.,Sewerage,Medium,Indira Nagar,26.884513,80.993542,Sewerage-5,train,True
SYN-03000,Sewer ka pani bahar aa raha hai near Chowk; do din se pareshani hai.,Sewerage,Medium,Chowk,26.858653,80.912091,Sewerage-5,train,True
SYN-03001,Sewer ka pani bahar aa raha hai near Hazratganj; someone is injured and needs urgent help.,Sewerage,High,Hazratganj,26.846378,80.947848,Sewerage-5,train,True
SYN-03002,Sewer ka pani bahar aa raha hai near Gomti Nagar; someone is injured and needs urgent help.,Sewerage,High,Gomti Nagar,26.857424,81.003159,Sewerage-5,train,True
SYN-03003,Sewer ka pani bahar aa raha hai near Aliganj; someone is injured and needs urgent help.,Sewerage,High,Aliganj,26.898118,80.946745,Sewerage-5,train,True
SYN-03004,Sewer ka pani bahar aa raha hai near Alambagh; someone is injured and needs urgent help.,Sewerage,High,Alambagh,26.812055,80.903066,Sewerage-5,train,True
SYN-03005,Sewer ka pani bahar aa raha hai near Indira Nagar; someone is injured and needs urgent help.,Sewerage,High,Indira Nagar,26.881733,80.993378,Sewerage-5,train,True
SYN-03006,Sewer ka pani bahar aa raha hai near Chowk; someone is injured and needs urgent help.,Sewerage,High,Chowk,26.861011,80.913175,Sewerage-5,train,True
SYN-03007,Sewer ka pani bahar aa raha hai near Hazratganj; exposed live wire creates an electrocution risk.,Sewerage,High,Hazratganj,26.84819,80.947507,Sewerage-5,train,True
SYN-03008,Sewer ka pani bahar aa raha hai near Gomti Nagar; exposed live wire creates an electrocution risk.,Sewerage,High,Gomti Nagar,26.85874,81.003204,Sewerage-5,train,True
SYN-03009,Sewer ka pani bahar aa raha hai near Aliganj; exposed live wire creates an electrocution risk.,Sewerage,High,Aliganj,26.898742,80.945753,Sewerage-5,train,True
SYN-03010,Sewer ka pani bahar aa raha hai near Alambagh; exposed live wire creates an electrocution risk.,Sewerage,High,Alambagh,26.810383,80.90232,Sewerage-5,train,True
SYN-03011,Sewer ka pani bahar aa raha hai near Indira Nagar; exposed live wire creates an electrocution risk.,Sewerage,High,Indira Nagar,26.884293,80.993052,Sewerage-5,train,True
SYN-03012,Sewer ka pani bahar aa raha hai near Chowk; exposed live wire creates an electrocution risk.,Sewerage,High,Chowk,26.860073,80.912492,Sewerage-5,train,True
SYN-03013,Sewer ka pani bahar aa raha hai near Hazratganj; contamination is making children sick.,Sewerage,High,Hazratganj,26.84664,80.945561,Sewerage-5,train,True
SYN-03014,Sewer ka pani bahar aa raha hai near Gomti Nagar; contamination is making children sick.,Sewerage,High,Gomti Nagar,26.859643,81.00241,Sewerage-5,train,True
SYN-03015,Sewer ka pani bahar aa raha hai near Aliganj; contamination is making children sick.,Sewerage,High,Aliganj,26.896618,80.943884,Sewerage-5,train,True
SYN-03016,Sewer ka pani bahar aa raha hai near Alambagh; contamination is making children sick.,Sewerage,High,Alambagh,26.810754,80.903588,Sewerage-5,train,True
SYN-03017,Sewer ka pani bahar aa raha hai near Indira Nagar; contamination is making children sick.,Sewerage,High,Indira Nagar,26.883454,80.996326,Sewerage-5,train,True
SYN-03018,Sewer ka pani bahar aa raha hai near Chowk; contamination is making children sick.,Sewerage,High,Chowk,26.860103,80.913128,Sewerage-5,train,True
SYN-03019,Sewer ka pani bahar aa raha hai near Hazratganj; ambulance access is blocked.,Sewerage,High,Hazratganj,26.846904,80.947225,Sewerage-5,train,True
SYN-03020,Sewer ka pani bahar aa raha hai near Gomti Nagar; ambulance access is blocked.,Sewerage,High,Gomti Nagar,26.856456,81.003842,Sewerage-5,train,True
SYN-03021,Sewer ka pani bahar aa raha hai near Aliganj; ambulance access is blocked.,Sewerage,High,Aliganj,26.896306,80.946275,Sewerage-5,train,True
SYN-03022,Sewer ka pani bahar aa raha hai near Alambagh; ambulance access is blocked.,Sewerage,High,Alambagh,26.813694,80.901918,Sewerage-5,train,True
SYN-03023,Sewer ka pani bahar aa raha hai near Indira Nagar; ambulance access is blocked.,Sewerage,High,Indira Nagar,26.882246,80.99445,Sewerage-5,train,True
SYN-03024,Sewer ka pani bahar aa raha hai near Chowk; ambulance access is blocked.,Sewerage,High,Chowk,26.861268,80.914559,Sewerage-5,train,True
SYN-03025,सीवर का पानी बाहर आ रहा है near Hazratganj; minor inconvenience with no immediate danger.,Sewerage,Low,Hazratganj,26.847091,80.947254,Sewerage-6,train,True
SYN-03026,सीवर का पानी बाहर आ रहा है near Gomti Nagar; minor inconvenience with no immediate danger.,Sewerage,Low,Gomti Nagar,26.857368,81.00484,Sewerage-6,train,True
SYN-03027,सीवर का पानी बाहर आ रहा है near Aliganj; minor inconvenience with no immediate danger.,Sewerage,Low,Aliganj,26.896115,80.946258,Sewerage-6,train,True
SYN-03028,सीवर का पानी बाहर आ रहा है near Alambagh; minor inconvenience with no immediate danger.,Sewerage,Low,Alambagh,26.810889,80.903427,Sewerage-6,train,True
SYN-03029,सीवर का पानी बाहर आ रहा है near Indira Nagar; minor inconvenience with no immediate danger.,Sewerage,Low,Indira Nagar,26.881569,80.993906,Sewerage-6,train,True
SYN-03030,सीवर का पानी बाहर आ रहा है near Chowk; minor inconvenience with no immediate danger.,Sewerage,Low,Chowk,26.858501,80.911521,Sewerage-6,train,True
SYN-03031,सीवर का पानी बाहर आ रहा है near Hazratganj; routine maintenance requested.,Sewerage,Low,Hazratganj,26.845014,80.946963,Sewerage-6,train,True
SYN-03032,सीवर का पानी बाहर आ रहा है near Gomti Nagar; routine maintenance requested.,Sewerage,Low,Gomti Nagar,26.859136,81.002311,Sewerage-6,train,True
SYN-03033,सीवर का पानी बाहर आ रहा है near Aliganj; routine maintenance requested.,Sewerage,Low,Aliganj,26.899099,80.946029,Sewerage-6,train,True
SYN-03034,सीवर का पानी बाहर आ रहा है near Alambagh; routine maintenance requested.,Sewerage,Low,Alambagh,26.81017,80.900431,Sewerage-6,train,True
SYN-03035,सीवर का पानी बाहर आ रहा है near Indira Nagar; routine maintenance requested.,Sewerage,Low,Indira Nagar,26.884172,80.995054,Sewerage-6,train,True
SYN-03036,सीवर का पानी बाहर आ रहा है near Chowk; routine maintenance requested.,Sewerage,Low,Chowk,26.858237,80.911476,Sewerage-6,train,True
SYN-03037,सीवर का पानी बाहर आ रहा है near Hazratganj; small issue and access remains open.,Sewerage,Low,Hazratganj,26.845712,80.944465,Sewerage-6,train,True
SYN-03038,सीवर का पानी बाहर आ रहा है near Gomti Nagar; small issue and access remains open.,Sewerage,Low,Gomti Nagar,26.85867,81.005018,Sewerage-6,train,True
SYN-03039,सीवर का पानी बाहर आ रहा है near Aliganj; small issue and access remains open.,Sewerage,Low,Aliganj,26.899129,80.94668,Sewerage-6,train,True
SYN-03040,सीवर का पानी बाहर आ रहा है near Alambagh; small issue and access remains open.,Sewerage,Low,Alambagh,26.810822,80.903605,Sewerage-6,train,True
SYN-03041,सीवर का पानी बाहर आ रहा है near Indira Nagar; small issue and access remains open.,Sewerage,Low,Indira Nagar,26.881739,80.994406,Sewerage-6,train,True
SYN-03042,सीवर का पानी बाहर आ रहा है near Chowk; small issue and access remains open.,Sewerage,Low,Chowk,26.858363,80.914383,Sewerage-6,train,True
SYN-03043,सीवर का पानी बाहर आ रहा है near Hazratganj; halki dikkat hai.,Sewerage,Low,Hazratganj,26.848467,80.947995,Sewerage-6,train,True
SYN-03044,सीवर का पानी बाहर आ रहा है near Gomti Nagar; halki dikkat hai.,Sewerage,Low,Gomti Nagar,26.857391,81.002642,Sewerage-6,train,True
SYN-03045,सीवर का पानी बाहर आ रहा है near Aliganj; halki dikkat hai.,Sewerage,Low,Aliganj,26.898003,80.945914,Sewerage-6,train,True
SYN-03046,सीवर का पानी बाहर आ रहा है near Alambagh; halki dikkat hai.,Sewerage,Low,Alambagh,26.810967,80.902281,Sewerage-6,train,True
SYN-03047,सीवर का पानी बाहर आ रहा है near Indira Nagar; halki dikkat hai.,Sewerage,Low,Indira Nagar,26.881396,80.995313,Sewerage-6,train,True
SYN-03048,सीवर का पानी बाहर आ रहा है near Chowk; halki dikkat hai.,Sewerage,Low,Chowk,26.858056,80.911868,Sewerage-6,train,True
SYN-03049,सीवर का पानी बाहर आ रहा है near Hazratganj; affecting several households for two days.,Sewerage,Medium,Hazratganj,26.845466,80.945327,Sewerage-6,train,True
SYN-03050,सीवर का पानी बाहर आ रहा है near Gomti Nagar; affecting several households for two days.,Sewerage,Medium,Gomti Nagar,26.859607,81.004149,Sewerage-6,train,True
SYN-03051,सीवर का पानी बाहर आ रहा है near Aliganj; affecting several households for two days.,Sewerage,Medium,Aliganj,26.899894,80.943395,Sewerage-6,train,True
SYN-03052,सीवर का पानी बाहर आ रहा है near Alambagh; affecting several households for two days.,Sewerage,Medium,Alambagh,26.810856,80.902017,Sewerage-6,train,True
SYN-03053,सीवर का पानी बाहर आ रहा है near Indira Nagar; affecting several households for two days.,Sewerage,Medium,Indira Nagar,26.883831,80.994466,Sewerage-6,train,True
SYN-03054,सीवर का पानी बाहर आ रहा है near Chowk; affecting several households for two days.,Sewerage,Medium,Chowk,26.860358,80.912759,Sewerage-6,train,True
SYN-03055,सीवर का पानी बाहर आ रहा है near Hazratganj; repeated problem disrupting daily use.,Sewerage,Medium,Hazratganj,26.848531,80.944923,Sewerage-6,train,True
SYN-03056,सीवर का पानी बाहर आ रहा है near Gomti Nagar; repeated problem disrupting daily use.,Sewerage,Medium,Gomti Nagar,26.857419,81.003518,Sewerage-6,train,True
SYN-03057,सीवर का पानी बाहर आ रहा है near Aliganj; repeated problem disrupting daily use.,Sewerage,Medium,Aliganj,26.896857,80.94391,Sewerage-6,train,True
SYN-03058,सीवर का पानी बाहर आ रहा है near Alambagh; repeated problem disrupting daily use.,Sewerage,Medium,Alambagh,26.810451,80.903938,Sewerage-6,train,True
SYN-03059,सीवर का पानी बाहर आ रहा है near Indira Nagar; repeated problem disrupting daily use.,Sewerage,Medium,Indira Nagar,26.881494,80.993441,Sewerage-6,train,True
SYN-03060,सीवर का पानी बाहर आ रहा है near Chowk; repeated problem disrupting daily use.,Sewerage,Medium,Chowk,26.858544,80.914049,Sewerage-6,train,True
SYN-03061,सीवर का पानी बाहर आ रहा है near Hazratganj; residents have difficulty using this lane.,Sewerage,Medium,Hazratganj,26.847519,80.946429,Sewerage-6,train,True
SYN-03062,सीवर का पानी बाहर आ रहा है near Gomti Nagar; residents have difficulty using this lane.,Sewerage,Medium,Gomti Nagar,26.856162,81.003312,Sewerage-6,train,True
SYN-03063,सीवर का पानी बाहर आ रहा है near Aliganj; residents have difficulty using this lane.,Sewerage,Medium,Aliganj,26.896463,80.944134,Sewerage-6,train,True
SYN-03064,सीवर का पानी बाहर आ रहा है near Alambagh; residents have difficulty using this lane.,Sewerage,Medium,Alambagh,26.812402,80.901248,Sewerage-6,train,True
SYN-03065,सीवर का पानी बाहर आ रहा है near Indira Nagar; residents have difficulty using this lane.,Sewerage,Medium,Indira Nagar,26.884905,80.994776,Sewerage-6,train,True
SYN-03066,सीवर का पानी बाहर आ रहा है near Chowk; residents have difficulty using this lane.,Sewerage,Medium,Chowk,26.860216,80.912162,Sewerage-6,train,True
SYN-03067,सीवर का पानी बाहर आ रहा है near Hazratganj; do din se pareshani hai.,Sewerage,Medium,Hazratganj,26.848121,80.944955,Sewerage-6,train,True
SYN-03068,सीवर का पानी बाहर आ रहा है near Gomti Nagar; do din se pareshani hai.,Sewerage,Medium,Gomti Nagar,26.856278,81.005364,Sewerage-6,train,True
SYN-03069,सीवर का पानी बाहर आ रहा है near Aliganj; do din se pareshani hai.,Sewerage,Medium,Aliganj,26.897903,80.945717,Sewerage-6,train,True
SYN-03070,सीवर का पानी बाहर आ रहा है near Alambagh; do din se pareshani hai.,Sewerage,Medium,Alambagh,26.810717,80.903995,Sewerage-6,train,True
SYN-03071,सीवर का पानी बाहर आ रहा है near Indira Nagar; do din se pareshani hai.,Sewerage,Medium,Indira Nagar,26.882967,80.993421,Sewerage-6,train,True
SYN-03072,सीवर का पानी बाहर आ रहा है near Chowk; do din se pareshani hai.,Sewerage,Medium,Chowk,26.859752,80.913634,Sewerage-6,train,True
SYN-03073,सीवर का पानी बाहर आ रहा है near Hazratganj; someone is injured and needs urgent help.,Sewerage,High,Hazratganj,26.84504,80.944773,Sewerage-6,train,True
SYN-03074,सीवर का पानी बाहर आ रहा है near Gomti Nagar; someone is injured and needs urgent help.,Sewerage,High,Gomti Nagar,26.857602,81.004362,Sewerage-6,train,True
SYN-03075,सीवर का पानी बाहर आ रहा है near Aliganj; someone is injured and needs urgent help.,Sewerage,High,Aliganj,26.896407,80.946701,Sewerage-6,train,True
SYN-03076,सीवर का पानी बाहर आ रहा है near Alambagh; someone is injured and needs urgent help.,Sewerage,High,Alambagh,26.813911,80.900259,Sewerage-6,train,True
SYN-03077,सीवर का पानी बाहर आ रहा है near Indira Nagar; someone is injured and needs urgent help.,Sewerage,High,Indira Nagar,26.884901,80.994355,Sewerage-6,train,True
SYN-03078,सीवर का पानी बाहर आ रहा है near Chowk; someone is injured and needs urgent help.,Sewerage,High,Chowk,26.86038,80.914963,Sewerage-6,train,True
SYN-03079,सीवर का पानी बाहर आ रहा है near Hazratganj; exposed live wire creates an electrocution risk.,Sewerage,High,Hazratganj,26.845191,80.947552,Sewerage-6,train,True
SYN-03080,सीवर का पानी बाहर आ रहा है near Gomti Nagar; exposed live wire creates an electrocution risk.,Sewerage,High,Gomti Nagar,26.858901,81.003114,Sewerage-6,train,True
SYN-03081,सीवर का पानी बाहर आ रहा है near Aliganj; exposed live wire creates an electrocution risk.,Sewerage,High,Aliganj,26.898854,80.945328,Sewerage-6,train,True
SYN-03082,सीवर का पानी बाहर आ रहा है near Alambagh; exposed live wire creates an electrocution risk.,Sewerage,High,Alambagh,26.811092,80.903158,Sewerage-6,train,True
SYN-03083,सीवर का पानी बाहर आ रहा है near Indira Nagar; exposed live wire creates an electrocution risk.,Sewerage,High,Indira Nagar,26.883575,80.994601,Sewerage-6,train,True
SYN-03084,सीवर का पानी बाहर आ रहा है near Chowk; exposed live wire creates an electrocution risk.,Sewerage,High,Chowk,26.859903,80.913413,Sewerage-6,train,True
SYN-03085,सीवर का पानी बाहर आ रहा है near Hazratganj; contamination is making children sick.,Sewerage,High,Hazratganj,26.846318,80.946138,Sewerage-6,train,True
SYN-03086,सीवर का पानी बाहर आ रहा है near Gomti Nagar; contamination is making children sick.,Sewerage,High,Gomti Nagar,26.857116,81.005072,Sewerage-6,train,True
SYN-03087,सीवर का पानी बाहर आ रहा है near Aliganj; contamination is making children sick.,Sewerage,High,Aliganj,26.896432,80.944003,Sewerage-6,train,True
SYN-03088,सीवर का पानी बाहर आ रहा है near Alambagh; contamination is making children sick.,Sewerage,High,Alambagh,26.811989,80.902513,Sewerage-6,train,True
SYN-03089,सीवर का पानी बाहर आ रहा है near Indira Nagar; contamination is making children sick.,Sewerage,High,Indira Nagar,26.881538,80.993398,Sewerage-6,train,True
SYN-03090,सीवर का पानी बाहर आ रहा है near Chowk; contamination is making children sick.,Sewerage,High,Chowk,26.858211,80.911273,Sewerage-6,train,True
SYN-03091,सीवर का पानी बाहर आ रहा है near Hazratganj; ambulance access is blocked.,Sewerage,High,Hazratganj,26.847412,80.948088,Sewerage-6,train,True
SYN-03092,सीवर का पानी बाहर आ रहा है near Gomti Nagar; ambulance access is blocked.,Sewerage,High,Gomti Nagar,26.857531,81.004717,Sewerage-6,train,True
SYN-03093,सीवर का पानी बाहर आ रहा है near Aliganj; ambulance access is blocked.,Sewerage,High,Aliganj,26.896611,80.945488,Sewerage-6,train,True
SYN-03094,सीवर का पानी बाहर आ रहा है near Alambagh; ambulance access is blocked.,Sewerage,High,Alambagh,26.810385,80.900306,Sewerage-6,train,True
SYN-03095,सीवर का पानी बाहर आ रहा है near Indira Nagar; ambulance access is blocked.,Sewerage,High,Indira Nagar,26.884006,80.99607,Sewerage-6,train,True
SYN-03096,सीवर का पानी बाहर आ रहा है near Chowk; ambulance access is blocked.,Sewerage,High,Chowk,26.861171,80.911808,Sewerage-6,train,True
SYN-03097,Manhole is overflowing with sewage near Hazratganj; minor inconvenience with no immediate danger.,Sewerage,Low,Hazratganj,26.847348,80.946161,Sewerage-7,train,True
SYN-03098,Manhole is overflowing with sewage near Gomti Nagar; minor inconvenience with no immediate danger.,Sewerage,Low,Gomti Nagar,26.857047,81.003374,Sewerage-7,train,True
SYN-03099,Manhole is overflowing with sewage near Aliganj; minor inconvenience with no immediate danger.,Sewerage,Low,Aliganj,26.899439,80.945186,Sewerage-7,train,True
SYN-03100,Manhole is overflowing with sewage near Alambagh; minor inconvenience with no immediate danger.,Sewerage,Low,Alambagh,26.81381,80.900126,Sewerage-7,train,True
SYN-03101,Manhole is overflowing with sewage near Indira Nagar; minor inconvenience with no immediate danger.,Sewerage,Low,Indira Nagar,26.882722,80.99666,Sewerage-7,train,True
SYN-03102,Manhole is overflowing with sewage near Chowk; minor inconvenience with no immediate danger.,Sewerage,Low,Chowk,26.859535,80.912258,Sewerage-7,train,True
SYN-03103,Manhole is overflowing with sewage near Hazratganj; routine maintenance requested.,Sewerage,Low,Hazratganj,26.846205,80.946039,Sewerage-7,train,True
SYN-03104,Manhole is overflowing with sewage near Gomti Nagar; routine maintenance requested.,Sewerage,Low,Gomti Nagar,26.856131,81.004227,Sewerage-7,train,True
SYN-03105,Manhole is overflowing with sewage near Aliganj; routine maintenance requested.,Sewerage,Low,Aliganj,26.899441,80.944212,Sewerage-7,train,True
SYN-03106,Manhole is overflowing with sewage near Alambagh; routine maintenance requested.,Sewerage,Low,Alambagh,26.812824,80.901966,Sewerage-7,train,True
SYN-03107,Manhole is overflowing with sewage near Indira Nagar; routine maintenance requested.,Sewerage,Low,Indira Nagar,26.881538,80.995863,Sewerage-7,train,True
SYN-03108,Manhole is overflowing with sewage near Chowk; routine maintenance requested.,Sewerage,Low,Chowk,26.85995,80.911438,Sewerage-7,train,True
SYN-03109,Manhole is overflowing with sewage near Hazratganj; small issue and access remains open.,Sewerage,Low,Hazratganj,26.8474,80.94684,Sewerage-7,train,True
SYN-03110,Manhole is overflowing with sewage near Gomti Nagar; small issue and access remains open.,Sewerage,Low,Gomti Nagar,26.858741,81.004289,Sewerage-7,train,True
SYN-03111,Manhole is overflowing with sewage near Aliganj; small issue and access remains open.,Sewerage,Low,Aliganj,26.897904,80.946417,Sewerage-7,train,True
SYN-03112,Manhole is overflowing with sewage near Alambagh; small issue and access remains open.,Sewerage,Low,Alambagh,26.812027,80.901566,Sewerage-7,train,True
SYN-03113,Manhole is overflowing with sewage near Indira Nagar; small issue and access remains open.,Sewerage,Low,Indira Nagar,26.882979,80.996883,Sewerage-7,train,True
SYN-03114,Manhole is overflowing with sewage near Chowk; small issue and access remains open.,Sewerage,Low,Chowk,26.860468,80.912411,Sewerage-7,train,True
SYN-03115,Manhole is overflowing with sewage near Hazratganj; halki dikkat hai.,Sewerage,Low,Hazratganj,26.848611,80.945482,Sewerage-7,train,True
SYN-03116,Manhole is overflowing with sewage near Gomti Nagar; halki dikkat hai.,Sewerage,Low,Gomti Nagar,26.856113,81.00218,Sewerage-7,train,True
SYN-03117,Manhole is overflowing with sewage near Aliganj; halki dikkat hai.,Sewerage,Low,Aliganj,26.899348,80.944396,Sewerage-7,train,True
SYN-03118,Manhole is overflowing with sewage near Alambagh; halki dikkat hai.,Sewerage,Low,Alambagh,26.812968,80.900108,Sewerage-7,train,True
SYN-03119,Manhole is overflowing with sewage near Indira Nagar; halki dikkat hai.,Sewerage,Low,Indira Nagar,26.884565,80.994365,Sewerage-7,train,True
SYN-03120,Manhole is overflowing with sewage near Chowk; halki dikkat hai.,Sewerage,Low,Chowk,26.858389,80.912381,Sewerage-7,train,True
SYN-03121,Manhole is overflowing with sewage near Hazratganj; affecting several households for two days.,Sewerage,Medium,Hazratganj,26.846129,80.945605,Sewerage-7,train,True
SYN-03122,Manhole is overflowing with sewage near Gomti Nagar; affecting several households for two days.,Sewerage,Medium,Gomti Nagar,26.858645,81.00299,Sewerage-7,train,True
SYN-03123,Manhole is overflowing with sewage near Aliganj; affecting several households for two days.,Sewerage,Medium,Aliganj,26.898592,80.94537,Sewerage-7,train,True
SYN-03124,Manhole is overflowing with sewage near Alambagh; affecting several households for two days.,Sewerage,Medium,Alambagh,26.813642,80.900262,Sewerage-7,train,True
SYN-03125,Manhole is overflowing with sewage near Indira Nagar; affecting several households for two days.,Sewerage,Medium,Indira Nagar,26.88222,80.99435,Sewerage-7,train,True
SYN-03126,Manhole is overflowing with sewage near Chowk; affecting several households for two days.,Sewerage,Medium,Chowk,26.858079,80.912304,Sewerage-7,train,True
SYN-03127,Manhole is overflowing with sewage near Hazratganj; repeated problem disrupting daily use.,Sewerage,Medium,Hazratganj,26.846544,80.947653,Sewerage-7,train,True
SYN-03128,Manhole is overflowing with sewage near Gomti Nagar; repeated problem disrupting daily use.,Sewerage,Medium,Gomti Nagar,26.858272,81.005606,Sewerage-7,train,True
SYN-03129,Manhole is overflowing with sewage near Aliganj; repeated problem disrupting daily use.,Sewerage,Medium,Aliganj,26.897066,80.945784,Sewerage-7,train,True
SYN-03130,Manhole is overflowing with sewage near Alambagh; repeated problem disrupting daily use.,Sewerage,Medium,Alambagh,26.812352,80.903943,Sewerage-7,train,True
SYN-03131,Manhole is overflowing with sewage near Indira Nagar; repeated problem disrupting daily use.,Sewerage,Medium,Indira Nagar,26.882511,80.994561,Sewerage-7,train,True
SYN-03132,Manhole is overflowing with sewage near Chowk; repeated problem disrupting daily use.,Sewerage,Medium,Chowk,26.86029,80.914233,Sewerage-7,train,True
SYN-03133,Manhole is overflowing with sewage near Hazratganj; residents have difficulty using this lane.,Sewerage,Medium,Hazratganj,26.8451,80.9469,Sewerage-7,train,True
SYN-03134,Manhole is overflowing with sewage near Gomti Nagar; residents have difficulty using this lane.,Sewerage,Medium,Gomti Nagar,26.857344,81.004011,Sewerage-7,train,True
SYN-03135,Manhole is overflowing with sewage near Aliganj; residents have difficulty using this lane.,Sewerage,Medium,Aliganj,26.89906,80.944358,Sewerage-7,train,True
SYN-03136,Manhole is overflowing with sewage near Alambagh; residents have difficulty using this lane.,Sewerage,Medium,Alambagh,26.812459,80.901453,Sewerage-7,train,True
SYN-03137,Manhole is overflowing with sewage near Indira Nagar; residents have difficulty using this lane.,Sewerage,Medium,Indira Nagar,26.882744,80.994988,Sewerage-7,train,True
SYN-03138,Manhole is overflowing with sewage near Chowk; residents have difficulty using this lane.,Sewerage,Medium,Chowk,26.861389,80.914149,Sewerage-7,train,True
SYN-03139,Manhole is overflowing with sewage near Hazratganj; do din se pareshani hai.,Sewerage,Medium,Hazratganj,26.848062,80.946343,Sewerage-7,train,True
SYN-03140,Manhole is overflowing with sewage near Gomti Nagar; do din se pareshani hai.,Sewerage,Medium,Gomti Nagar,26.857149,81.00219,Sewerage-7,train,True
SYN-03141,Manhole is overflowing with sewage near Aliganj; do din se pareshani hai.,Sewerage,Medium,Aliganj,26.899985,80.944608,Sewerage-7,train,True
SYN-03142,Manhole is overflowing with sewage near Alambagh; do din se pareshani hai.,Sewerage,Medium,Alambagh,26.810904,80.902972,Sewerage-7,train,True
SYN-03143,Manhole is overflowing with sewage near Indira Nagar; do din se pareshani hai.,Sewerage,Medium,Indira Nagar,26.881368,80.996377,Sewerage-7,train,True
SYN-03144,Manhole is overflowing with sewage near Chowk; do din se pareshani hai.,Sewerage,Medium,Chowk,26.858379,80.912347,Sewerage-7,train,True
SYN-03145,Manhole is overflowing with sewage near Hazratganj; someone is injured and needs urgent help.,Sewerage,High,Hazratganj,26.844969,80.947405,Sewerage-7,train,True
SYN-03146,Manhole is overflowing with sewage near Gomti Nagar; someone is injured and needs urgent help.,Sewerage,High,Gomti Nagar,26.857901,81.002839,Sewerage-7,train,True
SYN-03147,Manhole is overflowing with sewage near Aliganj; someone is injured and needs urgent help.,Sewerage,High,Aliganj,26.899183,80.945606,Sewerage-7,train,True
SYN-03148,Manhole is overflowing with sewage near Alambagh; someone is injured and needs urgent help.,Sewerage,High,Alambagh,26.811207,80.903217,Sewerage-7,train,True
SYN-03149,Manhole is overflowing with sewage near Indira Nagar; someone is injured and needs urgent help.,Sewerage,High,Indira Nagar,26.882732,80.99516,Sewerage-7,train,True
SYN-03150,Manhole is overflowing with sewage near Chowk; someone is injured and needs urgent help.,Sewerage,High,Chowk,26.8588,80.912609,Sewerage-7,train,True
SYN-03151,Manhole is overflowing with sewage near Hazratganj; exposed live wire creates an electrocution risk.,Sewerage,High,Hazratganj,26.8472,80.946013,Sewerage-7,train,True
SYN-03152,Manhole is overflowing with sewage near Gomti Nagar; exposed live wire creates an electrocution risk.,Sewerage,High,Gomti Nagar,26.859054,81.002722,Sewerage-7,train,True
SYN-03153,Manhole is overflowing with sewage near Aliganj; exposed live wire creates an electrocution risk.,Sewerage,High,Aliganj,26.896074,80.945813,Sewerage-7,train,True
SYN-03154,Manhole is overflowing with sewage near Alambagh; exposed live wire creates an electrocution risk.,Sewerage,High,Alambagh,26.813451,80.902307,Sewerage-7,train,True
SYN-03155,Manhole is overflowing with sewage near Indira Nagar; exposed live wire creates an electrocution risk.,Sewerage,High,Indira Nagar,26.881852,80.996848,Sewerage-7,train,True
SYN-03156,Manhole is overflowing with sewage near Chowk; exposed live wire creates an electrocution risk.,Sewerage,High,Chowk,26.860969,80.912869,Sewerage-7,train,True
SYN-03157,Manhole is overflowing with sewage near Hazratganj; contamination is making children sick.,Sewerage,High,Hazratganj,26.848449,80.946331,Sewerage-7,train,True
SYN-03158,Manhole is overflowing with sewage near Gomti Nagar; contamination is making children sick.,Sewerage,High,Gomti Nagar,26.858458,81.005076,Sewerage-7,train,True
SYN-03159,Manhole is overflowing with sewage near Aliganj; contamination is making children sick.,Sewerage,High,Aliganj,26.897735,80.945264,Sewerage-7,train,True
SYN-03160,Manhole is overflowing with sewage near Alambagh; contamination is making children sick.,Sewerage,High,Alambagh,26.812507,80.902089,Sewerage-7,train,True
SYN-03161,Manhole is overflowing with sewage near Indira Nagar; contamination is making children sick.,Sewerage,High,Indira Nagar,26.882457,80.993591,Sewerage-7,train,True
SYN-03162,Manhole is overflowing with sewage near Chowk; contamination is making children sick.,Sewerage,High,Chowk,26.858602,80.913741,Sewerage-7,train,True
SYN-03163,Manhole is overflowing with sewage near Hazratganj; ambulance access is blocked.,Sewerage,High,Hazratganj,26.845901,80.945942,Sewerage-7,train,True
SYN-03164,Manhole is overflowing with sewage near Gomti Nagar; ambulance access is blocked.,Sewerage,High,Gomti Nagar,26.857275,81.005321,Sewerage-7,train,True
SYN-03165,Manhole is overflowing with sewage near Aliganj; ambulance access is blocked.,Sewerage,High,Aliganj,26.896258,80.943814,Sewerage-7,train,True
SYN-03166,Manhole is overflowing with sewage near Alambagh; ambulance access is blocked.,Sewerage,High,Alambagh,26.81165,80.903295,Sewerage-7,train,True
SYN-03167,Manhole is overflowing with sewage near Indira Nagar; ambulance access is blocked.,Sewerage,High,Indira Nagar,26.883584,80.994026,Sewerage-7,train,True
SYN-03168,Manhole is overflowing with sewage near Chowk; ambulance access is blocked.,Sewerage,High,Chowk,26.860405,80.912623,Sewerage-7,train,True
SYN-03169,Sewerage network needs cleaning near Hazratganj; सामान्य रखरखाव चाहिए.,Sewerage,Low,Hazratganj,26.845154,80.944968,Sewerage-8,validation,True
SYN-03170,Sewerage network needs cleaning near Gomti Nagar; सामान्य रखरखाव चाहिए.,Sewerage,Low,Gomti Nagar,26.856982,81.005309,Sewerage-8,validation,True
SYN-03171,Sewerage network needs cleaning near Aliganj; सामान्य रखरखाव चाहिए.,Sewerage,Low,Aliganj,26.897857,80.945239,Sewerage-8,validation,True
SYN-03172,Sewerage network needs cleaning near Alambagh; सामान्य रखरखाव चाहिए.,Sewerage,Low,Alambagh,26.811745,80.902588,Sewerage-8,validation,True
SYN-03173,Sewerage network needs cleaning near Indira Nagar; सामान्य रखरखाव चाहिए.,Sewerage,Low,Indira Nagar,26.881148,80.993637,Sewerage-8,validation,True
SYN-03174,Sewerage network needs cleaning near Chowk; सामान्य रखरखाव चाहिए.,Sewerage,Low,Chowk,26.858546,80.912034,Sewerage-8,validation,True
SYN-03175,Sewerage network needs cleaning near Hazratganj; दो दिन से परेशानी है.,Sewerage,Medium,Hazratganj,26.847914,80.946835,Sewerage-8,validation,True
SYN-03176,Sewerage network needs cleaning near Gomti Nagar; दो दिन से परेशानी है.,Sewerage,Medium,Gomti Nagar,26.856704,81.00541,Sewerage-8,validation,True
SYN-03177,Sewerage network needs cleaning near Aliganj; दो दिन से परेशानी है.,Sewerage,Medium,Aliganj,26.899855,80.944943,Sewerage-8,validation,True
SYN-03178,Sewerage network needs cleaning near Alambagh; दो दिन से परेशानी है.,Sewerage,Medium,Alambagh,26.81008,80.903438,Sewerage-8,validation,True
SYN-03179,Sewerage network needs cleaning near Indira Nagar; दो दिन से परेशानी है.,Sewerage,Medium,Indira Nagar,26.881336,80.995406,Sewerage-8,validation,True
SYN-03180,Sewerage network needs cleaning near Chowk; दो दिन से परेशानी है.,Sewerage,Medium,Chowk,26.861469,80.914602,Sewerage-8,validation,True
SYN-03181,Sewerage network needs cleaning near Hazratganj; तुरंत खतरा है लोग घायल हैं.,Sewerage,High,Hazratganj,26.846328,80.945654,Sewerage-8,validation,True
SYN-03182,Sewerage network needs cleaning near Gomti Nagar; तुरंत खतरा है लोग घायल हैं.,Sewerage,High,Gomti Nagar,26.85863,81.002361,Sewerage-8,validation,True
SYN-03183,Sewerage network needs cleaning near Aliganj; तुरंत खतरा है लोग घायल हैं.,Sewerage,High,Aliganj,26.899773,80.945897,Sewerage-8,validation,True
SYN-03184,Sewerage network needs cleaning near Alambagh; तुरंत खतरा है लोग घायल हैं.,Sewerage,High,Alambagh,26.810562,80.900448,Sewerage-8,validation,True
SYN-03185,Sewerage network needs cleaning near Indira Nagar; तुरंत खतरा है लोग घायल हैं.,Sewerage,High,Indira Nagar,26.883938,80.996732,Sewerage-8,validation,True
SYN-03186,Sewerage network needs cleaning near Chowk; तुरंत खतरा है लोग घायल हैं.,Sewerage,High,Chowk,26.860088,80.914316,Sewerage-8,validation,True
SYN-03187,Sewer chamber has collapsed near Hazratganj; सामान्य रखरखाव चाहिए.,Sewerage,Low,Hazratganj,26.848499,80.947926,Sewerage-9,validation,True
SYN-03188,Sewer chamber has collapsed near Gomti Nagar; सामान्य रखरखाव चाहिए.,Sewerage,Low,Gomti Nagar,26.857007,81.005538,Sewerage-9,validation,True
SYN-03189,Sewer chamber has collapsed near Aliganj; सामान्य रखरखाव चाहिए.,Sewerage,Low,Aliganj,26.896952,80.943489,Sewerage-9,validation,True
SYN-03190,Sewer chamber has collapsed near Alambagh; सामान्य रखरखाव चाहिए.,Sewerage,Low,Alambagh,26.813227,80.901317,Sewerage-9,validation,True
SYN-03191,Sewer chamber has collapsed near Indira Nagar; सामान्य रखरखाव चाहिए.,Sewerage,Low,Indira Nagar,26.883337,80.99456,Sewerage-9,validation,True
SYN-03192,Sewer chamber has collapsed near Chowk; सामान्य रखरखाव चाहिए.,Sewerage,Low,Chowk,26.860993,80.911944,Sewerage-9,validation,True
SYN-03193,Sewer chamber has collapsed near Hazratganj; दो दिन से परेशानी है.,Sewerage,Medium,Hazratganj,26.846391,80.944777,Sewerage-9,validation,True
SYN-03194,Sewer chamber has collapsed near Gomti Nagar; दो दिन से परेशानी है.,Sewerage,Medium,Gomti Nagar,26.856701,81.00588,Sewerage-9,validation,True
SYN-03195,Sewer chamber has collapsed near Aliganj; दो दिन से परेशानी है.,Sewerage,Medium,Aliganj,26.897758,80.944017,Sewerage-9,validation,True
SYN-03196,Sewer chamber has collapsed near Alambagh; दो दिन से परेशानी है.,Sewerage,Medium,Alambagh,26.812358,80.901961,Sewerage-9,validation,True
SYN-03197,Sewer chamber has collapsed near Indira Nagar; दो दिन से परेशानी है.,Sewerage,Medium,Indira Nagar,26.882499,80.996795,Sewerage-9,validation,True
SYN-03198,Sewer chamber has collapsed near Chowk; दो दिन से परेशानी है.,Sewerage,Medium,Chowk,26.859266,80.912695,Sewerage-9,validation,True
SYN-03199,Sewer chamber has collapsed near Hazratganj; तुरंत खतरा है लोग घायल हैं.,Sewerage,High,Hazratganj,26.847431,80.948053,Sewerage-9,validation,True
SYN-03200,Sewer chamber has collapsed near Gomti Nagar; तुरंत खतरा है लोग घायल हैं.,Sewerage,High,Gomti Nagar,26.859518,81.005748,Sewerage-9,validation,True
SYN-03201,Sewer chamber has collapsed near Aliganj; तुरंत खतरा है लोग घायल हैं.,Sewerage,High,Aliganj,26.897452,80.945863,Sewerage-9,validation,True
SYN-03202,Sewer chamber has collapsed near Alambagh; तुरंत खतरा है लोग घायल हैं.,Sewerage,High,Alambagh,26.813285,80.900084,Sewerage-9,validation,True
SYN-03203,Sewer chamber has collapsed near Indira Nagar; तुरंत खतरा है लोग घायल हैं.,Sewerage,High,Indira Nagar,26.884867,80.995423,Sewerage-9,validation,True
SYN-03204,Sewer chamber has collapsed near Chowk; तुरंत खतरा है लोग घायल हैं.,Sewerage,High,Chowk,26.861366,80.913649,Sewerage-9,validation,True
SYN-03205,Sewer line jam hai near Hazratganj; please schedule a routine inspection.,Sewerage,Low,Hazratganj,26.848463,80.946963,Sewerage-10,test,True
SYN-03206,Sewer line jam hai near Gomti Nagar; please schedule a routine inspection.,Sewerage,Low,Gomti Nagar,26.859155,81.002959,Sewerage-10,test,True
SYN-03207,Sewer line jam hai near Aliganj; please schedule a routine inspection.,Sewerage,Low,Aliganj,26.898211,80.944237,Sewerage-10,test,True
SYN-03208,Sewer line jam hai near Alambagh; please schedule a routine inspection.,Sewerage,Low,Alambagh,26.813834,80.901451,Sewerage-10,test,True
SYN-03209,Sewer line jam hai near Indira Nagar; please schedule a routine inspection.,Sewerage,Low,Indira Nagar,26.884249,80.993488,Sewerage-10,test,True
SYN-03210,Sewer line jam hai near Chowk; please schedule a routine inspection.,Sewerage,Low,Chowk,26.861468,80.914431,Sewerage-10,test,True
SYN-03211,Sewer line jam hai near Hazratganj; daily activities are being disrupted.,Sewerage,Medium,Hazratganj,26.846254,80.947839,Sewerage-10,test,True
SYN-03212,Sewer line jam hai near Gomti Nagar; daily activities are being disrupted.,Sewerage,Medium,Gomti Nagar,26.857572,81.005912,Sewerage-10,test,True
SYN-03213,Sewer line jam hai near Aliganj; daily activities are being disrupted.,Sewerage,Medium,Aliganj,26.897022,80.943361,Sewerage-10,test,True
SYN-03214,Sewer line jam hai near Alambagh; daily activities are being disrupted.,Sewerage,Medium,Alambagh,26.813291,80.900942,Sewerage-10,test,True
SYN-03215,Sewer line jam hai near Indira Nagar; daily activities are being disrupted.,Sewerage,Medium,Indira Nagar,26.881842,80.996561,Sewerage-10,test,True
SYN-03216,Sewer line jam hai near Chowk; daily activities are being disrupted.,Sewerage,Medium,Chowk,26.861664,80.913525,Sewerage-10,test,True
SYN-03217,Sewer line jam hai near Hazratganj; immediate danger to residents.,Sewerage,High,Hazratganj,26.848218,80.947267,Sewerage-10,test,True
SYN-03218,Sewer line jam hai near Gomti Nagar; immediate danger to residents.,Sewerage,High,Gomti Nagar,26.857625,81.002136,Sewerage-10,test,True
SYN-03219,Sewer line jam hai near Aliganj; immediate danger to residents.,Sewerage,High,Aliganj,26.899466,80.946293,Sewerage-10,test,True
SYN-03220,Sewer line jam hai near Alambagh; immediate danger to residents.,Sewerage,High,Alambagh,26.813762,80.901884,Sewerage-10,test,True
SYN-03221,Sewer line jam hai near Indira Nagar; immediate danger to residents.,Sewerage,High,Indira Nagar,26.882652,80.996365,Sewerage-10,test,True
SYN-03222,Sewer line jam hai near Chowk; immediate danger to residents.,Sewerage,High,Chowk,26.86087,80.914507,Sewerage-10,test,True
SYN-03223,सीवर लाइन जाम है near Hazratganj; please schedule a routine inspection.,Sewerage,Low,Hazratganj,26.847981,80.947498,Sewerage-11,test,True
SYN-03224,सीवर लाइन जाम है near Gomti Nagar; please schedule a routine inspection.,Sewerage,Low,Gomti Nagar,26.858794,81.004025,Sewerage-11,test,True
SYN-03225,सीवर लाइन जाम है near Aliganj; please schedule a routine inspection.,Sewerage,Low,Aliganj,26.897407,80.945408,Sewerage-11,test,True
SYN-03226,सीवर लाइन जाम है near Alambagh; please schedule a routine inspection.,Sewerage,Low,Alambagh,26.813254,80.902951,Sewerage-11,test,True
SYN-03227,सीवर लाइन जाम है near Indira Nagar; please schedule a routine inspection.,Sewerage,Low,Indira Nagar,26.882813,80.993109,Sewerage-11,test,True
SYN-03228,सीवर लाइन जाम है near Chowk; please schedule a routine inspection.,Sewerage,Low,Chowk,26.858208,80.913566,Sewerage-11,test,True
SYN-03229,सीवर लाइन जाम है near Hazratganj; daily activities are being disrupted.,Sewerage,Medium,Hazratganj,26.847221,80.947364,Sewerage-11,test,True
SYN-03230,सीवर लाइन जाम है near Gomti Nagar; daily activities are being disrupted.,Sewerage,Medium,Gomti Nagar,26.856544,81.003603,Sewerage-11,test,True
SYN-03231,सीवर लाइन जाम है near Aliganj; daily activities are being disrupted.,Sewerage,Medium,Aliganj,26.898513,80.944255,Sewerage-11,test,True
SYN-03232,सीवर लाइन जाम है near Alambagh; daily activities are being disrupted.,Sewerage,Medium,Alambagh,26.810329,80.900631,Sewerage-11,test,True
SYN-03233,सीवर लाइन जाम है near Indira Nagar; daily activities are being disrupted.,Sewerage,Medium,Indira Nagar,26.883065,80.996879,Sewerage-11,test,True
SYN-03234,सीवर लाइन जाम है near Chowk; daily activities are being disrupted.,Sewerage,Medium,Chowk,26.861322,80.914053,Sewerage-11,test,True
SYN-03235,सीवर लाइन जाम है near Hazratganj; immediate danger to residents.,Sewerage,High,Hazratganj,26.848088,80.946943,Sewerage-11,test,True
SYN-03236,सीवर लाइन जाम है near Gomti Nagar; immediate danger to residents.,Sewerage,High,Gomti Nagar,26.859171,81.003278,Sewerage-11,test,True
SYN-03237,सीवर लाइन जाम है near Aliganj; immediate danger to residents.,Sewerage,High,Aliganj,26.897913,80.945941,Sewerage-11,test,True
SYN-03238,सीवर लाइन जाम है near Alambagh; immediate danger to residents.,Sewerage,High,Alambagh,26.811043,80.90275,Sewerage-11,test,True
SYN-03239,सीवर लाइन जाम है near Indira Nagar; immediate danger to residents.,Sewerage,High,Indira Nagar,26.884307,80.996198,Sewerage-11,test,True
SYN-03240,सीवर लाइन जाम है near Chowk; immediate danger to residents.,Sewerage,High,Chowk,26.858795,80.912658,Sewerage-11,test,True
SYN-03241,Property tax bill is incorrect near Hazratganj; minor inconvenience with no immediate danger.,Other,Low,Hazratganj,26.845428,80.947706,Other-0,train,True
SYN-03242,Property tax bill is incorrect near Gomti Nagar; minor inconvenience with no immediate danger.,Other,Low,Gomti Nagar,26.859779,81.005537,Other-0,train,True
SYN-03243,Property tax bill is incorrect near Aliganj; minor inconvenience with no immediate danger.,Other,Low,Aliganj,26.896898,80.946792,Other-0,train,True
SYN-03244,Property tax bill is incorrect near Alambagh; minor inconvenience with no immediate danger.,Other,Low,Alambagh,26.813692,80.902588,Other-0,train,True
SYN-03245,Property tax bill is incorrect near Indira Nagar; minor inconvenience with no immediate danger.,Other,Low,Indira Nagar,26.883507,80.996627,Other-0,train,True
SYN-03246,Property tax bill is incorrect near Chowk; minor inconvenience with no immediate danger.,Other,Low,Chowk,26.861897,80.911793,Other-0,train,True
SYN-03247,Property tax bill is incorrect near Hazratganj; routine maintenance requested.,Other,Low,Hazratganj,26.847505,80.944875,Other-0,train,True
SYN-03248,Property tax bill is incorrect near Gomti Nagar; routine maintenance requested.,Other,Low,Gomti Nagar,26.857604,81.003716,Other-0,train,True
SYN-03249,Property tax bill is incorrect near Aliganj; routine maintenance requested.,Other,Low,Aliganj,26.897041,80.943356,Other-0,train,True
SYN-03250,Property tax bill is incorrect near Alambagh; routine maintenance requested.,Other,Low,Alambagh,26.811472,80.903789,Other-0,train,True
SYN-03251,Property tax bill is incorrect near Indira Nagar; routine maintenance requested.,Other,Low,Indira Nagar,26.881469,80.995874,Other-0,train,True
SYN-03252,Property tax bill is incorrect near Chowk; routine maintenance requested.,Other,Low,Chowk,26.859741,80.91468,Other-0,train,True
SYN-03253,Property tax bill is incorrect near Hazratganj; small issue and access remains open.,Other,Low,Hazratganj,26.846515,80.946894,Other-0,train,True
SYN-03254,Property tax bill is incorrect near Gomti Nagar; small issue and access remains open.,Other,Low,Gomti Nagar,26.856474,81.004854,Other-0,train,True
SYN-03255,Property tax bill is incorrect near Aliganj; small issue and access remains open.,Other,Low,Aliganj,26.896762,80.946448,Other-0,train,True
SYN-03256,Property tax bill is incorrect near Alambagh; small issue and access remains open.,Other,Low,Alambagh,26.813128,80.901152,Other-0,train,True
SYN-03257,Property tax bill is incorrect near Indira Nagar; small issue and access remains open.,Other,Low,Indira Nagar,26.882977,80.993521,Other-0,train,True
SYN-03258,Property tax bill is incorrect near Chowk; small issue and access remains open.,Other,Low,Chowk,26.861425,80.9134,Other-0,train,True
SYN-03259,Property tax bill is incorrect near Hazratganj; halki dikkat hai.,Other,Low,Hazratganj,26.848681,80.945332,Other-0,train,True
SYN-03260,Property tax bill is incorrect near Gomti Nagar; halki dikkat hai.,Other,Low,Gomti Nagar,26.858709,81.003673,Other-0,train,True
SYN-03261,Property tax bill is incorrect near Aliganj; halki dikkat hai.,Other,Low,Aliganj,26.897634,80.943584,Other-0,train,True
SYN-03262,Property tax bill is incorrect near Alambagh; halki dikkat hai.,Other,Low,Alambagh,26.811161,80.901047,Other-0,train,True
SYN-03263,Property tax bill is incorrect near Indira Nagar; halki dikkat hai.,Other,Low,Indira Nagar,26.883471,80.996629,Other-0,train,True
SYN-03264,Property tax bill is incorrect near Chowk; halki dikkat hai.,Other,Low,Chowk,26.859479,80.913737,Other-0,train,True
SYN-03265,Property tax bill is incorrect near Hazratganj; affecting several households for two days.,Other,Medium,Hazratganj,26.846533,80.944241,Other-0,train,True
SYN-03266,Property tax bill is incorrect near Gomti Nagar; affecting several households for two days.,Other,Medium,Gomti Nagar,26.856533,81.003293,Other-0,train,True
SYN-03267,Property tax bill is incorrect near Aliganj; affecting several households for two days.,Other,Medium,Aliganj,26.898772,80.945747,Other-0,train,True
SYN-03268,Property tax bill is incorrect near Alambagh; affecting several households for two days.,Other,Medium,Alambagh,26.812853,80.902834,Other-0,train,True
SYN-03269,Property tax bill is incorrect near Indira Nagar; affecting several households for two days.,Other,Medium,Indira Nagar,26.883944,80.994025,Other-0,train,True
SYN-03270,Property tax bill is incorrect near Chowk; affecting several households for two days.,Other,Medium,Chowk,26.858381,80.911235,Other-0,train,True
SYN-03271,Property tax bill is incorrect near Hazratganj; repeated problem disrupting daily use.,Other,Medium,Hazratganj,26.846031,80.945139,Other-0,train,True
SYN-03272,Property tax bill is incorrect near Gomti Nagar; repeated problem disrupting daily use.,Other,Medium,Gomti Nagar,26.859633,81.005987,Other-0,train,True
SYN-03273,Property tax bill is incorrect near Aliganj; repeated problem disrupting daily use.,Other,Medium,Aliganj,26.899757,80.946869,Other-0,train,True
SYN-03274,Property tax bill is incorrect near Alambagh; repeated problem disrupting daily use.,Other,Medium,Alambagh,26.812393,80.902993,Other-0,train,True
SYN-03275,Property tax bill is incorrect near Indira Nagar; repeated problem disrupting daily use.,Other,Medium,Indira Nagar,26.881182,80.994015,Other-0,train,True
SYN-03276,Property tax bill is incorrect near Chowk; repeated problem disrupting daily use.,Other,Medium,Chowk,26.860479,80.91221,Other-0,train,True
SYN-03277,Property tax bill is incorrect near Hazratganj; residents have difficulty using this lane.,Other,Medium,Hazratganj,26.846279,80.945684,Other-0,train,True
SYN-03278,Property tax bill is incorrect near Gomti Nagar; residents have difficulty using this lane.,Other,Medium,Gomti Nagar,26.859872,81.004238,Other-0,train,True
SYN-03279,Property tax bill is incorrect near Aliganj; residents have difficulty using this lane.,Other,Medium,Aliganj,26.898322,80.944041,Other-0,train,True
SYN-03280,Property tax bill is incorrect near Alambagh; residents have difficulty using this lane.,Other,Medium,Alambagh,26.812015,80.903721,Other-0,train,True
SYN-03281,Property tax bill is incorrect near Indira Nagar; residents have difficulty using this lane.,Other,Medium,Indira Nagar,26.884512,80.993528,Other-0,train,True
SYN-03282,Property tax bill is incorrect near Chowk; residents have difficulty using this lane.,Other,Medium,Chowk,26.859269,80.913122,Other-0,train,True
SYN-03283,Property tax bill is incorrect near Hazratganj; do din se pareshani hai.,Other,Medium,Hazratganj,26.845267,80.944667,Other-0,train,True
SYN-03284,Property tax bill is incorrect near Gomti Nagar; do din se pareshani hai.,Other,Medium,Gomti Nagar,26.856177,81.002511,Other-0,train,True
SYN-03285,Property tax bill is incorrect near Aliganj; do din se pareshani hai.,Other,Medium,Aliganj,26.899487,80.946339,Other-0,train,True
SYN-03286,Property tax bill is incorrect near Alambagh; do din se pareshani hai.,Other,Medium,Alambagh,26.812991,80.903705,Other-0,train,True
SYN-03287,Property tax bill is incorrect near Indira Nagar; do din se pareshani hai.,Other,Medium,Indira Nagar,26.882132,80.996508,Other-0,train,True
SYN-03288,Property tax bill is incorrect near Chowk; do din se pareshani hai.,Other,Medium,Chowk,26.860452,80.914046,Other-0,train,True
SYN-03289,Property tax bill is incorrect near Hazratganj; someone is injured and needs urgent help.,Other,High,Hazratganj,26.845755,80.945452,Other-0,train,True
SYN-03290,Property tax bill is incorrect near Gomti Nagar; someone is injured and needs urgent help.,Other,High,Gomti Nagar,26.859571,81.003262,Other-0,train,True
SYN-03291,Property tax bill is incorrect near Aliganj; someone is injured and needs urgent help.,Other,High,Aliganj,26.899978,80.946055,Other-0,train,True
SYN-03292,Property tax bill is incorrect near Alambagh; someone is injured and needs urgent help.,Other,High,Alambagh,26.810605,80.903412,Other-0,train,True
SYN-03293,Property tax bill is incorrect near Indira Nagar; someone is injured and needs urgent help.,Other,High,Indira Nagar,26.88363,80.996193,Other-0,train,True
SYN-03294,Property tax bill is incorrect near Chowk; someone is injured and needs urgent help.,Other,High,Chowk,26.858213,80.911594,Other-0,train,True
SYN-03295,Property tax bill is incorrect near Hazratganj; exposed live wire creates an electrocution risk.,Other,High,Hazratganj,26.845619,80.944343,Other-0,train,True
SYN-03296,Property tax bill is incorrect near Gomti Nagar; exposed live wire creates an electrocution risk.,Other,High,Gomti Nagar,26.857041,81.004824,Other-0,train,True
SYN-03297,Property tax bill is incorrect near Aliganj; exposed live wire creates an electrocution risk.,Other,High,Aliganj,26.897746,80.946981,Other-0,train,True
SYN-03298,Property tax bill is incorrect near Alambagh; exposed live wire creates an electrocution risk.,Other,High,Alambagh,26.813709,80.900163,Other-0,train,True
SYN-03299,Property tax bill is incorrect near Indira Nagar; exposed live wire creates an electrocution risk.,Other,High,Indira Nagar,26.882426,80.995836,Other-0,train,True
SYN-03300,Property tax bill is incorrect near Chowk; exposed live wire creates an electrocution risk.,Other,High,Chowk,26.859941,80.912972,Other-0,train,True
SYN-03301,Property tax bill is incorrect near Hazratganj; contamination is making children sick.,Other,High,Hazratganj,26.848083,80.947668,Other-0,train,True
SYN-03302,Property tax bill is incorrect near Gomti Nagar; contamination is making children sick.,Other,High,Gomti Nagar,26.856495,81.002374,Other-0,train,True
SYN-03303,Property tax bill is incorrect near Aliganj; contamination is making children sick.,Other,High,Aliganj,26.899473,80.943723,Other-0,train,True
SYN-03304,Property tax bill is incorrect near Alambagh; contamination is making children sick.,Other,High,Alambagh,26.810673,80.902035,Other-0,train,True
SYN-03305,Property tax bill is incorrect near Indira Nagar; contamination is making children sick.,Other,High,Indira Nagar,26.882091,80.996564,Other-0,train,True
SYN-03306,Property tax bill is incorrect near Chowk; contamination is making children sick.,Other,High,Chowk,26.860343,80.913334,Other-0,train,True
SYN-03307,Property tax bill is incorrect near Hazratganj; ambulance access is blocked.,Other,High,Hazratganj,26.848587,80.946304,Other-0,train,True
SYN-03308,Property tax bill is incorrect near Gomti Nagar; ambulance access is blocked.,Other,High,Gomti Nagar,26.858283,81.003666,Other-0,train,True
SYN-03309,Property tax bill is incorrect near Aliganj; ambulance access is blocked.,Other,High,Aliganj,26.896307,80.946073,Other-0,train,True
SYN-03310,Property tax bill is incorrect near Alambagh; ambulance access is blocked.,Other,High,Alambagh,26.812708,80.903549,Other-0,train,True
SYN-03311,Property tax bill is incorrect near Indira Nagar; ambulance access is blocked.,Other,High,Indira Nagar,26.881104,80.995725,Other-0,train,True
SYN-03312,Property tax bill is incorrect near Chowk; ambulance access is blocked.,Other,High,Chowk,26.860723,80.912577,Other-0,train,True
SYN-03313,Household electricity supply has failed near Hazratganj; minor inconvenience with no immediate danger.,Other,Low,Hazratganj,26.847061,80.948005,Other-1,train,True
SYN-03314,Household electricity supply has failed near Gomti Nagar; minor inconvenience with no immediate danger.,Other,Low,Gomti Nagar,26.859348,81.002615,Other-1,train,True
SYN-03315,Household electricity supply has failed near Aliganj; minor inconvenience with no immediate danger.,Other,Low,Aliganj,26.896324,80.946323,Other-1,train,True
SYN-03316,Household electricity supply has failed near Alambagh; minor inconvenience with no immediate danger.,Other,Low,Alambagh,26.812638,80.901816,Other-1,train,True
SYN-03317,Household electricity supply has failed near Indira Nagar; minor inconvenience with no immediate danger.,Other,Low,Indira Nagar,26.884821,80.995377,Other-1,train,True
SYN-03318,Household electricity supply has failed near Chowk; minor inconvenience with no immediate danger.,Other,Low,Chowk,26.858023,80.914879,Other-1,train,True
SYN-03319,Household electricity supply has failed near Hazratganj; routine maintenance requested.,Other,Low,Hazratganj,26.847325,80.948004,Other-1,train,True
SYN-03320,Household electricity supply has failed near Gomti Nagar; routine maintenance requested.,Other,Low,Gomti Nagar,26.8573,81.004926,Other-1,train,True
SYN-03321,Household electricity supply has failed near Aliganj; routine maintenance requested.,Other,Low,Aliganj,26.898937,80.94683,Other-1,train,True
SYN-03322,Household electricity supply has failed near Alambagh; routine maintenance requested.,Other,Low,Alambagh,26.812277,80.900845,Other-1,train,True
SYN-03323,Household electricity supply has failed near Indira Nagar; routine maintenance requested.,Other,Low,Indira Nagar,26.881195,80.995575,Other-1,train,True
SYN-03324,Household electricity supply has failed near Chowk; routine maintenance requested.,Other,Low,Chowk,26.859293,80.911222,Other-1,train,True
SYN-03325,Household electricity supply has failed near Hazratganj; small issue and access remains open.,Other,Low,Hazratganj,26.844983,80.948008,Other-1,train,True
SYN-03326,Household electricity supply has failed near Gomti Nagar; small issue and access remains open.,Other,Low,Gomti Nagar,26.857526,81.003595,Other-1,train,True
SYN-03327,Household electricity supply has failed near Aliganj; small issue and access remains open.,Other,Low,Aliganj,26.896712,80.94686,Other-1,train,True
SYN-03328,Household electricity supply has failed near Alambagh; small issue and access remains open.,Other,Low,Alambagh,26.813462,80.900357,Other-1,train,True
SYN-03329,Household electricity supply has failed near Indira Nagar; small issue and access remains open.,Other,Low,Indira Nagar,26.884409,80.993652,Other-1,train,True
SYN-03330,Household electricity supply has failed near Chowk; small issue and access remains open.,Other,Low,Chowk,26.861118,80.91214,Other-1,train,True
SYN-03331,Household electricity supply has failed near Hazratganj; halki dikkat hai.,Other,Low,Hazratganj,26.84771,80.946816,Other-1,train,True
SYN-03332,Household electricity supply has failed near Gomti Nagar; halki dikkat hai.,Other,Low,Gomti Nagar,26.856482,81.003963,Other-1,train,True
SYN-03333,Household electricity supply has failed near Aliganj; halki dikkat hai.,Other,Low,Aliganj,26.897729,80.946225,Other-1,train,True
SYN-03334,Household electricity supply has failed near Alambagh; halki dikkat hai.,Other,Low,Alambagh,26.81124,80.90274,Other-1,train,True
SYN-03335,Household electricity supply has failed near Indira Nagar; halki dikkat hai.,Other,Low,Indira Nagar,26.881525,80.995662,Other-1,train,True
SYN-03336,Household electricity supply has failed near Chowk; halki dikkat hai.,Other,Low,Chowk,26.861328,80.913051,Other-1,train,True
SYN-03337,Household electricity supply has failed near Hazratganj; affecting several households for two days.,Other,Medium,Hazratganj,26.846658,80.947742,Other-1,train,True
SYN-03338,Household electricity supply has failed near Gomti Nagar; affecting several households for two days.,Other,Medium,Gomti Nagar,26.857906,81.004252,Other-1,train,True
SYN-03339,Household electricity supply has failed near Aliganj; affecting several households for two days.,Other,Medium,Aliganj,26.897692,80.946026,Other-1,train,True
SYN-03340,Household electricity supply has failed near Alambagh; affecting several households for two days.,Other,Medium,Alambagh,26.813244,80.902455,Other-1,train,True
SYN-03341,Household electricity supply has failed near Indira Nagar; affecting several households for two days.,Other,Medium,Indira Nagar,26.882736,80.994704,Other-1,train,True
SYN-03342,Household electricity supply has failed near Chowk; affecting several households for two days.,Other,Medium,Chowk,26.858162,80.912367,Other-1,train,True
SYN-03343,Household electricity supply has failed near Hazratganj; repeated problem disrupting daily use.,Other,Medium,Hazratganj,26.846554,80.945097,Other-1,train,True
SYN-03344,Household electricity supply has failed near Gomti Nagar; repeated problem disrupting daily use.,Other,Medium,Gomti Nagar,26.858745,81.00262,Other-1,train,True
SYN-03345,Household electricity supply has failed near Aliganj; repeated problem disrupting daily use.,Other,Medium,Aliganj,26.897981,80.945518,Other-1,train,True
SYN-03346,Household electricity supply has failed near Alambagh; repeated problem disrupting daily use.,Other,Medium,Alambagh,26.812099,80.901163,Other-1,train,True
SYN-03347,Household electricity supply has failed near Indira Nagar; repeated problem disrupting daily use.,Other,Medium,Indira Nagar,26.882749,80.996629,Other-1,train,True
SYN-03348,Household electricity supply has failed near Chowk; repeated problem disrupting daily use.,Other,Medium,Chowk,26.85991,80.911594,Other-1,train,True
SYN-03349,Household electricity supply has failed near Hazratganj; residents have difficulty using this lane.,Other,Medium,Hazratganj,26.845211,80.947812,Other-1,train,True
SYN-03350,Household electricity supply has failed near Gomti Nagar; residents have difficulty using this lane.,Other,Medium,Gomti Nagar,26.859366,81.004092,Other-1,train,True
SYN-03351,Household electricity supply has failed near Aliganj; residents have difficulty using this lane.,Other,Medium,Aliganj,26.897182,80.943191,Other-1,train,True
SYN-03352,Household electricity supply has failed near Alambagh; residents have difficulty using this lane.,Other,Medium,Alambagh,26.810306,80.90018,Other-1,train,True
SYN-03353,Household electricity supply has failed near Indira Nagar; residents have difficulty using this lane.,Other,Medium,Indira Nagar,26.881431,80.9947,Other-1,train,True
SYN-03354,Household electricity supply has failed near Chowk; residents have difficulty using this lane.,Other,Medium,Chowk,26.858378,80.913643,Other-1,train,True
SYN-03355,Household electricity supply has failed near Hazratganj; do din se pareshani hai.,Other,Medium,Hazratganj,26.846974,80.945214,Other-1,train,True
SYN-03356,Household electricity supply has failed near Gomti Nagar; do din se pareshani hai.,Other,Medium,Gomti Nagar,26.857019,81.002327,Other-1,train,True
SYN-03357,Household electricity supply has failed near Aliganj; do din se pareshani hai.,Other,Medium,Aliganj,26.898014,80.943456,Other-1,train,True
SYN-03358,Household electricity supply has failed near Alambagh; do din se pareshani hai.,Other,Medium,Alambagh,26.812646,80.900718,Other-1,train,True
SYN-03359,Household electricity supply has failed near Indira Nagar; do din se pareshani hai.,Other,Medium,Indira Nagar,26.881729,80.994572,Other-1,train,True
SYN-03360,Household electricity supply has failed near Chowk; do din se pareshani hai.,Other,Medium,Chowk,26.858333,80.914507,Other-1,train,True
SYN-03361,Household electricity supply has failed near Hazratganj; someone is injured and needs urgent help.,Other,High,Hazratganj,26.845891,80.946549,Other-1,train,True
SYN-03362,Household electricity supply has failed near Gomti Nagar; someone is injured and needs urgent help.,Other,High,Gomti Nagar,26.85782,81.004681,Other-1,train,True
SYN-03363,Household electricity supply has failed near Aliganj; someone is injured and needs urgent help.,Other,High,Aliganj,26.898495,80.94406,Other-1,train,True
SYN-03364,Household electricity supply has failed near Alambagh; someone is injured and needs urgent help.,Other,High,Alambagh,26.813867,80.903485,Other-1,train,True
SYN-03365,Household electricity supply has failed near Indira Nagar; someone is injured and needs urgent help.,Other,High,Indira Nagar,26.881749,80.99374,Other-1,train,True
SYN-03366,Household electricity supply has failed near Chowk; someone is injured and needs urgent help.,Other,High,Chowk,26.860988,80.913416,Other-1,train,True
SYN-03367,Household electricity supply has failed near Hazratganj; exposed live wire creates an electrocution risk.,Other,High,Hazratganj,26.848186,80.944625,Other-1,train,True
SYN-03368,Household electricity supply has failed near Gomti Nagar; exposed live wire creates an electrocution risk.,Other,High,Gomti Nagar,26.858138,81.002023,Other-1,train,True
SYN-03369,Household electricity supply has failed near Aliganj; exposed live wire creates an electrocution risk.,Other,High,Aliganj,26.896467,80.943687,Other-1,train,True
SYN-03370,Household electricity supply has failed near Alambagh; exposed live wire creates an electrocution risk.,Other,High,Alambagh,26.811908,80.902767,Other-1,train,True
SYN-03371,Household electricity supply has failed near Indira Nagar; exposed live wire creates an electrocution risk.,Other,High,Indira Nagar,26.884475,80.996863,Other-1,train,True
SYN-03372,Household electricity supply has failed near Chowk; exposed live wire creates an electrocution risk.,Other,High,Chowk,26.860408,80.912947,Other-1,train,True
SYN-03373,Household electricity supply has failed near Hazratganj; contamination is making children sick.,Other,High,Hazratganj,26.847174,80.948096,Other-1,train,True
SYN-03374,Household electricity supply has failed near Gomti Nagar; contamination is making children sick.,Other,High,Gomti Nagar,26.857443,81.004695,Other-1,train,True
SYN-03375,Household electricity supply has failed near Aliganj; contamination is making children sick.,Other,High,Aliganj,26.898761,80.94458,Other-1,train,True
SYN-03376,Household electricity supply has failed near Alambagh; contamination is making children sick.,Other,High,Alambagh,26.811211,80.9005,Other-1,train,True
SYN-03377,Household electricity supply has failed near Indira Nagar; contamination is making children sick.,Other,High,Indira Nagar,26.881056,80.993448,Other-1,train,True
SYN-03378,Household electricity supply has failed near Chowk; contamination is making children sick.,Other,High,Chowk,26.858064,80.914882,Other-1,train,True
SYN-03379,Household electricity supply has failed near Hazratganj; ambulance access is blocked.,Other,High,Hazratganj,26.848136,80.945037,Other-1,train,True
SYN-03380,Household electricity supply has failed near Gomti Nagar; ambulance access is blocked.,Other,High,Gomti Nagar,26.858594,81.004599,Other-1,train,True
SYN-03381,Household electricity supply has failed near Aliganj; ambulance access is blocked.,Other,High,Aliganj,26.897743,80.945504,Other-1,train,True
SYN-03382,Household electricity supply has failed near Alambagh; ambulance access is blocked.,Other,High,Alambagh,26.81316,80.900764,Other-1,train,True
SYN-03383,Household electricity supply has failed near Indira Nagar; ambulance access is blocked.,Other,High,Indira Nagar,26.882204,80.994854,Other-1,train,True
SYN-03384,Household electricity supply has failed near Chowk; ambulance access is blocked.,Other,High,Chowk,26.859896,80.911087,Other-1,train,True
SYN-03385,Passport application is delayed near Hazratganj; minor inconvenience with no immediate danger.,Other,Low,Hazratganj,26.845364,80.94481,Other-2,train,True
SYN-03386,Passport application is delayed near Gomti Nagar; minor inconvenience with no immediate danger.,Other,Low,Gomti Nagar,26.85881,81.005855,Other-2,train,True
SYN-03387,Passport application is delayed near Aliganj; minor inconvenience with no immediate danger.,Other,Low,Aliganj,26.897886,80.946439,Other-2,train,True
SYN-03388,Passport application is delayed near Alambagh; minor inconvenience with no immediate danger.,Other,Low,Alambagh,26.812341,80.900805,Other-2,train,True
SYN-03389,Passport application is delayed near Indira Nagar; minor inconvenience with no immediate danger.,Other,Low,Indira Nagar,26.883278,80.996335,Other-2,train,True
SYN-03390,Passport application is delayed near Chowk; minor inconvenience with no immediate danger.,Other,Low,Chowk,26.858204,80.911031,Other-2,train,True
SYN-03391,Passport application is delayed near Hazratganj; routine maintenance requested.,Other,Low,Hazratganj,26.847222,80.947052,Other-2,train,True
SYN-03392,Passport application is delayed near Gomti Nagar; routine maintenance requested.,Other,Low,Gomti Nagar,26.859918,81.005394,Other-2,train,True
SYN-03393,Passport application is delayed near Aliganj; routine maintenance requested.,Other,Low,Aliganj,26.898948,80.945383,Other-2,train,True
SYN-03394,Passport application is delayed near Alambagh; routine maintenance requested.,Other,Low,Alambagh,26.812217,80.901163,Other-2,train,True
SYN-03395,Passport application is delayed near Indira Nagar; routine maintenance requested.,Other,Low,Indira Nagar,26.88295,80.994944,Other-2,train,True
SYN-03396,Passport application is delayed near Chowk; routine maintenance requested.,Other,Low,Chowk,26.860364,80.913446,Other-2,train,True
SYN-03397,Passport application is delayed near Hazratganj; small issue and access remains open.,Other,Low,Hazratganj,26.847415,80.947467,Other-2,train,True
SYN-03398,Passport application is delayed near Gomti Nagar; small issue and access remains open.,Other,Low,Gomti Nagar,26.857952,81.004857,Other-2,train,True
SYN-03399,Passport application is delayed near Aliganj; small issue and access remains open.,Other,Low,Aliganj,26.898113,80.944688,Other-2,train,True
SYN-03400,Passport application is delayed near Alambagh; small issue and access remains open.,Other,Low,Alambagh,26.811263,80.900254,Other-2,train,True
SYN-03401,Passport application is delayed near Indira Nagar; small issue and access remains open.,Other,Low,Indira Nagar,26.884572,80.994669,Other-2,train,True
SYN-03402,Passport application is delayed near Chowk; small issue and access remains open.,Other,Low,Chowk,26.859893,80.912979,Other-2,train,True
SYN-03403,Passport application is delayed near Hazratganj; halki dikkat hai.,Other,Low,Hazratganj,26.848456,80.945587,Other-2,train,True
SYN-03404,Passport application is delayed near Gomti Nagar; halki dikkat hai.,Other,Low,Gomti Nagar,26.85879,81.002083,Other-2,train,True
SYN-03405,Passport application is delayed near Aliganj; halki dikkat hai.,Other,Low,Aliganj,26.897152,80.943769,Other-2,train,True
SYN-03406,Passport application is delayed near Alambagh; halki dikkat hai.,Other,Low,Alambagh,26.811375,80.900928,Other-2,train,True
SYN-03407,Passport application is delayed near Indira Nagar; halki dikkat hai.,Other,Low,Indira Nagar,26.881879,80.996636,Other-2,train,True
SYN-03408,Passport application is delayed near Chowk; halki dikkat hai.,Other,Low,Chowk,26.859357,80.913408,Other-2,train,True
SYN-03409,Passport application is delayed near Hazratganj; affecting several households for two days.,Other,Medium,Hazratganj,26.84807,80.946828,Other-2,train,True
SYN-03410,Passport application is delayed near Gomti Nagar; affecting several households for two days.,Other,Medium,Gomti Nagar,26.856525,81.003174,Other-2,train,True
SYN-03411,Passport application is delayed near Aliganj; affecting several households for two days.,Other,Medium,Aliganj,26.898846,80.946839,Other-2,train,True
SYN-03412,Passport application is delayed near Alambagh; affecting several households for two days.,Other,Medium,Alambagh,26.813332,80.902692,Other-2,train,True
SYN-03413,Passport application is delayed near Indira Nagar; affecting several households for two days.,Other,Medium,Indira Nagar,26.883938,80.996184,Other-2,train,True
SYN-03414,Passport application is delayed near Chowk; affecting several households for two days.,Other,Medium,Chowk,26.861199,80.914378,Other-2,train,True
SYN-03415,Passport application is delayed near Hazratganj; repeated problem disrupting daily use.,Other,Medium,Hazratganj,26.847187,80.94533,Other-2,train,True
SYN-03416,Passport application is delayed near Gomti Nagar; repeated problem disrupting daily use.,Other,Medium,Gomti Nagar,26.858997,81.004668,Other-2,train,True
SYN-03417,Passport application is delayed near Aliganj; repeated problem disrupting daily use.,Other,Medium,Aliganj,26.896516,80.943798,Other-2,train,True
SYN-03418,Passport application is delayed near Alambagh; repeated problem disrupting daily use.,Other,Medium,Alambagh,26.812423,80.900404,Other-2,train,True
SYN-03419,Passport application is delayed near Indira Nagar; repeated problem disrupting daily use.,Other,Medium,Indira Nagar,26.882664,80.996975,Other-2,train,True
SYN-03420,Passport application is delayed near Chowk; repeated problem disrupting daily use.,Other,Medium,Chowk,26.859215,80.911838,Other-2,train,True
SYN-03421,Passport application is delayed near Hazratganj; residents have difficulty using this lane.,Other,Medium,Hazratganj,26.844888,80.944273,Other-2,train,True
SYN-03422,Passport application is delayed near Gomti Nagar; residents have difficulty using this lane.,Other,Medium,Gomti Nagar,26.859524,81.003428,Other-2,train,True
SYN-03423,Passport application is delayed near Aliganj; residents have difficulty using this lane.,Other,Medium,Aliganj,26.896634,80.946312,Other-2,train,True
SYN-03424,Passport application is delayed near Alambagh; residents have difficulty using this lane.,Other,Medium,Alambagh,26.813578,80.900128,Other-2,train,True
SYN-03425,Passport application is delayed near Indira Nagar; residents have difficulty using this lane.,Other,Medium,Indira Nagar,26.881255,80.994722,Other-2,train,True
SYN-03426,Passport application is delayed near Chowk; residents have difficulty using this lane.,Other,Medium,Chowk,26.86047,80.911483,Other-2,train,True
SYN-03427,Passport application is delayed near Hazratganj; do din se pareshani hai.,Other,Medium,Hazratganj,26.845596,80.945231,Other-2,train,True
SYN-03428,Passport application is delayed near Gomti Nagar; do din se pareshani hai.,Other,Medium,Gomti Nagar,26.857361,81.003421,Other-2,train,True
SYN-03429,Passport application is delayed near Aliganj; do din se pareshani hai.,Other,Medium,Aliganj,26.896187,80.946511,Other-2,train,True
SYN-03430,Passport application is delayed near Alambagh; do din se pareshani hai.,Other,Medium,Alambagh,26.81107,80.900605,Other-2,train,True
SYN-03431,Passport application is delayed near Indira Nagar; do din se pareshani hai.,Other,Medium,Indira Nagar,26.883761,80.995062,Other-2,train,True
SYN-03432,Passport application is delayed near Chowk; do din se pareshani hai.,Other,Medium,Chowk,26.860678,80.913826,Other-2,train,True
SYN-03433,Passport application is delayed near Hazratganj; someone is injured and needs urgent help.,Other,High,Hazratganj,26.848407,80.945951,Other-2,train,True
SYN-03434,Passport application is delayed near Gomti Nagar; someone is injured and needs urgent help.,Other,High,Gomti Nagar,26.857829,81.005366,Other-2,train,True
SYN-03435,Passport application is delayed near Aliganj; someone is injured and needs urgent help.,Other,High,Aliganj,26.896444,80.943424,Other-2,train,True
SYN-03436,Passport application is delayed near Alambagh; someone is injured and needs urgent help.,Other,High,Alambagh,26.812442,80.903129,Other-2,train,True
SYN-03437,Passport application is delayed near Indira Nagar; someone is injured and needs urgent help.,Other,High,Indira Nagar,26.88479,80.996294,Other-2,train,True
SYN-03438,Passport application is delayed near Chowk; someone is injured and needs urgent help.,Other,High,Chowk,26.858168,80.911422,Other-2,train,True
SYN-03439,Passport application is delayed near Hazratganj; exposed live wire creates an electrocution risk.,Other,High,Hazratganj,26.84722,80.947683,Other-2,train,True
SYN-03440,Passport application is delayed near Gomti Nagar; exposed live wire creates an electrocution risk.,Other,High,Gomti Nagar,26.859644,81.002628,Other-2,train,True
SYN-03441,Passport application is delayed near Aliganj; exposed live wire creates an electrocution risk.,Other,High,Aliganj,26.897168,80.944766,Other-2,train,True
SYN-03442,Passport application is delayed near Alambagh; exposed live wire creates an electrocution risk.,Other,High,Alambagh,26.812024,80.90293,Other-2,train,True
SYN-03443,Passport application is delayed near Indira Nagar; exposed live wire creates an electrocution risk.,Other,High,Indira Nagar,26.881397,80.995588,Other-2,train,True
SYN-03444,Passport application is delayed near Chowk; exposed live wire creates an electrocution risk.,Other,High,Chowk,26.859338,80.911551,Other-2,train,True
SYN-03445,Passport application is delayed near Hazratganj; contamination is making children sick.,Other,High,Hazratganj,26.848094,80.945956,Other-2,train,True
SYN-03446,Passport application is delayed near Gomti Nagar; contamination is making children sick.,Other,High,Gomti Nagar,26.857663,81.005076,Other-2,train,True
SYN-03447,Passport application is delayed near Aliganj; contamination is making children sick.,Other,High,Aliganj,26.896981,80.946237,Other-2,train,True
SYN-03448,Passport application is delayed near Alambagh; contamination is making children sick.,Other,High,Alambagh,26.811365,80.90202,Other-2,train,True
SYN-03449,Passport application is delayed near Indira Nagar; contamination is making children sick.,Other,High,Indira Nagar,26.881341,80.99449,Other-2,train,True
SYN-03450,Passport application is delayed near Chowk; contamination is making children sick.,Other,High,Chowk,26.861019,80.912443,Other-2,train,True
SYN-03451,Passport application is delayed near Hazratganj; ambulance access is blocked.,Other,High,Hazratganj,26.84736,80.944806,Other-2,train,True
SYN-03452,Passport application is delayed near Gomti Nagar; ambulance access is blocked.,Other,High,Gomti Nagar,26.859014,81.003687,Other-2,train,True
SYN-03453,Passport application is delayed near Aliganj; ambulance access is blocked.,Other,High,Aliganj,26.896913,80.946207,Other-2,train,True
SYN-03454,Passport application is delayed near Alambagh; ambulance access is blocked.,Other,High,Alambagh,26.811654,80.901637,Other-2,train,True
SYN-03455,Passport application is delayed near Indira Nagar; ambulance access is blocked.,Other,High,Indira Nagar,26.882835,80.99641,Other-2,train,True
SYN-03456,Passport application is delayed near Chowk; ambulance access is blocked.,Other,High,Chowk,26.861178,80.912447,Other-2,train,True
SYN-03457,Police complaint needs attention near Hazratganj; minor inconvenience with no immediate danger.,Other,Low,Hazratganj,26.844819,80.944782,Other-3,train,True
SYN-03458,Police complaint needs attention near Gomti Nagar; minor inconvenience with no immediate danger.,Other,Low,Gomti Nagar,26.85604,81.005225,Other-3,train,True
SYN-03459,Police complaint needs attention near Aliganj; minor inconvenience with no immediate danger.,Other,Low,Aliganj,26.899775,80.943339,Other-3,train,True
SYN-03460,Police complaint needs attention near Alambagh; minor inconvenience with no immediate danger.,Other,Low,Alambagh,26.811259,80.903928,Other-3,train,True
SYN-03461,Police complaint needs attention near Indira Nagar; minor inconvenience with no immediate danger.,Other,Low,Indira Nagar,26.881657,80.993246,Other-3,train,True
SYN-03462,Police complaint needs attention near Chowk; minor inconvenience with no immediate danger.,Other,Low,Chowk,26.861037,80.913641,Other-3,train,True
SYN-03463,Police complaint needs attention near Hazratganj; routine maintenance requested.,Other,Low,Hazratganj,26.847266,80.94781,Other-3,train,True
SYN-03464,Police complaint needs attention near Gomti Nagar; routine maintenance requested.,Other,Low,Gomti Nagar,26.856231,81.004526,Other-3,train,True
SYN-03465,Police complaint needs attention near Aliganj; routine maintenance requested.,Other,Low,Aliganj,26.898853,80.945641,Other-3,train,True
SYN-03466,Police complaint needs attention near Alambagh; routine maintenance requested.,Other,Low,Alambagh,26.812079,80.901183,Other-3,train,True
SYN-03467,Police complaint needs attention near Indira Nagar; routine maintenance requested.,Other,Low,Indira Nagar,26.882608,80.995723,Other-3,train,True
SYN-03468,Police complaint needs attention near Chowk; routine maintenance requested.,Other,Low,Chowk,26.860214,80.912217,Other-3,train,True
SYN-03469,Police complaint needs attention near Hazratganj; small issue and access remains open.,Other,Low,Hazratganj,26.847671,80.947837,Other-3,train,True
SYN-03470,Police complaint needs attention near Gomti Nagar; small issue and access remains open.,Other,Low,Gomti Nagar,26.856032,81.003119,Other-3,train,True
SYN-03471,Police complaint needs attention near Aliganj; small issue and access remains open.,Other,Low,Aliganj,26.898111,80.946682,Other-3,train,True
SYN-03472,Police complaint needs attention near Alambagh; small issue and access remains open.,Other,Low,Alambagh,26.812801,80.901785,Other-3,train,True
SYN-03473,Police complaint needs attention near Indira Nagar; small issue and access remains open.,Other,Low,Indira Nagar,26.881821,80.995178,Other-3,train,True
SYN-03474,Police complaint needs attention near Chowk; small issue and access remains open.,Other,Low,Chowk,26.861153,80.913608,Other-3,train,True
SYN-03475,Police complaint needs attention near Hazratganj; halki dikkat hai.,Other,Low,Hazratganj,26.84749,80.947751,Other-3,train,True
SYN-03476,Police complaint needs attention near Gomti Nagar; halki dikkat hai.,Other,Low,Gomti Nagar,26.859126,81.003618,Other-3,train,True
SYN-03477,Police complaint needs attention near Aliganj; halki dikkat hai.,Other,Low,Aliganj,26.896789,80.944206,Other-3,train,True
SYN-03478,Police complaint needs attention near Alambagh; halki dikkat hai.,Other,Low,Alambagh,26.810148,80.901338,Other-3,train,True
SYN-03479,Police complaint needs attention near Indira Nagar; halki dikkat hai.,Other,Low,Indira Nagar,26.8839,80.99596,Other-3,train,True
SYN-03480,Police complaint needs attention near Chowk; halki dikkat hai.,Other,Low,Chowk,26.858504,80.914968,Other-3,train,True
SYN-03481,Police complaint needs attention near Hazratganj; affecting several households for two days.,Other,Medium,Hazratganj,26.845836,80.944571,Other-3,train,True
SYN-03482,Police complaint needs attention near Gomti Nagar; affecting several households for two days.,Other,Medium,Gomti Nagar,26.858207,81.004085,Other-3,train,True
SYN-03483,Police complaint needs attention near Aliganj; affecting several households for two days.,Other,Medium,Aliganj,26.899028,80.94364,Other-3,train,True
SYN-03484,Police complaint needs attention near Alambagh; affecting several households for two days.,Other,Medium,Alambagh,26.810112,80.903186,Other-3,train,True
SYN-03485,Police complaint needs attention near Indira Nagar; affecting several households for two days.,Other,Medium,Indira Nagar,26.88337,80.993965,Other-3,train,True
SYN-03486,Police complaint needs attention near Chowk; affecting several households for two days.,Other,Medium,Chowk,26.861097,80.913906,Other-3,train,True
SYN-03487,Police complaint needs attention near Hazratganj; repeated problem disrupting daily use.,Other,Medium,Hazratganj,26.848648,80.944642,Other-3,train,True
SYN-03488,Police complaint needs attention near Gomti Nagar; repeated problem disrupting daily use.,Other,Medium,Gomti Nagar,26.85624,81.003492,Other-3,train,True
SYN-03489,Police complaint needs attention near Aliganj; repeated problem disrupting daily use.,Other,Medium,Aliganj,26.898508,80.944418,Other-3,train,True
SYN-03490,Police complaint needs attention near Alambagh; repeated problem disrupting daily use.,Other,Medium,Alambagh,26.810191,80.902604,Other-3,train,True
SYN-03491,Police complaint needs attention near Indira Nagar; repeated problem disrupting daily use.,Other,Medium,Indira Nagar,26.881499,80.994192,Other-3,train,True
SYN-03492,Police complaint needs attention near Chowk; repeated problem disrupting daily use.,Other,Medium,Chowk,26.860947,80.912813,Other-3,train,True
SYN-03493,Police complaint needs attention near Hazratganj; residents have difficulty using this lane.,Other,Medium,Hazratganj,26.848632,80.947422,Other-3,train,True
SYN-03494,Police complaint needs attention near Gomti Nagar; residents have difficulty using this lane.,Other,Medium,Gomti Nagar,26.859956,81.004262,Other-3,train,True
SYN-03495,Police complaint needs attention near Aliganj; residents have difficulty using this lane.,Other,Medium,Aliganj,26.899577,80.945511,Other-3,train,True
SYN-03496,Police complaint needs attention near Alambagh; residents have difficulty using this lane.,Other,Medium,Alambagh,26.812133,80.902382,Other-3,train,True
SYN-03497,Police complaint needs attention near Indira Nagar; residents have difficulty using this lane.,Other,Medium,Indira Nagar,26.882401,80.994138,Other-3,train,True
SYN-03498,Police complaint needs attention near Chowk; residents have difficulty using this lane.,Other,Medium,Chowk,26.861139,80.913859,Other-3,train,True
SYN-03499,Police complaint needs attention near Hazratganj; do din se pareshani hai.,Other,Medium,Hazratganj,26.84739,80.947057,Other-3,train,True
SYN-03500,Police complaint needs attention near Gomti Nagar; do din se pareshani hai.,Other,Medium,Gomti Nagar,26.858079,81.002991,Other-3,train,True
SYN-03501,Police complaint needs attention near Aliganj; do din se pareshani hai.,Other,Medium,Aliganj,26.897311,80.945329,Other-3,train,True
SYN-03502,Police complaint needs attention near Alambagh; do din se pareshani hai.,Other,Medium,Alambagh,26.813291,80.901445,Other-3,train,True
SYN-03503,Police complaint needs attention near Indira Nagar; do din se pareshani hai.,Other,Medium,Indira Nagar,26.881392,80.995847,Other-3,train,True
SYN-03504,Police complaint needs attention near Chowk; do din se pareshani hai.,Other,Medium,Chowk,26.861314,80.911328,Other-3,train,True
SYN-03505,Police complaint needs attention near Hazratganj; someone is injured and needs urgent help.,Other,High,Hazratganj,26.844949,80.947754,Other-3,train,True
SYN-03506,Police complaint needs attention near Gomti Nagar; someone is injured and needs urgent help.,Other,High,Gomti Nagar,26.857905,81.003785,Other-3,train,True
SYN-03507,Police complaint needs attention near Aliganj; someone is injured and needs urgent help.,Other,High,Aliganj,26.897477,80.945105,Other-3,train,True
SYN-03508,Police complaint needs attention near Alambagh; someone is injured and needs urgent help.,Other,High,Alambagh,26.812353,80.902076,Other-3,train,True
SYN-03509,Police complaint needs attention near Indira Nagar; someone is injured and needs urgent help.,Other,High,Indira Nagar,26.882579,80.994055,Other-3,train,True
SYN-03510,Police complaint needs attention near Chowk; someone is injured and needs urgent help.,Other,High,Chowk,26.859995,80.912694,Other-3,train,True
SYN-03511,Police complaint needs attention near Hazratganj; exposed live wire creates an electrocution risk.,Other,High,Hazratganj,26.84646,80.947924,Other-3,train,True
SYN-03512,Police complaint needs attention near Gomti Nagar; exposed live wire creates an electrocution risk.,Other,High,Gomti Nagar,26.857958,81.005893,Other-3,train,True
SYN-03513,Police complaint needs attention near Aliganj; exposed live wire creates an electrocution risk.,Other,High,Aliganj,26.899295,80.943577,Other-3,train,True
SYN-03514,Police complaint needs attention near Alambagh; exposed live wire creates an electrocution risk.,Other,High,Alambagh,26.810508,80.902845,Other-3,train,True
SYN-03515,Police complaint needs attention near Indira Nagar; exposed live wire creates an electrocution risk.,Other,High,Indira Nagar,26.881518,80.995818,Other-3,train,True
SYN-03516,Police complaint needs attention near Chowk; exposed live wire creates an electrocution risk.,Other,High,Chowk,26.861453,80.911472,Other-3,train,True
SYN-03517,Police complaint needs attention near Hazratganj; contamination is making children sick.,Other,High,Hazratganj,26.845551,80.946093,Other-3,train,True
SYN-03518,Police complaint needs attention near Gomti Nagar; contamination is making children sick.,Other,High,Gomti Nagar,26.858986,81.005776,Other-3,train,True
SYN-03519,Police complaint needs attention near Aliganj; contamination is making children sick.,Other,High,Aliganj,26.897477,80.946807,Other-3,train,True
SYN-03520,Police complaint needs attention near Alambagh; contamination is making children sick.,Other,High,Alambagh,26.812406,80.901634,Other-3,train,True
SYN-03521,Police complaint needs attention near Indira Nagar; contamination is making children sick.,Other,High,Indira Nagar,26.881483,80.995287,Other-3,train,True
SYN-03522,Police complaint needs attention near Chowk; contamination is making children sick.,Other,High,Chowk,26.858161,80.911613,Other-3,train,True
SYN-03523,Police complaint needs attention near Hazratganj; ambulance access is blocked.,Other,High,Hazratganj,26.846186,80.948164,Other-3,train,True
SYN-03524,Police complaint needs attention near Gomti Nagar; ambulance access is blocked.,Other,High,Gomti Nagar,26.857213,81.003944,Other-3,train,True
SYN-03525,Police complaint needs attention near Aliganj; ambulance access is blocked.,Other,High,Aliganj,26.899165,80.943569,Other-3,train,True
SYN-03526,Police complaint needs attention near Alambagh; ambulance access is blocked.,Other,High,Alambagh,26.812358,80.900195,Other-3,train,True
SYN-03527,Police complaint needs attention near Indira Nagar; ambulance access is blocked.,Other,High,Indira Nagar,26.884577,80.996556,Other-3,train,True
SYN-03528,Police complaint needs attention near Chowk; ambulance access is blocked.,Other,High,Chowk,26.858862,80.914277,Other-3,train,True
SYN-03529,National highway requires repairs near Hazratganj; minor inconvenience with no immediate danger.,Other,Low,Hazratganj,26.846655,80.944689,Other-4,train,True
SYN-03530,National highway requires repairs near Gomti Nagar; minor inconvenience with no immediate danger.,Other,Low,Gomti Nagar,26.857395,81.005482,Other-4,train,True
SYN-03531,National highway requires repairs near Aliganj; minor inconvenience with no immediate danger.,Other,Low,Aliganj,26.89767,80.945292,Other-4,train,True
SYN-03532,National highway requires repairs near Alambagh; minor inconvenience with no immediate danger.,Other,Low,Alambagh,26.812263,80.903601,Other-4,train,True
SYN-03533,National highway requires repairs near Indira Nagar; minor inconvenience with no immediate danger.,Other,Low,Indira Nagar,26.884125,80.994901,Other-4,train,True
SYN-03534,National highway requires repairs near Chowk; minor inconvenience with no immediate danger.,Other,Low,Chowk,26.86088,80.913423,Other-4,train,True
SYN-03535,National highway requires repairs near Hazratganj; routine maintenance requested.,Other,Low,Hazratganj,26.847748,80.946219,Other-4,train,True
SYN-03536,National highway requires repairs near Gomti Nagar; routine maintenance requested.,Other,Low,Gomti Nagar,26.857844,81.0038,Other-4,train,True
SYN-03537,National highway requires repairs near Aliganj; routine maintenance requested.,Other,Low,Aliganj,26.897796,80.946465,Other-4,train,True
SYN-03538,National highway requires repairs near Alambagh; routine maintenance requested.,Other,Low,Alambagh,26.811301,80.903199,Other-4,train,True
SYN-03539,National highway requires repairs near Indira Nagar; routine maintenance requested.,Other,Low,Indira Nagar,26.883658,80.994639,Other-4,train,True
SYN-03540,National highway requires repairs near Chowk; routine maintenance requested.,Other,Low,Chowk,26.858931,80.912582,Other-4,train,True
SYN-03541,National highway requires repairs near Hazratganj; small issue and access remains open.,Other,Low,Hazratganj,26.846864,80.948032,Other-4,train,True
SYN-03542,National highway requires repairs near Gomti Nagar; small issue and access remains open.,Other,Low,Gomti Nagar,26.85956,81.004944,Other-4,train,True
SYN-03543,National highway requires repairs near Aliganj; small issue and access remains open.,Other,Low,Aliganj,26.898584,80.946464,Other-4,train,True
SYN-03544,National highway requires repairs near Alambagh; small issue and access remains open.,Other,Low,Alambagh,26.812829,80.902288,Other-4,train,True
SYN-03545,National highway requires repairs near Indira Nagar; small issue and access remains open.,Other,Low,Indira Nagar,26.884185,80.99583,Other-4,train,True
SYN-03546,National highway requires repairs near Chowk; small issue and access remains open.,Other,Low,Chowk,26.860244,80.911495,Other-4,train,True
SYN-03547,National highway requires repairs near Hazratganj; halki dikkat hai.,Other,Low,Hazratganj,26.846937,80.94497,Other-4,train,True
SYN-03548,National highway requires repairs near Gomti Nagar; halki dikkat hai.,Other,Low,Gomti Nagar,26.858475,81.004307,Other-4,train,True
SYN-03549,National highway requires repairs near Aliganj; halki dikkat hai.,Other,Low,Aliganj,26.896211,80.945281,Other-4,train,True
SYN-03550,National highway requires repairs near Alambagh; halki dikkat hai.,Other,Low,Alambagh,26.810758,80.901903,Other-4,train,True
SYN-03551,National highway requires repairs near Indira Nagar; halki dikkat hai.,Other,Low,Indira Nagar,26.884587,80.993481,Other-4,train,True
SYN-03552,National highway requires repairs near Chowk; halki dikkat hai.,Other,Low,Chowk,26.861745,80.911719,Other-4,train,True
SYN-03553,National highway requires repairs near Hazratganj; affecting several households for two days.,Other,Medium,Hazratganj,26.844776,80.947347,Other-4,train,True
SYN-03554,National highway requires repairs near Gomti Nagar; affecting several households for two days.,Other,Medium,Gomti Nagar,26.856981,81.004822,Other-4,train,True
SYN-03555,National highway requires repairs near Aliganj; affecting several households for two days.,Other,Medium,Aliganj,26.899551,80.944777,Other-4,train,True
SYN-03556,National highway requires repairs near Alambagh; affecting several households for two days.,Other,Medium,Alambagh,26.813228,80.902427,Other-4,train,True
SYN-03557,National highway requires repairs near Indira Nagar; affecting several households for two days.,Other,Medium,Indira Nagar,26.882607,80.99318,Other-4,train,True
SYN-03558,National highway requires repairs near Chowk; affecting several households for two days.,Other,Medium,Chowk,26.861448,80.911093,Other-4,train,True
SYN-03559,National highway requires repairs near Hazratganj; repeated problem disrupting daily use.,Other,Medium,Hazratganj,26.846448,80.94586,Other-4,train,True
SYN-03560,National highway requires repairs near Gomti Nagar; repeated problem disrupting daily use.,Other,Medium,Gomti Nagar,26.859439,81.00327,Other-4,train,True
SYN-03561,National highway requires repairs near Aliganj; repeated problem disrupting daily use.,Other,Medium,Aliganj,26.897029,80.943459,Other-4,train,True
SYN-03562,National highway requires repairs near Alambagh; repeated problem disrupting daily use.,Other,Medium,Alambagh,26.810397,80.900673,Other-4,train,True
SYN-03563,National highway requires repairs near Indira Nagar; repeated problem disrupting daily use.,Other,Medium,Indira Nagar,26.881576,80.994022,Other-4,train,True
SYN-03564,National highway requires repairs near Chowk; repeated problem disrupting daily use.,Other,Medium,Chowk,26.858359,80.912227,Other-4,train,True
SYN-03565,National highway requires repairs near Hazratganj; residents have difficulty using this lane.,Other,Medium,Hazratganj,26.846329,80.944877,Other-4,train,True
SYN-03566,National highway requires repairs near Gomti Nagar; residents have difficulty using this lane.,Other,Medium,Gomti Nagar,26.858458,81.003301,Other-4,train,True
SYN-03567,National highway requires repairs near Aliganj; residents have difficulty using this lane.,Other,Medium,Aliganj,26.896109,80.943234,Other-4,train,True
SYN-03568,National highway requires repairs near Alambagh; residents have difficulty using this lane.,Other,Medium,Alambagh,26.81156,80.90128,Other-4,train,True
SYN-03569,National highway requires repairs near Indira Nagar; residents have difficulty using this lane.,Other,Medium,Indira Nagar,26.882651,80.994297,Other-4,train,True
SYN-03570,National highway requires repairs near Chowk; residents have difficulty using this lane.,Other,Medium,Chowk,26.859502,80.914311,Other-4,train,True
SYN-03571,National highway requires repairs near Hazratganj; do din se pareshani hai.,Other,Medium,Hazratganj,26.845184,80.94501,Other-4,train,True
SYN-03572,National highway requires repairs near Gomti Nagar; do din se pareshani hai.,Other,Medium,Gomti Nagar,26.859009,81.004344,Other-4,train,True
SYN-03573,National highway requires repairs near Aliganj; do din se pareshani hai.,Other,Medium,Aliganj,26.897972,80.94601,Other-4,train,True
SYN-03574,National highway requires repairs near Alambagh; do din se pareshani hai.,Other,Medium,Alambagh,26.81154,80.90046,Other-4,train,True
SYN-03575,National highway requires repairs near Indira Nagar; do din se pareshani hai.,Other,Medium,Indira Nagar,26.881243,80.994859,Other-4,train,True
SYN-03576,National highway requires repairs near Chowk; do din se pareshani hai.,Other,Medium,Chowk,26.859628,80.912937,Other-4,train,True
SYN-03577,National highway requires repairs near Hazratganj; someone is injured and needs urgent help.,Other,High,Hazratganj,26.84633,80.945135,Other-4,train,True
SYN-03578,National highway requires repairs near Gomti Nagar; someone is injured and needs urgent help.,Other,High,Gomti Nagar,26.859545,81.003077,Other-4,train,True
SYN-03579,National highway requires repairs near Aliganj; someone is injured and needs urgent help.,Other,High,Aliganj,26.899854,80.9457,Other-4,train,True
SYN-03580,National highway requires repairs near Alambagh; someone is injured and needs urgent help.,Other,High,Alambagh,26.810985,80.902219,Other-4,train,True
SYN-03581,National highway requires repairs near Indira Nagar; someone is injured and needs urgent help.,Other,High,Indira Nagar,26.884141,80.994218,Other-4,train,True
SYN-03582,National highway requires repairs near Chowk; someone is injured and needs urgent help.,Other,High,Chowk,26.859627,80.911336,Other-4,train,True
SYN-03583,National highway requires repairs near Hazratganj; exposed live wire creates an electrocution risk.,Other,High,Hazratganj,26.847243,80.945014,Other-4,train,True
SYN-03584,National highway requires repairs near Gomti Nagar; exposed live wire creates an electrocution risk.,Other,High,Gomti Nagar,26.859872,81.003493,Other-4,train,True
SYN-03585,National highway requires repairs near Aliganj; exposed live wire creates an electrocution risk.,Other,High,Aliganj,26.899941,80.946128,Other-4,train,True
SYN-03586,National highway requires repairs near Alambagh; exposed live wire creates an electrocution risk.,Other,High,Alambagh,26.81215,80.901695,Other-4,train,True
SYN-03587,National highway requires repairs near Indira Nagar; exposed live wire creates an electrocution risk.,Other,High,Indira Nagar,26.884646,80.994807,Other-4,train,True
SYN-03588,National highway requires repairs near Chowk; exposed live wire creates an electrocution risk.,Other,High,Chowk,26.858004,80.912859,Other-4,train,True
SYN-03589,National highway requires repairs near Hazratganj; contamination is making children sick.,Other,High,Hazratganj,26.848017,80.945357,Other-4,train,True
SYN-03590,National highway requires repairs near Gomti Nagar; contamination is making children sick.,Other,High,Gomti Nagar,26.859888,81.002002,Other-4,train,True
SYN-03591,National highway requires repairs near Aliganj; contamination is making children sick.,Other,High,Aliganj,26.899734,80.944929,Other-4,train,True
SYN-03592,National highway requires repairs near Alambagh; contamination is making children sick.,Other,High,Alambagh,26.812391,80.903358,Other-4,train,True
SYN-03593,National highway requires repairs near Indira Nagar; contamination is making children sick.,Other,High,Indira Nagar,26.882521,80.994406,Other-4,train,True
SYN-03594,National highway requires repairs near Chowk; contamination is making children sick.,Other,High,Chowk,26.860529,80.913341,Other-4,train,True
SYN-03595,National highway requires repairs near Hazratganj; ambulance access is blocked.,Other,High,Hazratganj,26.846741,80.944382,Other-4,train,True
SYN-03596,National highway requires repairs near Gomti Nagar; ambulance access is blocked.,Other,High,Gomti Nagar,26.858957,81.004252,Other-4,train,True
SYN-03597,National highway requires repairs near Aliganj; ambulance access is blocked.,Other,High,Aliganj,26.897203,80.944581,Other-4,train,True
SYN-03598,National highway requires repairs near Alambagh; ambulance access is blocked.,Other,High,Alambagh,26.810492,80.900559,Other-4,train,True
SYN-03599,National highway requires repairs near Indira Nagar; ambulance access is blocked.,Other,High,Indira Nagar,26.883226,80.994118,Other-4,train,True
SYN-03600,National highway requires repairs near Chowk; ambulance access is blocked.,Other,High,Chowk,26.859728,80.913442,Other-4,train,True
SYN-03601,Bijli ka bill galat hai near Hazratganj; minor inconvenience with no immediate danger.,Other,Low,Hazratganj,26.84853,80.945473,Other-5,train,True
SYN-03602,Bijli ka bill galat hai near Gomti Nagar; minor inconvenience with no immediate danger.,Other,Low,Gomti Nagar,26.858728,81.003371,Other-5,train,True
SYN-03603,Bijli ka bill galat hai near Aliganj; minor inconvenience with no immediate danger.,Other,Low,Aliganj,26.897045,80.946011,Other-5,train,True
SYN-03604,Bijli ka bill galat hai near Alambagh; minor inconvenience with no immediate danger.,Other,Low,Alambagh,26.811811,80.900984,Other-5,train,True
SYN-03605,Bijli ka bill galat hai near Indira Nagar; minor inconvenience with no immediate danger.,Other,Low,Indira Nagar,26.884932,80.994367,Other-5,train,True
SYN-03606,Bijli ka bill galat hai near Chowk; minor inconvenience with no immediate danger.,Other,Low,Chowk,26.859839,80.913398,Other-5,train,True
SYN-03607,Bijli ka bill galat hai near Hazratganj; routine maintenance requested.,Other,Low,Hazratganj,26.844763,80.946967,Other-5,train,True
SYN-03608,Bijli ka bill galat hai near Gomti Nagar; routine maintenance requested.,Other,Low,Gomti Nagar,26.858586,81.002008,Other-5,train,True
SYN-03609,Bijli ka bill galat hai near Aliganj; routine maintenance requested.,Other,Low,Aliganj,26.897906,80.946606,Other-5,train,True
SYN-03610,Bijli ka bill galat hai near Alambagh; routine maintenance requested.,Other,Low,Alambagh,26.812691,80.901653,Other-5,train,True
SYN-03611,Bijli ka bill galat hai near Indira Nagar; routine maintenance requested.,Other,Low,Indira Nagar,26.884581,80.995813,Other-5,train,True
SYN-03612,Bijli ka bill galat hai near Chowk; routine maintenance requested.,Other,Low,Chowk,26.86105,80.913153,Other-5,train,True
SYN-03613,Bijli ka bill galat hai near Hazratganj; small issue and access remains open.,Other,Low,Hazratganj,26.847849,80.946796,Other-5,train,True
SYN-03614,Bijli ka bill galat hai near Gomti Nagar; small issue and access remains open.,Other,Low,Gomti Nagar,26.85631,81.002124,Other-5,train,True
SYN-03615,Bijli ka bill galat hai near Aliganj; small issue and access remains open.,Other,Low,Aliganj,26.899328,80.945686,Other-5,train,True
SYN-03616,Bijli ka bill galat hai near Alambagh; small issue and access remains open.,Other,Low,Alambagh,26.812689,80.901412,Other-5,train,True
SYN-03617,Bijli ka bill galat hai near Indira Nagar; small issue and access remains open.,Other,Low,Indira Nagar,26.884251,80.99631,Other-5,train,True
SYN-03618,Bijli ka bill galat hai near Chowk; small issue and access remains open.,Other,Low,Chowk,26.859432,80.911709,Other-5,train,True
SYN-03619,Bijli ka bill galat hai near Hazratganj; halki dikkat hai.,Other,Low,Hazratganj,26.847772,80.946988,Other-5,train,True
SYN-03620,Bijli ka bill galat hai near Gomti Nagar; halki dikkat hai.,Other,Low,Gomti Nagar,26.856034,81.003851,Other-5,train,True
SYN-03621,Bijli ka bill galat hai near Aliganj; halki dikkat hai.,Other,Low,Aliganj,26.899745,80.944778,Other-5,train,True
SYN-03622,Bijli ka bill galat hai near Alambagh; halki dikkat hai.,Other,Low,Alambagh,26.810886,80.900079,Other-5,train,True
SYN-03623,Bijli ka bill galat hai near Indira Nagar; halki dikkat hai.,Other,Low,Indira Nagar,26.882125,80.996686,Other-5,train,True
SYN-03624,Bijli ka bill galat hai near Chowk; halki dikkat hai.,Other,Low,Chowk,26.859431,80.91136,Other-5,train,True
SYN-03625,Bijli ka bill galat hai near Hazratganj; affecting several households for two days.,Other,Medium,Hazratganj,26.847154,80.945413,Other-5,train,True
SYN-03626,Bijli ka bill galat hai near Gomti Nagar; affecting several households for two days.,Other,Medium,Gomti Nagar,26.858871,81.002937,Other-5,train,True
SYN-03627,Bijli ka bill galat hai near Aliganj; affecting several households for two days.,Other,Medium,Aliganj,26.897975,80.944452,Other-5,train,True
SYN-03628,Bijli ka bill galat hai near Alambagh; affecting several households for two days.,Other,Medium,Alambagh,26.811123,80.903618,Other-5,train,True
SYN-03629,Bijli ka bill galat hai near Indira Nagar; affecting several households for two days.,Other,Medium,Indira Nagar,26.883828,80.993836,Other-5,train,True
SYN-03630,Bijli ka bill galat hai near Chowk; affecting several households for two days.,Other,Medium,Chowk,26.858784,80.914284,Other-5,train,True
SYN-03631,Bijli ka bill galat hai near Hazratganj; repeated problem disrupting daily use.,Other,Medium,Hazratganj,26.846284,80.94768,Other-5,train,True
SYN-03632,Bijli ka bill galat hai near Gomti Nagar; repeated problem disrupting daily use.,Other,Medium,Gomti Nagar,26.858276,81.003976,Other-5,train,True
SYN-03633,Bijli ka bill galat hai near Aliganj; repeated problem disrupting daily use.,Other,Medium,Aliganj,26.898207,80.945639,Other-5,train,True
SYN-03634,Bijli ka bill galat hai near Alambagh; repeated problem disrupting daily use.,Other,Medium,Alambagh,26.812263,80.90273,Other-5,train,True
SYN-03635,Bijli ka bill galat hai near Indira Nagar; repeated problem disrupting daily use.,Other,Medium,Indira Nagar,26.883261,80.993261,Other-5,train,True
SYN-03636,Bijli ka bill galat hai near Chowk; repeated problem disrupting daily use.,Other,Medium,Chowk,26.858513,80.91126,Other-5,train,True
SYN-03637,Bijli ka bill galat hai near Hazratganj; residents have difficulty using this lane.,Other,Medium,Hazratganj,26.845738,80.94648,Other-5,train,True
SYN-03638,Bijli ka bill galat hai near Gomti Nagar; residents have difficulty using this lane.,Other,Medium,Gomti Nagar,26.856912,81.004092,Other-5,train,True
SYN-03639,Bijli ka bill galat hai near Aliganj; residents have difficulty using this lane.,Other,Medium,Aliganj,26.899129,80.943767,Other-5,train,True
SYN-03640,Bijli ka bill galat hai near Alambagh; residents have difficulty using this lane.,Other,Medium,Alambagh,26.812712,80.903968,Other-5,train,True
SYN-03641,Bijli ka bill galat hai near Indira Nagar; residents have difficulty using this lane.,Other,Medium,Indira Nagar,26.883772,80.995132,Other-5,train,True
SYN-03642,Bijli ka bill galat hai near Chowk; residents have difficulty using this lane.,Other,Medium,Chowk,26.859012,80.91324,Other-5,train,True
SYN-03643,Bijli ka bill galat hai near Hazratganj; do din se pareshani hai.,Other,Medium,Hazratganj,26.846516,80.947952,Other-5,train,True
SYN-03644,Bijli ka bill galat hai near Gomti Nagar; do din se pareshani hai.,Other,Medium,Gomti Nagar,26.858564,81.005772,Other-5,train,True
SYN-03645,Bijli ka bill galat hai near Aliganj; do din se pareshani hai.,Other,Medium,Aliganj,26.896207,80.946755,Other-5,train,True
SYN-03646,Bijli ka bill galat hai near Alambagh; do din se pareshani hai.,Other,Medium,Alambagh,26.81173,80.90398,Other-5,train,True
SYN-03647,Bijli ka bill galat hai near Indira Nagar; do din se pareshani hai.,Other,Medium,Indira Nagar,26.882096,80.995721,Other-5,train,True
SYN-03648,Bijli ka bill galat hai near Chowk; do din se pareshani hai.,Other,Medium,Chowk,26.859866,80.912446,Other-5,train,True
SYN-03649,Bijli ka bill galat hai near Hazratganj; someone is injured and needs urgent help.,Other,High,Hazratganj,26.847736,80.947735,Other-5,train,True
SYN-03650,Bijli ka bill galat hai near Gomti Nagar; someone is injured and needs urgent help.,Other,High,Gomti Nagar,26.856898,81.003112,Other-5,train,True
SYN-03651,Bijli ka bill galat hai near Aliganj; someone is injured and needs urgent help.,Other,High,Aliganj,26.89768,80.944795,Other-5,train,True
SYN-03652,Bijli ka bill galat hai near Alambagh; someone is injured and needs urgent help.,Other,High,Alambagh,26.810021,80.900778,Other-5,train,True
SYN-03653,Bijli ka bill galat hai near Indira Nagar; someone is injured and needs urgent help.,Other,High,Indira Nagar,26.881327,80.995287,Other-5,train,True
SYN-03654,Bijli ka bill galat hai near Chowk; someone is injured and needs urgent help.,Other,High,Chowk,26.858101,80.91395,Other-5,train,True
SYN-03655,Bijli ka bill galat hai near Hazratganj; exposed live wire creates an electrocution risk.,Other,High,Hazratganj,26.848612,80.945895,Other-5,train,True
SYN-03656,Bijli ka bill galat hai near Gomti Nagar; exposed live wire creates an electrocution risk.,Other,High,Gomti Nagar,26.856298,81.003,Other-5,train,True
SYN-03657,Bijli ka bill galat hai near Aliganj; exposed live wire creates an electrocution risk.,Other,High,Aliganj,26.896658,80.944243,Other-5,train,True
SYN-03658,Bijli ka bill galat hai near Alambagh; exposed live wire creates an electrocution risk.,Other,High,Alambagh,26.812504,80.900387,Other-5,train,True
SYN-03659,Bijli ka bill galat hai near Indira Nagar; exposed live wire creates an electrocution risk.,Other,High,Indira Nagar,26.88292,80.996232,Other-5,train,True
SYN-03660,Bijli ka bill galat hai near Chowk; exposed live wire creates an electrocution risk.,Other,High,Chowk,26.86037,80.913505,Other-5,train,True
SYN-03661,Bijli ka bill galat hai near Hazratganj; contamination is making children sick.,Other,High,Hazratganj,26.846037,80.945202,Other-5,train,True
SYN-03662,Bijli ka bill galat hai near Gomti Nagar; contamination is making children sick.,Other,High,Gomti Nagar,26.856431,81.002953,Other-5,train,True
SYN-03663,Bijli ka bill galat hai near Aliganj; contamination is making children sick.,Other,High,Aliganj,26.897363,80.943218,Other-5,train,True
SYN-03664,Bijli ka bill galat hai near Alambagh; contamination is making children sick.,Other,High,Alambagh,26.811334,80.903176,Other-5,train,True
SYN-03665,Bijli ka bill galat hai near Indira Nagar; contamination is making children sick.,Other,High,Indira Nagar,26.884774,80.996103,Other-5,train,True
SYN-03666,Bijli ka bill galat hai near Chowk; contamination is making children sick.,Other,High,Chowk,26.860478,80.914056,Other-5,train,True
SYN-03667,Bijli ka bill galat hai near Hazratganj; ambulance access is blocked.,Other,High,Hazratganj,26.847201,80.946516,Other-5,train,True
SYN-03668,Bijli ka bill galat hai near Gomti Nagar; ambulance access is blocked.,Other,High,Gomti Nagar,26.856342,81.002243,Other-5,train,True
SYN-03669,Bijli ka bill galat hai near Aliganj; ambulance access is blocked.,Other,High,Aliganj,26.896133,80.944253,Other-5,train,True
SYN-03670,Bijli ka bill galat hai near Alambagh; ambulance access is blocked.,Other,High,Alambagh,26.813391,80.90026,Other-5,train,True
SYN-03671,Bijli ka bill galat hai near Indira Nagar; ambulance access is blocked.,Other,High,Indira Nagar,26.88151,80.996676,Other-5,train,True
SYN-03672,Bijli ka bill galat hai near Chowk; ambulance access is blocked.,Other,High,Chowk,26.859768,80.912206,Other-5,train,True
SYN-03673,बिजली का बिल गलत है near Hazratganj; minor inconvenience with no immediate danger.,Other,Low,Hazratganj,26.847205,80.944463,Other-6,train,True
SYN-03674,बिजली का बिल गलत है near Gomti Nagar; minor inconvenience with no immediate danger.,Other,Low,Gomti Nagar,26.85871,81.004237,Other-6,train,True
SYN-03675,बिजली का बिल गलत है near Aliganj; minor inconvenience with no immediate danger.,Other,Low,Aliganj,26.89718,80.944526,Other-6,train,True
SYN-03676,बिजली का बिल गलत है near Alambagh; minor inconvenience with no immediate danger.,Other,Low,Alambagh,26.810383,80.903008,Other-6,train,True
SYN-03677,बिजली का बिल गलत है near Indira Nagar; minor inconvenience with no immediate danger.,Other,Low,Indira Nagar,26.881932,80.995398,Other-6,train,True
SYN-03678,बिजली का बिल गलत है near Chowk; minor inconvenience with no immediate danger.,Other,Low,Chowk,26.860639,80.911042,Other-6,train,True
SYN-03679,बिजली का बिल गलत है near Hazratganj; routine maintenance requested.,Other,Low,Hazratganj,26.846236,80.947381,Other-6,train,True
SYN-03680,बिजली का बिल गलत है near Gomti Nagar; routine maintenance requested.,Other,Low,Gomti Nagar,26.85952,81.004477,Other-6,train,True
SYN-03681,बिजली का बिल गलत है near Aliganj; routine maintenance requested.,Other,Low,Aliganj,26.897358,80.94675,Other-6,train,True
SYN-03682,बिजली का बिल गलत है near Alambagh; routine maintenance requested.,Other,Low,Alambagh,26.813132,80.901816,Other-6,train,True
SYN-03683,बिजली का बिल गलत है near Indira Nagar; routine maintenance requested.,Other,Low,Indira Nagar,26.882313,80.99377,Other-6,train,True
SYN-03684,बिजली का बिल गलत है near Chowk; routine maintenance requested.,Other,Low,Chowk,26.858411,80.913381,Other-6,train,True
SYN-03685,बिजली का बिल गलत है near Hazratganj; small issue and access remains open.,Other,Low,Hazratganj,26.84497,80.947358,Other-6,train,True
SYN-03686,बिजली का बिल गलत है near Gomti Nagar; small issue and access remains open.,Other,Low,Gomti Nagar,26.856774,81.004293,Other-6,train,True
SYN-03687,बिजली का बिल गलत है near Aliganj; small issue and access remains open.,Other,Low,Aliganj,26.898549,80.944025,Other-6,train,True
SYN-03688,बिजली का बिल गलत है near Alambagh; small issue and access remains open.,Other,Low,Alambagh,26.811684,80.902898,Other-6,train,True
SYN-03689,बिजली का बिल गलत है near Indira Nagar; small issue and access remains open.,Other,Low,Indira Nagar,26.882778,80.993973,Other-6,train,True
SYN-03690,बिजली का बिल गलत है near Chowk; small issue and access remains open.,Other,Low,Chowk,26.861188,80.911242,Other-6,train,True
SYN-03691,बिजली का बिल गलत है near Hazratganj; halki dikkat hai.,Other,Low,Hazratganj,26.845947,80.945943,Other-6,train,True
SYN-03692,बिजली का बिल गलत है near Gomti Nagar; halki dikkat hai.,Other,Low,Gomti Nagar,26.859839,81.005017,Other-6,train,True
SYN-03693,बिजली का बिल गलत है near Aliganj; halki dikkat hai.,Other,Low,Aliganj,26.897245,80.946541,Other-6,train,True
SYN-03694,बिजली का बिल गलत है near Alambagh; halki dikkat hai.,Other,Low,Alambagh,26.813102,80.90059,Other-6,train,True
SYN-03695,बिजली का बिल गलत है near Indira Nagar; halki dikkat hai.,Other,Low,Indira Nagar,26.882235,80.994372,Other-6,train,True
SYN-03696,बिजली का बिल गलत है near Chowk; halki dikkat hai.,Other,Low,Chowk,26.859475,80.911032,Other-6,train,True
SYN-03697,बिजली का बिल गलत है near Hazratganj; affecting several households for two days.,Other,Medium,Hazratganj,26.847046,80.946913,Other-6,train,True
SYN-03698,बिजली का बिल गलत है near Gomti Nagar; affecting several households for two days.,Other,Medium,Gomti Nagar,26.856229,81.004028,Other-6,train,True
SYN-03699,बिजली का बिल गलत है near Aliganj; affecting several households for two days.,Other,Medium,Aliganj,26.899341,80.946435,Other-6,train,True
SYN-03700,बिजली का बिल गलत है near Alambagh; affecting several households for two days.,Other,Medium,Alambagh,26.811688,80.900782,Other-6,train,True
SYN-03701,बिजली का बिल गलत है near Indira Nagar; affecting several households for two days.,Other,Medium,Indira Nagar,26.881801,80.996634,Other-6,train,True
SYN-03702,बिजली का बिल गलत है near Chowk; affecting several households for two days.,Other,Medium,Chowk,26.861141,80.912366,Other-6,train,True
SYN-03703,बिजली का बिल गलत है near Hazratganj; repeated problem disrupting daily use.,Other,Medium,Hazratganj,26.847371,80.946979,Other-6,train,True
SYN-03704,बिजली का बिल गलत है near Gomti Nagar; repeated problem disrupting daily use.,Other,Medium,Gomti Nagar,26.859928,81.004399,Other-6,train,True
SYN-03705,बिजली का बिल गलत है near Aliganj; repeated problem disrupting daily use.,Other,Medium,Aliganj,26.897325,80.945314,Other-6,train,True
SYN-03706,बिजली का बिल गलत है near Alambagh; repeated problem disrupting daily use.,Other,Medium,Alambagh,26.813852,80.902464,Other-6,train,True
SYN-03707,बिजली का बिल गलत है near Indira Nagar; repeated problem disrupting daily use.,Other,Medium,Indira Nagar,26.882675,80.993649,Other-6,train,True
SYN-03708,बिजली का बिल गलत है near Chowk; repeated problem disrupting daily use.,Other,Medium,Chowk,26.859817,80.914157,Other-6,train,True
SYN-03709,बिजली का बिल गलत है near Hazratganj; residents have difficulty using this lane.,Other,Medium,Hazratganj,26.844869,80.945078,Other-6,train,True
SYN-03710,बिजली का बिल गलत है near Gomti Nagar; residents have difficulty using this lane.,Other,Medium,Gomti Nagar,26.856015,81.002892,Other-6,train,True
SYN-03711,बिजली का बिल गलत है near Aliganj; residents have difficulty using this lane.,Other,Medium,Aliganj,26.896921,80.945496,Other-6,train,True
SYN-03712,बिजली का बिल गलत है near Alambagh; residents have difficulty using this lane.,Other,Medium,Alambagh,26.810956,80.902938,Other-6,train,True
SYN-03713,बिजली का बिल गलत है near Indira Nagar; residents have difficulty using this lane.,Other,Medium,Indira Nagar,26.88481,80.994326,Other-6,train,True
SYN-03714,बिजली का बिल गलत है near Chowk; residents have difficulty using this lane.,Other,Medium,Chowk,26.86096,80.911821,Other-6,train,True
SYN-03715,बिजली का बिल गलत है near Hazratganj; do din se pareshani hai.,Other,Medium,Hazratganj,26.845437,80.94816,Other-6,train,True
SYN-03716,बिजली का बिल गलत है near Gomti Nagar; do din se pareshani hai.,Other,Medium,Gomti Nagar,26.857451,81.002295,Other-6,train,True
SYN-03717,बिजली का बिल गलत है near Aliganj; do din se pareshani hai.,Other,Medium,Aliganj,26.89612,80.943461,Other-6,train,True
SYN-03718,बिजली का बिल गलत है near Alambagh; do din se pareshani hai.,Other,Medium,Alambagh,26.811162,80.900778,Other-6,train,True
SYN-03719,बिजली का बिल गलत है near Indira Nagar; do din se pareshani hai.,Other,Medium,Indira Nagar,26.883343,80.996062,Other-6,train,True
SYN-03720,बिजली का बिल गलत है near Chowk; do din se pareshani hai.,Other,Medium,Chowk,26.858176,80.911119,Other-6,train,True
SYN-03721,बिजली का बिल गलत है near Hazratganj; someone is injured and needs urgent help.,Other,High,Hazratganj,26.845491,80.944897,Other-6,train,True
SYN-03722,बिजली का बिल गलत है near Gomti Nagar; someone is injured and needs urgent help.,Other,High,Gomti Nagar,26.859542,81.004875,Other-6,train,True
SYN-03723,बिजली का बिल गलत है near Aliganj; someone is injured and needs urgent help.,Other,High,Aliganj,26.897359,80.945218,Other-6,train,True
SYN-03724,बिजली का बिल गलत है near Alambagh; someone is injured and needs urgent help.,Other,High,Alambagh,26.810714,80.900086,Other-6,train,True
SYN-03725,बिजली का बिल गलत है near Indira Nagar; someone is injured and needs urgent help.,Other,High,Indira Nagar,26.884372,80.996643,Other-6,train,True
SYN-03726,बिजली का बिल गलत है near Chowk; someone is injured and needs urgent help.,Other,High,Chowk,26.858084,80.91371,Other-6,train,True
SYN-03727,बिजली का बिल गलत है near Hazratganj; exposed live wire creates an electrocution risk.,Other,High,Hazratganj,26.846216,80.94735,Other-6,train,True
SYN-03728,बिजली का बिल गलत है near Gomti Nagar; exposed live wire creates an electrocution risk.,Other,High,Gomti Nagar,26.856444,81.005744,Other-6,train,True
SYN-03729,बिजली का बिल गलत है near Aliganj; exposed live wire creates an electrocution risk.,Other,High,Aliganj,26.89722,80.943961,Other-6,train,True
SYN-03730,बिजली का बिल गलत है near Alambagh; exposed live wire creates an electrocution risk.,Other,High,Alambagh,26.813238,80.902644,Other-6,train,True
SYN-03731,बिजली का बिल गलत है near Indira Nagar; exposed live wire creates an electrocution risk.,Other,High,Indira Nagar,26.884765,80.996908,Other-6,train,True
SYN-03732,बिजली का बिल गलत है near Chowk; exposed live wire creates an electrocution risk.,Other,High,Chowk,26.861991,80.914527,Other-6,train,True
SYN-03733,बिजली का बिल गलत है near Hazratganj; contamination is making children sick.,Other,High,Hazratganj,26.848214,80.944462,Other-6,train,True
SYN-03734,बिजली का बिल गलत है near Gomti Nagar; contamination is making children sick.,Other,High,Gomti Nagar,26.856578,81.005697,Other-6,train,True
SYN-03735,बिजली का बिल गलत है near Aliganj; contamination is making children sick.,Other,High,Aliganj,26.89918,80.943767,Other-6,train,True
SYN-03736,बिजली का बिल गलत है near Alambagh; contamination is making children sick.,Other,High,Alambagh,26.811513,80.901497,Other-6,train,True
SYN-03737,बिजली का बिल गलत है near Indira Nagar; contamination is making children sick.,Other,High,Indira Nagar,26.883398,80.996908,Other-6,train,True
SYN-03738,बिजली का बिल गलत है near Chowk; contamination is making children sick.,Other,High,Chowk,26.858978,80.911185,Other-6,train,True
SYN-03739,बिजली का बिल गलत है near Hazratganj; ambulance access is blocked.,Other,High,Hazratganj,26.847164,80.944956,Other-6,train,True
SYN-03740,बिजली का बिल गलत है near Gomti Nagar; ambulance access is blocked.,Other,High,Gomti Nagar,26.858142,81.005158,Other-6,train,True
SYN-03741,बिजली का बिल गलत है near Aliganj; ambulance access is blocked.,Other,High,Aliganj,26.897311,80.943213,Other-6,train,True
SYN-03742,बिजली का बिल गलत है near Alambagh; ambulance access is blocked.,Other,High,Alambagh,26.813182,80.903491,Other-6,train,True
SYN-03743,बिजली का बिल गलत है near Indira Nagar; ambulance access is blocked.,Other,High,Indira Nagar,26.884406,80.996874,Other-6,train,True
SYN-03744,बिजली का बिल गलत है near Chowk; ambulance access is blocked.,Other,High,Chowk,26.861543,80.911837,Other-6,train,True
SYN-03745,My pension has not arrived near Hazratganj; minor inconvenience with no immediate danger.,Other,Low,Hazratganj,26.845026,80.946083,Other-7,train,True
SYN-03746,My pension has not arrived near Gomti Nagar; minor inconvenience with no immediate danger.,Other,Low,Gomti Nagar,26.858654,81.002259,Other-7,train,True
SYN-03747,My pension has not arrived near Aliganj; minor inconvenience with no immediate danger.,Other,Low,Aliganj,26.898034,80.946005,Other-7,train,True
SYN-03748,My pension has not arrived near Alambagh; minor inconvenience with no immediate danger.,Other,Low,Alambagh,26.81258,80.902037,Other-7,train,True
SYN-03749,My pension has not arrived near Indira Nagar; minor inconvenience with no immediate danger.,Other,Low,Indira Nagar,26.882994,80.994857,Other-7,train,True
SYN-03750,My pension has not arrived near Chowk; minor inconvenience with no immediate danger.,Other,Low,Chowk,26.859287,80.912496,Other-7,train,True
SYN-03751,My pension has not arrived near Hazratganj; routine maintenance requested.,Other,Low,Hazratganj,26.847478,80.947063,Other-7,train,True
SYN-03752,My pension has not arrived near Gomti Nagar; routine maintenance requested.,Other,Low,Gomti Nagar,26.857979,81.003073,Other-7,train,True
SYN-03753,My pension has not arrived near Aliganj; routine maintenance requested.,Other,Low,Aliganj,26.897604,80.946685,Other-7,train,True
SYN-03754,My pension has not arrived near Alambagh; routine maintenance requested.,Other,Low,Alambagh,26.812336,80.900146,Other-7,train,True
SYN-03755,My pension has not arrived near Indira Nagar; routine maintenance requested.,Other,Low,Indira Nagar,26.881878,80.993812,Other-7,train,True
SYN-03756,My pension has not arrived near Chowk; routine maintenance requested.,Other,Low,Chowk,26.861453,80.912584,Other-7,train,True
SYN-03757,My pension has not arrived near Hazratganj; small issue and access remains open.,Other,Low,Hazratganj,26.845924,80.947755,Other-7,train,True
SYN-03758,My pension has not arrived near Gomti Nagar; small issue and access remains open.,Other,Low,Gomti Nagar,26.858285,81.005742,Other-7,train,True
SYN-03759,My pension has not arrived near Aliganj; small issue and access remains open.,Other,Low,Aliganj,26.897496,80.945202,Other-7,train,True
SYN-03760,My pension has not arrived near Alambagh; small issue and access remains open.,Other,Low,Alambagh,26.810537,80.900336,Other-7,train,True
SYN-03761,My pension has not arrived near Indira Nagar; small issue and access remains open.,Other,Low,Indira Nagar,26.882778,80.994406,Other-7,train,True
SYN-03762,My pension has not arrived near Chowk; small issue and access remains open.,Other,Low,Chowk,26.860336,80.912861,Other-7,train,True
SYN-03763,My pension has not arrived near Hazratganj; halki dikkat hai.,Other,Low,Hazratganj,26.847185,80.945904,Other-7,train,True
SYN-03764,My pension has not arrived near Gomti Nagar; halki dikkat hai.,Other,Low,Gomti Nagar,26.85787,81.003636,Other-7,train,True
SYN-03765,My pension has not arrived near Aliganj; halki dikkat hai.,Other,Low,Aliganj,26.899218,80.944268,Other-7,train,True
SYN-03766,My pension has not arrived near Alambagh; halki dikkat hai.,Other,Low,Alambagh,26.811529,80.900718,Other-7,train,True
SYN-03767,My pension has not arrived near Indira Nagar; halki dikkat hai.,Other,Low,Indira Nagar,26.881935,80.995581,Other-7,train,True
SYN-03768,My pension has not arrived near Chowk; halki dikkat hai.,Other,Low,Chowk,26.859436,80.91133,Other-7,train,True
SYN-03769,My pension has not arrived near Hazratganj; affecting several households for two days.,Other,Medium,Hazratganj,26.84807,80.946251,Other-7,train,True
SYN-03770,My pension has not arrived near Gomti Nagar; affecting several households for two days.,Other,Medium,Gomti Nagar,26.858575,81.005143,Other-7,train,True
SYN-03771,My pension has not arrived near Aliganj; affecting several households for two days.,Other,Medium,Aliganj,26.899706,80.943394,Other-7,train,True
SYN-03772,My pension has not arrived near Alambagh; affecting several households for two days.,Other,Medium,Alambagh,26.810285,80.900153,Other-7,train,True
SYN-03773,My pension has not arrived near Indira Nagar; affecting several households for two days.,Other,Medium,Indira Nagar,26.881801,80.993787,Other-7,train,True
SYN-03774,My pension has not arrived near Chowk; affecting several households for two days.,Other,Medium,Chowk,26.859317,80.912211,Other-7,train,True
SYN-03775,My pension has not arrived near Hazratganj; repeated problem disrupting daily use.,Other,Medium,Hazratganj,26.847962,80.946934,Other-7,train,True
SYN-03776,My pension has not arrived near Gomti Nagar; repeated problem disrupting daily use.,Other,Medium,Gomti Nagar,26.857098,81.004823,Other-7,train,True
SYN-03777,My pension has not arrived near Aliganj; repeated problem disrupting daily use.,Other,Medium,Aliganj,26.899992,80.946994,Other-7,train,True
SYN-03778,My pension has not arrived near Alambagh; repeated problem disrupting daily use.,Other,Medium,Alambagh,26.81301,80.902959,Other-7,train,True
SYN-03779,My pension has not arrived near Indira Nagar; repeated problem disrupting daily use.,Other,Medium,Indira Nagar,26.88465,80.993034,Other-7,train,True
SYN-03780,My pension has not arrived near Chowk; repeated problem disrupting daily use.,Other,Medium,Chowk,26.859198,80.914289,Other-7,train,True
SYN-03781,My pension has not arrived near Hazratganj; residents have difficulty using this lane.,Other,Medium,Hazratganj,26.847833,80.945815,Other-7,train,True
SYN-03782,My pension has not arrived near Gomti Nagar; residents have difficulty using this lane.,Other,Medium,Gomti Nagar,26.857623,81.00432,Other-7,train,True
SYN-03783,My pension has not arrived near Aliganj; residents have difficulty using this lane.,Other,Medium,Aliganj,26.898621,80.944888,Other-7,train,True
SYN-03784,My pension has not arrived near Alambagh; residents have difficulty using this lane.,Other,Medium,Alambagh,26.812051,80.903045,Other-7,train,True
SYN-03785,My pension has not arrived near Indira Nagar; residents have difficulty using this lane.,Other,Medium,Indira Nagar,26.881597,80.99459,Other-7,train,True
SYN-03786,My pension has not arrived near Chowk; residents have difficulty using this lane.,Other,Medium,Chowk,26.858908,80.913997,Other-7,train,True
SYN-03787,My pension has not arrived near Hazratganj; do din se pareshani hai.,Other,Medium,Hazratganj,26.846598,80.946263,Other-7,train,True
SYN-03788,My pension has not arrived near Gomti Nagar; do din se pareshani hai.,Other,Medium,Gomti Nagar,26.859144,81.00503,Other-7,train,True
SYN-03789,My pension has not arrived near Aliganj; do din se pareshani hai.,Other,Medium,Aliganj,26.89889,80.944846,Other-7,train,True
SYN-03790,My pension has not arrived near Alambagh; do din se pareshani hai.,Other,Medium,Alambagh,26.813168,80.901252,Other-7,train,True
SYN-03791,My pension has not arrived near Indira Nagar; do din se pareshani hai.,Other,Medium,Indira Nagar,26.881751,80.996081,Other-7,train,True
SYN-03792,My pension has not arrived near Chowk; do din se pareshani hai.,Other,Medium,Chowk,26.860792,80.911838,Other-7,train,True
SYN-03793,My pension has not arrived near Hazratganj; someone is injured and needs urgent help.,Other,High,Hazratganj,26.8465,80.946434,Other-7,train,True
SYN-03794,My pension has not arrived near Gomti Nagar; someone is injured and needs urgent help.,Other,High,Gomti Nagar,26.857499,81.00431,Other-7,train,True
SYN-03795,My pension has not arrived near Aliganj; someone is injured and needs urgent help.,Other,High,Aliganj,26.896513,80.946773,Other-7,train,True
SYN-03796,My pension has not arrived near Alambagh; someone is injured and needs urgent help.,Other,High,Alambagh,26.810039,80.903242,Other-7,train,True
SYN-03797,My pension has not arrived near Indira Nagar; someone is injured and needs urgent help.,Other,High,Indira Nagar,26.884337,80.994359,Other-7,train,True
SYN-03798,My pension has not arrived near Chowk; someone is injured and needs urgent help.,Other,High,Chowk,26.859677,80.913743,Other-7,train,True
SYN-03799,My pension has not arrived near Hazratganj; exposed live wire creates an electrocution risk.,Other,High,Hazratganj,26.846313,80.947315,Other-7,train,True
SYN-03800,My pension has not arrived near Gomti Nagar; exposed live wire creates an electrocution risk.,Other,High,Gomti Nagar,26.85815,81.003304,Other-7,train,True
SYN-03801,My pension has not arrived near Aliganj; exposed live wire creates an electrocution risk.,Other,High,Aliganj,26.896093,80.946141,Other-7,train,True
SYN-03802,My pension has not arrived near Alambagh; exposed live wire creates an electrocution risk.,Other,High,Alambagh,26.813689,80.900615,Other-7,train,True
SYN-03803,My pension has not arrived near Indira Nagar; exposed live wire creates an electrocution risk.,Other,High,Indira Nagar,26.884811,80.994321,Other-7,train,True
SYN-03804,My pension has not arrived near Chowk; exposed live wire creates an electrocution risk.,Other,High,Chowk,26.860519,80.913412,Other-7,train,True
SYN-03805,My pension has not arrived near Hazratganj; contamination is making children sick.,Other,High,Hazratganj,26.847131,80.947668,Other-7,train,True
SYN-03806,My pension has not arrived near Gomti Nagar; contamination is making children sick.,Other,High,Gomti Nagar,26.859921,81.002817,Other-7,train,True
SYN-03807,My pension has not arrived near Aliganj; contamination is making children sick.,Other,High,Aliganj,26.897563,80.945138,Other-7,train,True
SYN-03808,My pension has not arrived near Alambagh; contamination is making children sick.,Other,High,Alambagh,26.810753,80.900435,Other-7,train,True
SYN-03809,My pension has not arrived near Indira Nagar; contamination is making children sick.,Other,High,Indira Nagar,26.883278,80.994806,Other-7,train,True
SYN-03810,My pension has not arrived near Chowk; contamination is making children sick.,Other,High,Chowk,26.861579,80.911373,Other-7,train,True
SYN-03811,My pension has not arrived near Hazratganj; ambulance access is blocked.,Other,High,Hazratganj,26.845117,80.946412,Other-7,train,True
SYN-03812,My pension has not arrived near Gomti Nagar; ambulance access is blocked.,Other,High,Gomti Nagar,26.856128,81.004756,Other-7,train,True
SYN-03813,My pension has not arrived near Aliganj; ambulance access is blocked.,Other,High,Aliganj,26.897954,80.943747,Other-7,train,True
SYN-03814,My pension has not arrived near Alambagh; ambulance access is blocked.,Other,High,Alambagh,26.810278,80.903852,Other-7,train,True
SYN-03815,My pension has not arrived near Indira Nagar; ambulance access is blocked.,Other,High,Indira Nagar,26.882135,80.993932,Other-7,train,True
SYN-03816,My pension has not arrived near Chowk; ambulance access is blocked.,Other,High,Chowk,26.860638,80.91128,Other-7,train,True
SYN-03817,Private apartment lift is broken near Hazratganj; सामान्य रखरखाव चाहिए.,Other,Low,Hazratganj,26.84493,80.946274,Other-8,validation,True
SYN-03818,Private apartment lift is broken near Gomti Nagar; सामान्य रखरखाव चाहिए.,Other,Low,Gomti Nagar,26.856687,81.005439,Other-8,validation,True
SYN-03819,Private apartment lift is broken near Aliganj; सामान्य रखरखाव चाहिए.,Other,Low,Aliganj,26.897643,80.943628,Other-8,validation,True
SYN-03820,Private apartment lift is broken near Alambagh; सामान्य रखरखाव चाहिए.,Other,Low,Alambagh,26.810443,80.902146,Other-8,validation,True
SYN-03821,Private apartment lift is broken near Indira Nagar; सामान्य रखरखाव चाहिए.,Other,Low,Indira Nagar,26.882913,80.993275,Other-8,validation,True
SYN-03822,Private apartment lift is broken near Chowk; सामान्य रखरखाव चाहिए.,Other,Low,Chowk,26.86182,80.914463,Other-8,validation,True
SYN-03823,Private apartment lift is broken near Hazratganj; दो दिन से परेशानी है.,Other,Medium,Hazratganj,26.84522,80.945023,Other-8,validation,True
SYN-03824,Private apartment lift is broken near Gomti Nagar; दो दिन से परेशानी है.,Other,Medium,Gomti Nagar,26.857729,81.004839,Other-8,validation,True
SYN-03825,Private apartment lift is broken near Aliganj; दो दिन से परेशानी है.,Other,Medium,Aliganj,26.897899,80.945415,Other-8,validation,True
SYN-03826,Private apartment lift is broken near Alambagh; दो दिन से परेशानी है.,Other,Medium,Alambagh,26.813757,80.90235,Other-8,validation,True
SYN-03827,Private apartment lift is broken near Indira Nagar; दो दिन से परेशानी है.,Other,Medium,Indira Nagar,26.88301,80.995739,Other-8,validation,True
SYN-03828,Private apartment lift is broken near Chowk; दो दिन से परेशानी है.,Other,Medium,Chowk,26.859102,80.91103,Other-8,validation,True
SYN-03829,Private apartment lift is broken near Hazratganj; तुरंत खतरा है लोग घायल हैं.,Other,High,Hazratganj,26.845271,80.944456,Other-8,validation,True
SYN-03830,Private apartment lift is broken near Gomti Nagar; तुरंत खतरा है लोग घायल हैं.,Other,High,Gomti Nagar,26.857597,81.00523,Other-8,validation,True
SYN-03831,Private apartment lift is broken near Aliganj; तुरंत खतरा है लोग घायल हैं.,Other,High,Aliganj,26.898103,80.946641,Other-8,validation,True
SYN-03832,Private apartment lift is broken near Alambagh; तुरंत खतरा है लोग घायल हैं.,Other,High,Alambagh,26.813517,80.901841,Other-8,validation,True
SYN-03833,Private apartment lift is broken near Indira Nagar; तुरंत खतरा है लोग घायल हैं.,Other,High,Indira Nagar,26.883305,80.995949,Other-8,validation,True
SYN-03834,Private apartment lift is broken near Chowk; तुरंत खतरा है लोग घायल हैं.,Other,High,Chowk,26.859152,80.914524,Other-8,validation,True
SYN-03835,Land ownership dispute needs help near Hazratganj; सामान्य रखरखाव चाहिए.,Other,Low,Hazratganj,26.846525,80.947001,Other-9,validation,True
SYN-03836,Land ownership dispute needs help near Gomti Nagar; सामान्य रखरखाव चाहिए.,Other,Low,Gomti Nagar,26.858847,81.00319,Other-9,validation,True
SYN-03837,Land ownership dispute needs help near Aliganj; सामान्य रखरखाव चाहिए.,Other,Low,Aliganj,26.898452,80.94624,Other-9,validation,True
SYN-03838,Land ownership dispute needs help near Alambagh; सामान्य रखरखाव चाहिए.,Other,Low,Alambagh,26.810701,80.900997,Other-9,validation,True
SYN-03839,Land ownership dispute needs help near Indira Nagar; सामान्य रखरखाव चाहिए.,Other,Low,Indira Nagar,26.8846,80.995933,Other-9,validation,True
SYN-03840,Land ownership dispute needs help near Chowk; सामान्य रखरखाव चाहिए.,Other,Low,Chowk,26.859831,80.914643,Other-9,validation,True
SYN-03841,Land ownership dispute needs help near Hazratganj; दो दिन से परेशानी है.,Other,Medium,Hazratganj,26.845434,80.946474,Other-9,validation,True
SYN-03842,Land ownership dispute needs help near Gomti Nagar; दो दिन से परेशानी है.,Other,Medium,Gomti Nagar,26.857574,81.005783,Other-9,validation,True
SYN-03843,Land ownership dispute needs help near Aliganj; दो दिन से परेशानी है.,Other,Medium,Aliganj,26.896959,80.946482,Other-9,validation,True
SYN-03844,Land ownership dispute needs help near Alambagh; दो दिन से परेशानी है.,Other,Medium,Alambagh,26.811095,80.902512,Other-9,validation,True
SYN-03845,Land ownership dispute needs help near Indira Nagar; दो दिन से परेशानी है.,Other,Medium,Indira Nagar,26.882168,80.996665,Other-9,validation,True
SYN-03846,Land ownership dispute needs help near Chowk; दो दिन से परेशानी है.,Other,Medium,Chowk,26.860792,80.91389,Other-9,validation,True
SYN-03847,Land ownership dispute needs help near Hazratganj; तुरंत खतरा है लोग घायल हैं.,Other,High,Hazratganj,26.845569,80.946174,Other-9,validation,True
SYN-03848,Land ownership dispute needs help near Gomti Nagar; तुरंत खतरा है लोग घायल हैं.,Other,High,Gomti Nagar,26.85997,81.004211,Other-9,validation,True
SYN-03849,Land ownership dispute needs help near Aliganj; तुरंत खतरा है लोग घायल हैं.,Other,High,Aliganj,26.899981,80.943306,Other-9,validation,True
SYN-03850,Land ownership dispute needs help near Alambagh; तुरंत खतरा है लोग घायल हैं.,Other,High,Alambagh,26.810421,80.903066,Other-9,validation,True
SYN-03851,Land ownership dispute needs help near Indira Nagar; तुरंत खतरा है लोग घायल हैं.,Other,High,Indira Nagar,26.882304,80.994804,Other-9,validation,True
SYN-03852,Land ownership dispute needs help near Chowk; तुरंत खतरा है लोग घायल हैं.,Other,High,Chowk,26.859011,80.913024,Other-9,validation,True
SYN-03853,Ration card nahi mila near Hazratganj; please schedule a routine inspection.,Other,Low,Hazratganj,26.846549,80.944493,Other-10,test,True
SYN-03854,Ration card nahi mila near Gomti Nagar; please schedule a routine inspection.,Other,Low,Gomti Nagar,26.858778,81.004999,Other-10,test,True
SYN-03855,Ration card nahi mila near Aliganj; please schedule a routine inspection.,Other,Low,Aliganj,26.897525,80.945984,Other-10,test,True
SYN-03856,Ration card nahi mila near Alambagh; please schedule a routine inspection.,Other,Low,Alambagh,26.813423,80.901587,Other-10,test,True
SYN-03857,Ration card nahi mila near Indira Nagar; please schedule a routine inspection.,Other,Low,Indira Nagar,26.881043,80.993459,Other-10,test,True
SYN-03858,Ration card nahi mila near Chowk; please schedule a routine inspection.,Other,Low,Chowk,26.861669,80.912308,Other-10,test,True
SYN-03859,Ration card nahi mila near Hazratganj; daily activities are being disrupted.,Other,Medium,Hazratganj,26.847695,80.946139,Other-10,test,True
SYN-03860,Ration card nahi mila near Gomti Nagar; daily activities are being disrupted.,Other,Medium,Gomti Nagar,26.856273,81.004194,Other-10,test,True
SYN-03861,Ration card nahi mila near Aliganj; daily activities are being disrupted.,Other,Medium,Aliganj,26.896969,80.9468,Other-10,test,True
SYN-03862,Ration card nahi mila near Alambagh; daily activities are being disrupted.,Other,Medium,Alambagh,26.810561,80.903282,Other-10,test,True
SYN-03863,Ration card nahi mila near Indira Nagar; daily activities are being disrupted.,Other,Medium,Indira Nagar,26.884366,80.993682,Other-10,test,True
SYN-03864,Ration card nahi mila near Chowk; daily activities are being disrupted.,Other,Medium,Chowk,26.858072,80.911402,Other-10,test,True
SYN-03865,Ration card nahi mila near Hazratganj; immediate danger to residents.,Other,High,Hazratganj,26.845877,80.946339,Other-10,test,True
SYN-03866,Ration card nahi mila near Gomti Nagar; immediate danger to residents.,Other,High,Gomti Nagar,26.857563,81.00231,Other-10,test,True
SYN-03867,Ration card nahi mila near Aliganj; immediate danger to residents.,Other,High,Aliganj,26.899054,80.94571,Other-10,test,True
SYN-03868,Ration card nahi mila near Alambagh; immediate danger to residents.,Other,High,Alambagh,26.810614,80.901432,Other-10,test,True
SYN-03869,Ration card nahi mila near Indira Nagar; immediate danger to residents.,Other,High,Indira Nagar,26.881867,80.993138,Other-10,test,True
SYN-03870,Ration card nahi mila near Chowk; immediate danger to residents.,Other,High,Chowk,26.8607,80.911865,Other-10,test,True
SYN-03871,राशन कार्ड नहीं मिला near Hazratganj; please schedule a routine inspection.,Other,Low,Hazratganj,26.847487,80.947546,Other-11,test,True
SYN-03872,राशन कार्ड नहीं मिला near Gomti Nagar; please schedule a routine inspection.,Other,Low,Gomti Nagar,26.859246,81.004564,Other-11,test,True
SYN-03873,राशन कार्ड नहीं मिला near Aliganj; please schedule a routine inspection.,Other,Low,Aliganj,26.898866,80.946588,Other-11,test,True
SYN-03874,राशन कार्ड नहीं मिला near Alambagh; please schedule a routine inspection.,Other,Low,Alambagh,26.811562,80.901233,Other-11,test,True
SYN-03875,राशन कार्ड नहीं मिला near Indira Nagar; please schedule a routine inspection.,Other,Low,Indira Nagar,26.88121,80.993019,Other-11,test,True
SYN-03876,राशन कार्ड नहीं मिला near Chowk; please schedule a routine inspection.,Other,Low,Chowk,26.86109,80.914068,Other-11,test,True
SYN-03877,राशन कार्ड नहीं मिला near Hazratganj; daily activities are being disrupted.,Other,Medium,Hazratganj,26.848415,80.945699,Other-11,test,True
SYN-03878,राशन कार्ड नहीं मिला near Gomti Nagar; daily activities are being disrupted.,Other,Medium,Gomti Nagar,26.856954,81.002366,Other-11,test,True
SYN-03879,राशन कार्ड नहीं मिला near Aliganj; daily activities are being disrupted.,Other,Medium,Aliganj,26.897687,80.946957,Other-11,test,True
SYN-03880,राशन कार्ड नहीं मिला near Alambagh; daily activities are being disrupted.,Other,Medium,Alambagh,26.811348,80.900769,Other-11,test,True
SYN-03881,राशन कार्ड नहीं मिला near Indira Nagar; daily activities are being disrupted.,Other,Medium,Indira Nagar,26.883676,80.993882,Other-11,test,True
SYN-03882,राशन कार्ड नहीं मिला near Chowk; daily activities are being disrupted.,Other,Medium,Chowk,26.861529,80.914188,Other-11,test,True
SYN-03883,राशन कार्ड नहीं मिला near Hazratganj; immediate danger to residents.,Other,High,Hazratganj,26.848022,80.944872,Other-11,test,True
SYN-03884,राशन कार्ड नहीं मिला near Gomti Nagar; immediate danger to residents.,Other,High,Gomti Nagar,26.856668,81.003663,Other-11,test,True
SYN-03885,राशन कार्ड नहीं मिला near Aliganj; immediate danger to residents.,Other,High,Aliganj,26.896431,80.944309,Other-11,test,True
SYN-03886,राशन कार्ड नहीं मिला near Alambagh; immediate danger to residents.,Other,High,Alambagh,26.812248,80.900758,Other-11,test,True
SYN-03887,राशन कार्ड नहीं मिला near Indira Nagar; immediate danger to residents.,Other,High,Indira Nagar,26.881828,80.995167,Other-11,test,True
SYN-03888,राशन कार्ड नहीं मिला near Chowk; immediate danger to residents.,Other,High,Chowk,26.861756,80.911483,Other-11,test,True
